{
"type": "FeatureCollection",
"name": "dubai-mini",
"crs": { "type": "name", "properties": { "name": "urn:ogc:def:crs:OGC:1.3:CRS84" } },
"features": [
{ "type": "Feature", "properties": { "full_id": "r15483822", "osm_id": "15483822", "osm_type": "relation", "building": "residential", "height": null, "wikidata": null, "website": null, "phone": null, "name:en": null, "name": null, "addr:street": null, "building:levels": null, "type": "multipolygon" }, "geometry": { "type": "MultiPolygon", "coordinates": [ [ [ [ 55.1856723, 25.0989873 ], [ 55.1858604, 25.0988446 ], [ 55.1856217, 25.0985867 ], [ 55.1854336, 25.0987294 ], [ 55.1856723, 25.0989873 ] ], [ [ 55.1855439, 25.0987439 ], [ 55.185613, 25.0988228 ], [ 55.1856895, 25.0987716 ], [ 55.1856572, 25.0987372 ], [ 55.1856337, 25.0987317 ], [ 55.1856324, 25.0987068 ], [ 55.1856144, 25.0986933 ], [ 55.1855439, 25.0987439 ] ] ] ] } },
{ "type": "Feature", "properties": { "full_id": "w521062282", "osm_id": "521062282", "osm_type": "way", "building": "yes", "height": null, "wikidata": null, "website": null, "phone": null, "name:en": null, "name": null, "addr:street": null, "building:levels": null, "type": null }, "geometry": { "type": "MultiPolygon", "coordinates": [ [ [ [ 55.1861655, 25.0992224 ], [ 55.1863069, 25.0992413 ], [ 55.1863118, 25.0992111 ], [ 55.18638, 25.0992202 ], [ 55.1863946, 25.0991303 ], [ 55.1863762, 25.0991278 ], [ 55.1863788, 25.0991119 ], [ 55.1863421, 25.099107 ], [ 55.1863518, 25.099047 ], [ 55.1862373, 25.0990317 ], [ 55.1862279, 25.0990897 ], [ 55.1861879, 25.0990844 ], [ 55.1861655, 25.0992224 ] ] ] ] } },
{ "type": "Feature", "properties": { "full_id": "w521062283", "osm_id": "521062283", "osm_type": "way", "building": "residential", "height": null, "wikidata": null, "website": null, "phone": null, "name:en": null, "name": null, "addr:street": null, "building:levels": null, "type": null }, "geometry": { "type": "MultiPolygon", "coordinates": [ [ [ [ 55.1863697, 25.0996323 ], [ 55.1862532, 25.0994938 ], [ 55.186106, 25.0995963 ], [ 55.1861088, 25.099623 ], [ 55.1861194, 25.0996408 ], [ 55.18613, 25.0996443 ], [ 55.1861442, 25.0996406 ], [ 55.1861473, 25.099668 ], [ 55.1861644, 25.0996848 ], [ 55.1861802, 25.0996865 ], [ 55.1861814, 25.0997089 ], [ 55.1861936, 25.0997237 ], [ 55.1862208, 25.0997321 ], [ 55.1863697, 25.0996323 ] ] ] ] } },
{ "type": "Feature", "properties": { "full_id": "w521062284", "osm_id": "521062284", "osm_type": "way", "building": "residential", "height": null, "wikidata": null, "website": null, "phone": null, "name:en": null, "name": null, "addr:street": null, "building:levels": null, "type": null }, "geometry": { "type": "MultiPolygon", "coordinates": [ [ [ [ 55.1864594, 25.099585 ], [ 55.1865038, 25.0995536 ], [ 55.1864907, 25.0995385 ], [ 55.1865403, 25.0995034 ], [ 55.1864918, 25.0994472 ], [ 55.1865218, 25.099426 ], [ 55.1864629, 25.0993578 ], [ 55.186339, 25.0994454 ], [ 55.1864594, 25.099585 ] ] ] ] } },
{ "type": "Feature", "properties": { "full_id": "w521062285", "osm_id": "521062285", "osm_type": "way", "building": "residential", "height": null, "wikidata": null, "website": null, "phone": null, "name:en": null, "name": null, "addr:street": null, "building:levels": null, "type": null }, "geometry": { "type": "MultiPolygon", "coordinates": [ [ [ [ 55.1864518, 25.0998069 ], [ 55.186321, 25.0998041 ], [ 55.1863199, 25.0998685 ], [ 55.1863638, 25.0999242 ], [ 55.1864488, 25.0999252 ], [ 55.1864518, 25.0998069 ] ] ] ] } },
{ "type": "Feature", "properties": { "full_id": "w521062286", "osm_id": "521062286", "osm_type": "way", "building": "residential", "height": null, "wikidata": null, "website": null, "phone": null, "name:en": null, "name": null, "addr:street": null, "building:levels": null, "type": null }, "geometry": { "type": "MultiPolygon", "coordinates": [ [ [ [ 55.1866429, 25.0997893 ], [ 55.1867236, 25.0997335 ], [ 55.1865996, 25.0995864 ], [ 55.1865189, 25.0996422 ], [ 55.1866429, 25.0997893 ] ] ] ] } },
{ "type": "Feature", "properties": { "full_id": "w521062287", "osm_id": "521062287", "osm_type": "way", "building": "residential", "height": null, "wikidata": null, "website": null, "phone": null, "name:en": null, "name": null, "addr:street": null, "building:levels": null, "type": null }, "geometry": { "type": "MultiPolygon", "coordinates": [ [ [ [ 55.1868862, 25.0999895 ], [ 55.1870809, 25.099856 ], [ 55.1870261, 25.0997905 ], [ 55.1869851, 25.0998186 ], [ 55.1868949, 25.0997108 ], [ 55.1867379, 25.0998185 ], [ 55.1867902, 25.0998811 ], [ 55.1868122, 25.099866 ], [ 55.186855, 25.0999173 ], [ 55.1868364, 25.09993 ], [ 55.1868862, 25.0999895 ] ] ] ] } },
{ "type": "Feature", "properties": { "full_id": "w521062288", "osm_id": "521062288", "osm_type": "way", "building": "residential", "height": null, "wikidata": null, "website": null, "phone": null, "name:en": null, "name": null, "addr:street": null, "building:levels": null, "type": null }, "geometry": { "type": "MultiPolygon", "coordinates": [ [ [ [ 55.1865259, 25.1002124 ], [ 55.186676, 25.1001045 ], [ 55.186575, 25.0999893 ], [ 55.1865133, 25.1000337 ], [ 55.186488, 25.1000048 ], [ 55.1864149, 25.1000574 ], [ 55.1864275, 25.1000717 ], [ 55.1863759, 25.1001087 ], [ 55.1864253, 25.100165 ], [ 55.1864615, 25.100139 ], [ 55.1865259, 25.1002124 ] ] ] ] } },
{ "type": "Feature", "properties": { "full_id": "w521062289", "osm_id": "521062289", "osm_type": "way", "building": "residential", "height": null, "wikidata": null, "website": null, "phone": null, "name:en": null, "name": null, "addr:street": null, "building:levels": null, "type": null }, "geometry": { "type": "MultiPolygon", "coordinates": [ [ [ [ 55.1868764, 25.1002595 ], [ 55.1867742, 25.1001455 ], [ 55.1866391, 25.1002448 ], [ 55.1867016, 25.1003145 ], [ 55.1867571, 25.1002736 ], [ 55.1867969, 25.100318 ], [ 55.1868764, 25.1002595 ] ] ] ] } },
{ "type": "Feature", "properties": { "full_id": "w521062290", "osm_id": "521062290", "osm_type": "way", "building": "residential", "height": null, "wikidata": null, "website": null, "phone": null, "name:en": null, "name": null, "addr:street": null, "building:levels": null, "type": null }, "geometry": { "type": "MultiPolygon", "coordinates": [ [ [ [ 55.1870235, 25.1002387 ], [ 55.1871738, 25.1001298 ], [ 55.1870275, 25.0999643 ], [ 55.1868772, 25.1000731 ], [ 55.1870235, 25.1002387 ] ] ] ] } },
{ "type": "Feature", "properties": { "full_id": "w521062291", "osm_id": "521062291", "osm_type": "way", "building": "residential", "height": null, "wikidata": null, "website": null, "phone": null, "name:en": null, "name": null, "addr:street": null, "building:levels": null, "type": null }, "geometry": { "type": "MultiPolygon", "coordinates": [ [ [ [ 55.1869159, 25.1006206 ], [ 55.1870695, 25.1005094 ], [ 55.1869628, 25.1003886 ], [ 55.1868093, 25.1004999 ], [ 55.1869159, 25.1006206 ] ] ] ] } },
{ "type": "Feature", "properties": { "full_id": "w521062292", "osm_id": "521062292", "osm_type": "way", "building": "residential", "height": null, "wikidata": null, "website": null, "phone": null, "name:en": null, "name": null, "addr:street": null, "building:levels": null, "type": null }, "geometry": { "type": "MultiPolygon", "coordinates": [ [ [ [ 55.1875998, 25.1006117 ], [ 55.1875496, 25.1005549 ], [ 55.1875623, 25.1005456 ], [ 55.1875231, 25.1005012 ], [ 55.1874789, 25.1005332 ], [ 55.1874254, 25.1004726 ], [ 55.187349, 25.1005279 ], [ 55.1874402, 25.1006312 ], [ 55.187407, 25.1006552 ], [ 55.1874588, 25.1007139 ], [ 55.1875998, 25.1006117 ] ] ] ] } },
{ "type": "Feature", "properties": { "full_id": "w521062293", "osm_id": "521062293", "osm_type": "way", "building": "residential", "height": null, "wikidata": null, "website": null, "phone": null, "name:en": null, "name": null, "addr:street": null, "building:levels": null, "type": null }, "geometry": { "type": "MultiPolygon", "coordinates": [ [ [ [ 55.1871626, 25.1009165 ], [ 55.1872988, 25.1008178 ], [ 55.1872503, 25.1007629 ], [ 55.1872202, 25.1007847 ], [ 55.1871285, 25.1006808 ], [ 55.1870483, 25.1007389 ], [ 55.1870992, 25.1007965 ], [ 55.1870626, 25.1008231 ], [ 55.1871055, 25.1008716 ], [ 55.1871161, 25.1008639 ], [ 55.1871626, 25.1009165 ] ] ] ] } },
{ "type": "Feature", "properties": { "full_id": "w521062294", "osm_id": "521062294", "osm_type": "way", "building": "residential", "height": null, "wikidata": null, "website": null, "phone": null, "name:en": null, "name": null, "addr:street": null, "building:levels": null, "type": null }, "geometry": { "type": "MultiPolygon", "coordinates": [ [ [ [ 55.1874058, 25.1010847 ], [ 55.1875154, 25.1010031 ], [ 55.1874474, 25.1009282 ], [ 55.1874215, 25.1009475 ], [ 55.1873963, 25.1009197 ], [ 55.1874099, 25.1009095 ], [ 55.1873542, 25.1008481 ], [ 55.1872568, 25.1009206 ], [ 55.1874058, 25.1010847 ] ] ] ] } },
{ "type": "Feature", "properties": { "full_id": "w521062295", "osm_id": "521062295", "osm_type": "way", "building": "residential", "height": null, "wikidata": null, "website": null, "phone": null, "name:en": null, "name": null, "addr:street": null, "building:levels": null, "type": null }, "geometry": { "type": "MultiPolygon", "coordinates": [ [ [ [ 55.1875981, 25.1012994 ], [ 55.1877052, 25.1012201 ], [ 55.1876366, 25.1011442 ], [ 55.1876095, 25.1011643 ], [ 55.1875821, 25.101134 ], [ 55.1875912, 25.1011272 ], [ 55.187538, 25.1010682 ], [ 55.1874489, 25.1011342 ], [ 55.1875981, 25.1012994 ] ] ] ] } },
{ "type": "Feature", "properties": { "full_id": "w521062296", "osm_id": "521062296", "osm_type": "way", "building": "residential", "height": null, "wikidata": null, "website": null, "phone": null, "name:en": null, "name": null, "addr:street": null, "building:levels": null, "type": null }, "geometry": { "type": "MultiPolygon", "coordinates": [ [ [ [ 55.1878352, 25.1011364 ], [ 55.1879567, 25.1010484 ], [ 55.1878445, 25.1009214 ], [ 55.187723, 25.1010095 ], [ 55.1878352, 25.1011364 ] ] ] ] } },
{ "type": "Feature", "properties": { "full_id": "w521062297", "osm_id": "521062297", "osm_type": "way", "building": "residential", "height": null, "wikidata": null, "website": null, "phone": null, "name:en": null, "name": null, "addr:street": null, "building:levels": null, "type": null }, "geometry": { "type": "MultiPolygon", "coordinates": [ [ [ [ 55.1890315, 25.1017292 ], [ 55.1890164, 25.1018769 ], [ 55.189052, 25.1019088 ], [ 55.1891465, 25.1019165 ], [ 55.1891831, 25.1018593 ], [ 55.1892059, 25.1018587 ], [ 55.1892107, 25.1017947 ], [ 55.1892391, 25.101797 ], [ 55.1892429, 25.1017486 ], [ 55.1890315, 25.1017292 ] ] ] ] } },
{ "type": "Feature", "properties": { "full_id": "w521062298", "osm_id": "521062298", "osm_type": "way", "building": "residential", "height": null, "wikidata": null, "website": null, "phone": null, "name:en": null, "name": null, "addr:street": null, "building:levels": null, "type": null }, "geometry": { "type": "MultiPolygon", "coordinates": [ [ [ [ 55.1888817, 25.1021523 ], [ 55.1890689, 25.1020107 ], [ 55.1889092, 25.1018377 ], [ 55.1887221, 25.1019793 ], [ 55.1888817, 25.1021523 ] ] ] ] } },
{ "type": "Feature", "properties": { "full_id": "w521062299", "osm_id": "521062299", "osm_type": "way", "building": "residential", "height": null, "wikidata": null, "website": null, "phone": null, "name:en": null, "name": null, "addr:street": null, "building:levels": null, "type": null }, "geometry": { "type": "MultiPolygon", "coordinates": [ [ [ [ 55.1883654, 25.1024245 ], [ 55.1884694, 25.1023561 ], [ 55.1884711, 25.1022921 ], [ 55.1884169, 25.1022831 ], [ 55.1883806, 25.1022388 ], [ 55.1882667, 25.1023097 ], [ 55.1883654, 25.1024245 ] ] ] ] } },
{ "type": "Feature", "properties": { "full_id": "w521062300", "osm_id": "521062300", "osm_type": "way", "building": "residential", "height": null, "wikidata": null, "website": null, "phone": null, "name:en": null, "name": null, "addr:street": null, "building:levels": null, "type": null }, "geometry": { "type": "MultiPolygon", "coordinates": [ [ [ [ 55.1886125, 25.1023096 ], [ 55.1886421, 25.1022807 ], [ 55.1886785, 25.1022805 ], [ 55.1886931, 25.1022477 ], [ 55.188736, 25.1022205 ], [ 55.1886131, 25.1020854 ], [ 55.1884923, 25.1021754 ], [ 55.1886125, 25.1023096 ] ] ] ] } },
{ "type": "Feature", "properties": { "full_id": "w521062301", "osm_id": "521062301", "osm_type": "way", "building": "residential", "height": null, "wikidata": null, "website": null, "phone": null, "name:en": null, "name": null, "addr:street": null, "building:levels": null, "type": null }, "geometry": { "type": "MultiPolygon", "coordinates": [ [ [ [ 55.1890049, 25.1014252 ], [ 55.1890406, 25.1013993 ], [ 55.1890653, 25.101427 ], [ 55.1891487, 25.1013662 ], [ 55.1891267, 25.1013414 ], [ 55.1891908, 25.1012947 ], [ 55.189104, 25.101197 ], [ 55.1890021, 25.1012711 ], [ 55.1890227, 25.1012943 ], [ 55.1889413, 25.1013536 ], [ 55.1890049, 25.1014252 ] ] ] ] } },
{ "type": "Feature", "properties": { "full_id": "w521062302", "osm_id": "521062302", "osm_type": "way", "building": "residential", "height": null, "wikidata": null, "website": null, "phone": null, "name:en": null, "name": null, "addr:street": null, "building:levels": null, "type": null }, "geometry": { "type": "MultiPolygon", "coordinates": [ [ [ [ 55.1887593, 25.1016035 ], [ 55.1887932, 25.1015784 ], [ 55.1888147, 25.1016022 ], [ 55.1888935, 25.1015437 ], [ 55.1888716, 25.1015195 ], [ 55.1889423, 25.1014672 ], [ 55.1888558, 25.1013714 ], [ 55.188753, 25.1014476 ], [ 55.1887814, 25.101479 ], [ 55.1887007, 25.1015387 ], [ 55.1887593, 25.1016035 ] ] ] ] } },
{ "type": "Feature", "properties": { "full_id": "w521062303", "osm_id": "521062303", "osm_type": "way", "building": "residential", "height": null, "wikidata": null, "website": null, "phone": null, "name:en": null, "name": null, "addr:street": null, "building:levels": null, "type": null }, "geometry": { "type": "MultiPolygon", "coordinates": [ [ [ [ 55.1885585, 25.101773 ], [ 55.1887063, 25.1016645 ], [ 55.1886129, 25.1015602 ], [ 55.1884651, 25.1016688 ], [ 55.1885585, 25.101773 ] ] ] ] } },
{ "type": "Feature", "properties": { "full_id": "w521062304", "osm_id": "521062304", "osm_type": "way", "building": "residential", "height": null, "wikidata": null, "website": null, "phone": null, "name:en": null, "name": null, "addr:street": null, "building:levels": null, "type": null }, "geometry": { "type": "MultiPolygon", "coordinates": [ [ [ [ 55.1883198, 25.1019516 ], [ 55.1884676, 25.101843 ], [ 55.1883743, 25.1017388 ], [ 55.1882264, 25.1018474 ], [ 55.1883198, 25.1019516 ] ] ] ] } },
{ "type": "Feature", "properties": { "full_id": "w521062305", "osm_id": "521062305", "osm_type": "way", "building": "residential", "height": null, "wikidata": null, "website": null, "phone": null, "name:en": null, "name": null, "addr:street": null, "building:levels": null, "type": null }, "geometry": { "type": "MultiPolygon", "coordinates": [ [ [ [ 55.1880927, 25.1021429 ], [ 55.1882383, 25.1020318 ], [ 55.1881428, 25.1019292 ], [ 55.1879972, 25.1020403 ], [ 55.1880927, 25.1021429 ] ] ] ] } },
{ "type": "Feature", "properties": { "full_id": "w521062306", "osm_id": "521062306", "osm_type": "way", "building": "yes", "height": null, "wikidata": null, "website": null, "phone": null, "name:en": null, "name": null, "addr:street": null, "building:levels": null, "type": null }, "geometry": { "type": "MultiPolygon", "coordinates": [ [ [ [ 55.1881659, 25.1027625 ], [ 55.1882895, 25.1026757 ], [ 55.1881965, 25.1025671 ], [ 55.1880729, 25.1026539 ], [ 55.1881659, 25.1027625 ] ] ] ] } },
{ "type": "Feature", "properties": { "full_id": "w521062307", "osm_id": "521062307", "osm_type": "way", "building": "residential", "height": null, "wikidata": null, "website": null, "phone": null, "name:en": null, "name": null, "addr:street": null, "building:levels": null, "type": null }, "geometry": { "type": "MultiPolygon", "coordinates": [ [ [ [ 55.1879005, 25.1024167 ], [ 55.1877592, 25.1022747 ], [ 55.1876164, 25.1023913 ], [ 55.1876773, 25.1024525 ], [ 55.1876479, 25.1024765 ], [ 55.1877283, 25.1025572 ], [ 55.1879005, 25.1024167 ] ] ] ] } },
{ "type": "Feature", "properties": { "full_id": "w521062308", "osm_id": "521062308", "osm_type": "way", "building": "residential", "height": null, "wikidata": null, "website": null, "phone": null, "name:en": null, "name": null, "addr:street": null, "building:levels": null, "type": null }, "geometry": { "type": "MultiPolygon", "coordinates": [ [ [ [ 55.1874544, 25.102753 ], [ 55.1873004, 25.1026019 ], [ 55.1871528, 25.1027252 ], [ 55.1872193, 25.1027904 ], [ 55.1871931, 25.1028123 ], [ 55.1872806, 25.1028982 ], [ 55.1874544, 25.102753 ] ] ] ] } },
{ "type": "Feature", "properties": { "full_id": "w521062309", "osm_id": "521062309", "osm_type": "way", "building": "residential", "height": null, "wikidata": null, "website": null, "phone": null, "name:en": null, "name": null, "addr:street": null, "building:levels": null, "type": null }, "geometry": { "type": "MultiPolygon", "coordinates": [ [ [ [ 55.1874625, 25.1024129 ], [ 55.1876135, 25.1023082 ], [ 55.1875733, 25.1022666 ], [ 55.1875168, 25.1022217 ], [ 55.1874547, 25.1022231 ], [ 55.187385, 25.1022509 ], [ 55.187349, 25.1022802 ], [ 55.1874625, 25.1024129 ] ] ] ] } },
{ "type": "Feature", "properties": { "full_id": "w521062310", "osm_id": "521062310", "osm_type": "way", "building": "residential", "height": null, "wikidata": null, "website": null, "phone": null, "name:en": null, "name": null, "addr:street": null, "building:levels": null, "type": null }, "geometry": { "type": "MultiPolygon", "coordinates": [ [ [ [ 55.1873476, 25.1024959 ], [ 55.1872261, 25.1023561 ], [ 55.1871956, 25.1023798 ], [ 55.187139, 25.1024419 ], [ 55.1871352, 25.1024952 ], [ 55.1871758, 25.1025687 ], [ 55.1871976, 25.1026001 ], [ 55.1873476, 25.1024959 ] ] ] ] } },
{ "type": "Feature", "properties": { "full_id": "w521062312", "osm_id": "521062312", "osm_type": "way", "building": "residential", "height": null, "wikidata": null, "website": null, "phone": null, "name:en": null, "name": null, "addr:street": null, "building:levels": null, "type": null }, "geometry": { "type": "MultiPolygon", "coordinates": [ [ [ [ 55.1872317, 25.1021303 ], [ 55.1873331, 25.1020569 ], [ 55.1873201, 25.1020422 ], [ 55.187334, 25.1020064 ], [ 55.1873234, 25.1019728 ], [ 55.1873362, 25.1019635 ], [ 55.1872786, 25.1018984 ], [ 55.187125, 25.1020096 ], [ 55.1872317, 25.1021303 ] ] ] ] } },
{ "type": "Feature", "properties": { "full_id": "w521062314", "osm_id": "521062314", "osm_type": "way", "building": "residential", "height": null, "wikidata": null, "website": null, "phone": null, "name:en": null, "name": null, "addr:street": null, "building:levels": null, "type": null }, "geometry": { "type": "MultiPolygon", "coordinates": [ [ [ [ 55.1869293, 25.1022888 ], [ 55.1870969, 25.1021674 ], [ 55.1869897, 25.1020459 ], [ 55.186822, 25.1021674 ], [ 55.1869293, 25.1022888 ] ] ] ] } },
{ "type": "Feature", "properties": { "full_id": "w521062316", "osm_id": "521062316", "osm_type": "way", "building": "residential", "height": null, "wikidata": null, "website": null, "phone": null, "name:en": null, "name": null, "addr:street": null, "building:levels": null, "type": null }, "geometry": { "type": "MultiPolygon", "coordinates": [ [ [ [ 55.1870513, 25.1019257 ], [ 55.1871628, 25.1018449 ], [ 55.1870539, 25.1017217 ], [ 55.1869424, 25.1018025 ], [ 55.1870513, 25.1019257 ] ] ] ] } },
{ "type": "Feature", "properties": { "full_id": "w521062318", "osm_id": "521062318", "osm_type": "way", "building": "residential", "height": null, "wikidata": null, "website": null, "phone": null, "name:en": null, "name": null, "addr:street": null, "building:levels": null, "type": null }, "geometry": { "type": "MultiPolygon", "coordinates": [ [ [ [ 55.1868622, 25.1017096 ], [ 55.1869904, 25.1016167 ], [ 55.1868568, 25.1014655 ], [ 55.1867868, 25.1015162 ], [ 55.1868221, 25.1015562 ], [ 55.1867639, 25.1015984 ], [ 55.1868622, 25.1017096 ] ] ] ] } },
{ "type": "Feature", "properties": { "full_id": "w521062320", "osm_id": "521062320", "osm_type": "way", "building": "residential", "height": null, "wikidata": null, "website": null, "phone": null, "name:en": null, "name": null, "addr:street": null, "building:levels": null, "type": null }, "geometry": { "type": "MultiPolygon", "coordinates": [ [ [ [ 55.1864237, 25.1017509 ], [ 55.1864636, 25.101796 ], [ 55.1865127, 25.1017605 ], [ 55.1865482, 25.1018008 ], [ 55.1866289, 25.1017424 ], [ 55.1865534, 25.1016569 ], [ 55.1864237, 25.1017509 ] ] ] ] } },
{ "type": "Feature", "properties": { "full_id": "w521062321", "osm_id": "521062321", "osm_type": "way", "building": "residential", "height": null, "wikidata": null, "website": null, "phone": null, "name:en": null, "name": null, "addr:street": null, "building:levels": null, "type": null }, "geometry": { "type": "MultiPolygon", "coordinates": [ [ [ [ 55.1863384, 25.1015098 ], [ 55.1863191, 25.1015237 ], [ 55.1864139, 25.1016311 ], [ 55.1864332, 25.1016171 ], [ 55.1864612, 25.1016488 ], [ 55.1865239, 25.1016035 ], [ 55.1864959, 25.1015718 ], [ 55.1865137, 25.1015588 ], [ 55.1864188, 25.1014515 ], [ 55.186401, 25.1014644 ], [ 55.1863743, 25.1014342 ], [ 55.1863117, 25.1014796 ], [ 55.1863384, 25.1015098 ] ] ] ] } },
{ "type": "Feature", "properties": { "full_id": "w521062323", "osm_id": "521062323", "osm_type": "way", "building": "residential", "height": null, "wikidata": null, "website": null, "phone": null, "name:en": null, "name": null, "addr:street": null, "building:levels": null, "type": null }, "geometry": { "type": "MultiPolygon", "coordinates": [ [ [ [ 55.1861144, 25.1011991 ], [ 55.1860871, 25.101219 ], [ 55.186022, 25.1012232 ], [ 55.1859879, 25.1012186 ], [ 55.1859571, 25.1012046 ], [ 55.1859326, 25.1011827 ], [ 55.1859167, 25.1011545 ], [ 55.1859115, 25.1011232 ], [ 55.1859174, 25.101092 ], [ 55.1859261, 25.1010447 ], [ 55.1859499, 25.1010255 ], [ 55.1861317, 25.1010419 ], [ 55.1861144, 25.1011991 ] ] ] ] } },
{ "type": "Feature", "properties": { "full_id": "w521062325", "osm_id": "521062325", "osm_type": "way", "building": "residential", "height": null, "wikidata": null, "website": null, "phone": null, "name:en": null, "name": null, "addr:street": null, "building:levels": null, "type": null }, "geometry": { "type": "MultiPolygon", "coordinates": [ [ [ [ 55.186237, 25.1013611 ], [ 55.1862903, 25.1014214 ], [ 55.1863619, 25.1013695 ], [ 55.1862109, 25.1011986 ], [ 55.1861393, 25.1012505 ], [ 55.1861896, 25.1013074 ], [ 55.186181, 25.1013155 ], [ 55.1861758, 25.1013256 ], [ 55.1861744, 25.1013368 ], [ 55.1861771, 25.1013478 ], [ 55.1861836, 25.1013574 ], [ 55.1861952, 25.1013656 ], [ 55.1862095, 25.1013692 ], [ 55.1862241, 25.1013676 ], [ 55.186237, 25.1013611 ] ] ] ] } },
{ "type": "Feature", "properties": { "full_id": "w521062326", "osm_id": "521062326", "osm_type": "way", "building": "residential", "height": null, "wikidata": null, "website": null, "phone": null, "name:en": null, "name": null, "addr:street": null, "building:levels": null, "type": null }, "geometry": { "type": "MultiPolygon", "coordinates": [ [ [ [ 55.1866376, 25.1014649 ], [ 55.1867959, 25.1013502 ], [ 55.186702, 25.1012438 ], [ 55.1865437, 25.1013585 ], [ 55.1866376, 25.1014649 ] ] ] ] } },
{ "type": "Feature", "properties": { "full_id": "w521062327", "osm_id": "521062327", "osm_type": "way", "building": "residential", "height": null, "wikidata": null, "website": null, "phone": null, "name:en": null, "name": null, "addr:street": null, "building:levels": null, "type": null }, "geometry": { "type": "MultiPolygon", "coordinates": [ [ [ [ 55.1865269, 25.1012518 ], [ 55.1866309, 25.1011764 ], [ 55.1865323, 25.1010647 ], [ 55.1864282, 25.1011401 ], [ 55.1865269, 25.1012518 ] ] ] ] } },
{ "type": "Feature", "properties": { "full_id": "w521062328", "osm_id": "521062328", "osm_type": "way", "building": "residential", "height": null, "wikidata": null, "website": null, "phone": null, "name:en": null, "name": null, "addr:street": null, "building:levels": null, "type": null }, "geometry": { "type": "MultiPolygon", "coordinates": [ [ [ [ 55.1862786, 25.1010853 ], [ 55.1864143, 25.100987 ], [ 55.1863081, 25.1008667 ], [ 55.1861723, 25.100965 ], [ 55.1862786, 25.1010853 ] ] ] ] } },
{ "type": "Feature", "properties": { "full_id": "w521062329", "osm_id": "521062329", "osm_type": "way", "building": "residential", "height": null, "wikidata": null, "website": null, "phone": null, "name:en": null, "name": null, "addr:street": null, "building:levels": null, "type": null }, "geometry": { "type": "MultiPolygon", "coordinates": [ [ [ [ 55.1859556, 25.1006566 ], [ 55.1860288, 25.1007394 ], [ 55.1860958, 25.1006909 ], [ 55.18615, 25.1007522 ], [ 55.1862043, 25.1007128 ], [ 55.1861495, 25.1006508 ], [ 55.1861853, 25.1006248 ], [ 55.1862401, 25.1006869 ], [ 55.1862911, 25.1006499 ], [ 55.1862356, 25.1005871 ], [ 55.1862582, 25.1005708 ], [ 55.1861864, 25.1004895 ], [ 55.1859556, 25.1006566 ] ] ] ] } },
{ "type": "Feature", "properties": { "full_id": "w521062330", "osm_id": "521062330", "osm_type": "way", "building": "residential", "height": null, "wikidata": null, "website": null, "phone": null, "name:en": null, "name": null, "addr:street": null, "building:levels": null, "type": null }, "geometry": { "type": "MultiPolygon", "coordinates": [ [ [ [ 55.1858017, 25.1009771 ], [ 55.1859128, 25.1008903 ], [ 55.1857835, 25.1007545 ], [ 55.1856724, 25.1008413 ], [ 55.1858017, 25.1009771 ] ] ] ] } },
{ "type": "Feature", "properties": { "full_id": "w521062331", "osm_id": "521062331", "osm_type": "way", "building": "residential", "height": null, "wikidata": null, "website": null, "phone": null, "name:en": null, "name": null, "addr:street": null, "building:levels": null, "type": null }, "geometry": { "type": "MultiPolygon", "coordinates": [ [ [ [ 55.1859731, 25.1004847 ], [ 55.186018, 25.1004879 ], [ 55.1860223, 25.1004376 ], [ 55.1860233, 25.100426 ], [ 55.1859834, 25.1004232 ], [ 55.1859402, 25.1003743 ], [ 55.1859455, 25.1003317 ], [ 55.1858812, 25.1003251 ], [ 55.1858749, 25.1003754 ], [ 55.1858483, 25.1003743 ], [ 55.1858282, 25.1003895 ], [ 55.1858243, 25.100412 ], [ 55.1857819, 25.100409 ], [ 55.1857766, 25.1004709 ], [ 55.1858129, 25.1004734 ], [ 55.1858565, 25.1005227 ], [ 55.1858517, 25.1005608 ], [ 55.185916, 25.1005674 ], [ 55.1859217, 25.100522 ], [ 55.1859483, 25.1005261 ], [ 55.1859717, 25.1005097 ], [ 55.1859731, 25.1004847 ] ] ] ] } },
{ "type": "Feature", "properties": { "full_id": "w521062332", "osm_id": "521062332", "osm_type": "way", "building": "residential", "height": null, "wikidata": null, "website": null, "phone": null, "name:en": null, "name": null, "addr:street": null, "building:levels": null, "type": null }, "geometry": { "type": "MultiPolygon", "coordinates": [ [ [ [ 55.1857015, 25.1006532 ], [ 55.1856133, 25.1005535 ], [ 55.1855057, 25.1006315 ], [ 55.1855604, 25.1006933 ], [ 55.1855753, 25.1006826 ], [ 55.1855973, 25.1006919 ], [ 55.1856227, 25.1006899 ], [ 55.1856337, 25.1007024 ], [ 55.1857015, 25.1006532 ] ] ] ] } },
{ "type": "Feature", "properties": { "full_id": "w521062333", "osm_id": "521062333", "osm_type": "way", "building": "residential", "height": null, "wikidata": null, "website": null, "phone": null, "name:en": null, "name": null, "addr:street": null, "building:levels": null, "type": null }, "geometry": { "type": "MultiPolygon", "coordinates": [ [ [ [ 55.1856499, 25.100356 ], [ 55.185774, 25.1002661 ], [ 55.1856593, 25.1001362 ], [ 55.1855351, 25.1002262 ], [ 55.1856499, 25.100356 ] ] ] ] } },
{ "type": "Feature", "properties": { "full_id": "w521062334", "osm_id": "521062334", "osm_type": "way", "building": "residential", "height": null, "wikidata": null, "website": null, "phone": null, "name:en": null, "name": null, "addr:street": null, "building:levels": null, "type": null }, "geometry": { "type": "MultiPolygon", "coordinates": [ [ [ [ 55.1855143, 25.1003895 ], [ 55.1854191, 25.1002817 ], [ 55.1852863, 25.1003779 ], [ 55.1853542, 25.1004548 ], [ 55.1853717, 25.1004421 ], [ 55.185399, 25.100473 ], [ 55.1855143, 25.1003895 ] ] ] ] } },
{ "type": "Feature", "properties": { "full_id": "w521062335", "osm_id": "521062335", "osm_type": "way", "building": "residential", "height": null, "wikidata": null, "website": null, "phone": null, "name:en": null, "name": null, "addr:street": null, "building:levels": null, "type": null }, "geometry": { "type": "MultiPolygon", "coordinates": [ [ [ [ 55.1853763, 25.1002619 ], [ 55.1852725, 25.1001445 ], [ 55.185159, 25.1002267 ], [ 55.1852628, 25.1003442 ], [ 55.1853763, 25.1002619 ] ] ] ] } },
{ "type": "Feature", "properties": { "full_id": "w521062336", "osm_id": "521062336", "osm_type": "way", "building": "residential", "height": null, "wikidata": null, "website": null, "phone": null, "name:en": null, "name": null, "addr:street": null, "building:levels": null, "type": null }, "geometry": { "type": "MultiPolygon", "coordinates": [ [ [ [ 55.1853092, 25.099911 ], [ 55.1855357, 25.0997469 ], [ 55.1854125, 25.0996074 ], [ 55.185186, 25.0997715 ], [ 55.1852298, 25.0998211 ], [ 55.1853786, 25.0997133 ], [ 55.185418, 25.0997579 ], [ 55.1852692, 25.0998657 ], [ 55.1853092, 25.099911 ] ] ] ] } },
{ "type": "Feature", "properties": { "full_id": "w521062337", "osm_id": "521062337", "osm_type": "way", "building": "residential", "height": null, "wikidata": null, "website": null, "phone": null, "name:en": null, "name": null, "addr:street": null, "building:levels": null, "type": null }, "geometry": { "type": "MultiPolygon", "coordinates": [ [ [ [ 55.1851026, 25.1001089 ], [ 55.1852251, 25.1000201 ], [ 55.1851201, 25.0999012 ], [ 55.1849976, 25.09999 ], [ 55.1851026, 25.1001089 ] ] ] ] } },
{ "type": "Feature", "properties": { "full_id": "w521062338", "osm_id": "521062338", "osm_type": "way", "building": "residential", "height": null, "wikidata": null, "website": null, "phone": null, "name:en": null, "name": null, "addr:street": null, "building:levels": null, "type": null }, "geometry": { "type": "MultiPolygon", "coordinates": [ [ [ [ 55.1847711, 25.0999139 ], [ 55.1848122, 25.0998834 ], [ 55.1848678, 25.0998422 ], [ 55.1847399, 25.0997007 ], [ 55.1847197, 25.0997157 ], [ 55.1846853, 25.0996777 ], [ 55.1846199, 25.0997262 ], [ 55.1846385, 25.0997468 ], [ 55.1846179, 25.0997621 ], [ 55.1846637, 25.0998128 ], [ 55.1846917, 25.0997921 ], [ 55.1847031, 25.0998046 ], [ 55.1846945, 25.099811 ], [ 55.1847109, 25.0998291 ], [ 55.184701, 25.0998364 ], [ 55.1847711, 25.0999139 ] ] ] ] } },
{ "type": "Feature", "properties": { "full_id": "w521062339", "osm_id": "521062339", "osm_type": "way", "building": "residential", "height": null, "wikidata": null, "website": null, "phone": null, "name:en": null, "name": null, "addr:street": null, "building:levels": null, "type": null }, "geometry": { "type": "MultiPolygon", "coordinates": [ [ [ [ 55.1847821, 25.0992917 ], [ 55.1848567, 25.0993779 ], [ 55.1848446, 25.0993865 ], [ 55.1848954, 25.0994453 ], [ 55.1849684, 25.0993934 ], [ 55.1849255, 25.0993439 ], [ 55.1848861, 25.0992984 ], [ 55.1849149, 25.099278 ], [ 55.1848846, 25.0992431 ], [ 55.1850319, 25.0991366 ], [ 55.1849616, 25.0990626 ], [ 55.1848452, 25.0991519 ], [ 55.1848747, 25.0991841 ], [ 55.1848432, 25.0992089 ], [ 55.1848643, 25.0992334 ], [ 55.1848483, 25.0992447 ], [ 55.1848233, 25.0992625 ], [ 55.1848152, 25.0992683 ], [ 55.1847821, 25.0992917 ] ] ] ] } },
{ "type": "Feature", "properties": { "full_id": "w521062340", "osm_id": "521062340", "osm_type": "way", "building": "residential", "height": null, "wikidata": null, "website": null, "phone": null, "name:en": null, "name": null, "addr:street": null, "building:levels": null, "type": null }, "geometry": { "type": "MultiPolygon", "coordinates": [ [ [ [ 55.1851832, 25.0996104 ], [ 55.1852825, 25.0995357 ], [ 55.1851779, 25.0994216 ], [ 55.1850786, 25.0994962 ], [ 55.1851832, 25.0996104 ] ] ] ] } },
{ "type": "Feature", "properties": { "full_id": "w521062341", "osm_id": "521062341", "osm_type": "way", "building": "residential", "height": null, "wikidata": null, "website": null, "phone": null, "name:en": null, "name": null, "addr:street": null, "building:levels": null, "type": null }, "geometry": { "type": "MultiPolygon", "coordinates": [ [ [ [ 55.1847523, 25.0995583 ], [ 55.1847087, 25.0995091 ], [ 55.1846478, 25.0994402 ], [ 55.1846002, 25.0993865 ], [ 55.184516, 25.0994475 ], [ 55.1845353, 25.0994693 ], [ 55.1844895, 25.0995025 ], [ 55.1845256, 25.0995432 ], [ 55.1845061, 25.0995574 ], [ 55.1845427, 25.0995989 ], [ 55.1845622, 25.0995848 ], [ 55.1845999, 25.0996274 ], [ 55.1846527, 25.0995892 ], [ 55.184675, 25.0996144 ], [ 55.1847523, 25.0995583 ] ] ] ] } },
{ "type": "Feature", "properties": { "full_id": "w521062342", "osm_id": "521062342", "osm_type": "way", "building": "residential", "height": null, "wikidata": null, "website": null, "phone": null, "name:en": null, "name": null, "addr:street": null, "building:levels": null, "type": null }, "geometry": { "type": "MultiPolygon", "coordinates": [ [ [ [ 55.1844015, 25.0994355 ], [ 55.1844416, 25.0994061 ], [ 55.1844131, 25.0993676 ], [ 55.1844638, 25.099332 ], [ 55.1843965, 25.0992576 ], [ 55.1844322, 25.0992267 ], [ 55.1844534, 25.0992501 ], [ 55.1844838, 25.099225 ], [ 55.1844327, 25.0991658 ], [ 55.1844157, 25.0991775 ], [ 55.1844041, 25.0991574 ], [ 55.1843024, 25.0992262 ], [ 55.1843231, 25.0992501 ], [ 55.1842828, 25.0992791 ], [ 55.184275, 25.0993119 ], [ 55.1842945, 25.0993492 ], [ 55.1843505, 25.0994112 ], [ 55.1843696, 25.0993962 ], [ 55.1844015, 25.0994355 ] ] ] ] } },
{ "type": "Feature", "properties": { "full_id": "w521062343", "osm_id": "521062343", "osm_type": "way", "building": "residential", "height": null, "wikidata": null, "website": null, "phone": null, "name:en": null, "name": null, "addr:street": null, "building:levels": null, "type": null }, "geometry": { "type": "MultiPolygon", "coordinates": [ [ [ [ 55.1845774, 25.0992025 ], [ 55.1847709, 25.0990623 ], [ 55.1846297, 25.0989025 ], [ 55.1844362, 25.0990427 ], [ 55.1845774, 25.0992025 ] ] ] ] } },
{ "type": "Feature", "properties": { "full_id": "w521062344", "osm_id": "521062344", "osm_type": "way", "building": "residential", "height": null, "wikidata": null, "website": null, "phone": null, "name:en": null, "name": null, "addr:street": null, "building:levels": null, "type": null }, "geometry": { "type": "MultiPolygon", "coordinates": [ [ [ [ 55.1848744, 25.0991143 ], [ 55.1851098, 25.098944 ], [ 55.1850266, 25.0988497 ], [ 55.1849784, 25.0988845 ], [ 55.1848666, 25.0987578 ], [ 55.1847387, 25.0988504 ], [ 55.18488, 25.0990104 ], [ 55.1848206, 25.0990533 ], [ 55.1848744, 25.0991143 ] ] ] ] } },
{ "type": "Feature", "properties": { "full_id": "w521062345", "osm_id": "521062345", "osm_type": "way", "building": "yes", "height": null, "wikidata": null, "website": null, "phone": null, "name:en": null, "name": null, "addr:street": null, "building:levels": null, "type": null }, "geometry": { "type": "MultiPolygon", "coordinates": [ [ [ [ 55.1851086, 25.0988066 ], [ 55.1853146, 25.0986613 ], [ 55.1851387, 25.0984623 ], [ 55.1850322, 25.0985454 ], [ 55.1850548, 25.098571 ], [ 55.1850534, 25.0986775 ], [ 55.1850186, 25.0987039 ], [ 55.1851086, 25.0988066 ] ] ] ] } },
{ "type": "Feature", "properties": { "full_id": "w521066852", "osm_id": "521066852", "osm_type": "way", "building": "residential", "height": null, "wikidata": null, "website": null, "phone": null, "name:en": null, "name": null, "addr:street": null, "building:levels": null, "type": null }, "geometry": { "type": "MultiPolygon", "coordinates": [ [ [ [ 55.1852581, 25.098923 ], [ 55.1854151, 25.0990917 ], [ 55.1855361, 25.0991031 ], [ 55.185544, 25.0990824 ], [ 55.1855745, 25.0989727 ], [ 55.1854912, 25.0988831 ], [ 55.1854113, 25.098889 ], [ 55.1853662, 25.0988405 ], [ 55.1852581, 25.098923 ] ] ] ] } },
{ "type": "Feature", "properties": { "full_id": "w521066856", "osm_id": "521066856", "osm_type": "way", "building": "residential", "height": null, "wikidata": null, "website": null, "phone": null, "name:en": null, "name": null, "addr:street": null, "building:levels": null, "type": null }, "geometry": { "type": "MultiPolygon", "coordinates": [ [ [ [ 55.1856854, 25.0986 ], [ 55.1858506, 25.0987776 ], [ 55.186053, 25.0986232 ], [ 55.1858878, 25.0984456 ], [ 55.1858203, 25.098497 ], [ 55.1859155, 25.0985993 ], [ 55.185848, 25.0986508 ], [ 55.1857528, 25.0985485 ], [ 55.1856854, 25.0986 ] ] ] ] } },
{ "type": "Feature", "properties": { "full_id": "w521066858", "osm_id": "521066858", "osm_type": "way", "building": "residential", "height": null, "wikidata": null, "website": null, "phone": null, "name:en": null, "name": null, "addr:street": null, "building:levels": null, "type": null }, "geometry": { "type": "MultiPolygon", "coordinates": [ [ [ [ 55.1860621, 25.0985113 ], [ 55.1861306, 25.098447 ], [ 55.1861393, 25.0984584 ], [ 55.1861698, 25.098428 ], [ 55.1860415, 25.0983321 ], [ 55.1859909, 25.0983899 ], [ 55.1860249, 25.0984171 ], [ 55.1860242, 25.098431 ], [ 55.1860307, 25.0984479 ], [ 55.1860471, 25.0984502 ], [ 55.1860649, 25.0984333 ], [ 55.1860771, 25.0984419 ], [ 55.1860331, 25.0984846 ], [ 55.1860621, 25.0985113 ] ] ] ] } },
{ "type": "Feature", "properties": { "full_id": "w521066859", "osm_id": "521066859", "osm_type": "way", "building": "residential", "height": null, "wikidata": null, "website": null, "phone": null, "name:en": null, "name": null, "addr:street": null, "building:levels": null, "type": null }, "geometry": { "type": "MultiPolygon", "coordinates": [ [ [ [ 55.1862534, 25.0982988 ], [ 55.1863549, 25.098299 ], [ 55.186355, 25.0982589 ], [ 55.1864436, 25.0982592 ], [ 55.1864438, 25.0981848 ], [ 55.1863939, 25.0981847 ], [ 55.186394, 25.0981603 ], [ 55.1863267, 25.0981601 ], [ 55.1863267, 25.0981835 ], [ 55.1862457, 25.0981833 ], [ 55.1862457, 25.0981985 ], [ 55.1862083, 25.0981984 ], [ 55.1862082, 25.0982444 ], [ 55.1862536, 25.0982445 ], [ 55.1862534, 25.0982988 ] ] ] ] } },
{ "type": "Feature", "properties": { "full_id": "w521066862", "osm_id": "521066862", "osm_type": "way", "building": "residential", "height": null, "wikidata": null, "website": null, "phone": null, "name:en": null, "name": null, "addr:street": null, "building:levels": null, "type": null }, "geometry": { "type": "MultiPolygon", "coordinates": [ [ [ [ 55.1866179, 25.0982413 ], [ 55.186735, 25.0981516 ], [ 55.1866407, 25.0980506 ], [ 55.1865236, 25.0981403 ], [ 55.1866179, 25.0982413 ] ] ] ] } },
{ "type": "Feature", "properties": { "full_id": "w521066863", "osm_id": "521066863", "osm_type": "way", "building": "residential", "height": null, "wikidata": null, "website": null, "phone": null, "name:en": null, "name": null, "addr:street": null, "building:levels": null, "type": null }, "geometry": { "type": "MultiPolygon", "coordinates": [ [ [ [ 55.1863881, 25.097849 ], [ 55.1863281, 25.0978923 ], [ 55.1863771, 25.097948 ], [ 55.1864068, 25.0979266 ], [ 55.186428, 25.0979508 ], [ 55.1863482, 25.0980084 ], [ 55.1864256, 25.0980964 ], [ 55.186664, 25.0979244 ], [ 55.1865297, 25.0977717 ], [ 55.1864014, 25.0978642 ], [ 55.1863881, 25.097849 ] ] ] ] } },
{ "type": "Feature", "properties": { "full_id": "w521066865", "osm_id": "521066865", "osm_type": "way", "building": "residential", "height": null, "wikidata": null, "website": null, "phone": null, "name:en": null, "name": null, "addr:street": null, "building:levels": null, "type": null }, "geometry": { "type": "MultiPolygon", "coordinates": [ [ [ [ 55.1862607, 25.0978643 ], [ 55.1864112, 25.0977459 ], [ 55.1863792, 25.0977125 ], [ 55.186484, 25.0976301 ], [ 55.1864107, 25.0975537 ], [ 55.1862099, 25.0977117 ], [ 55.1861833, 25.097684 ], [ 55.1861288, 25.0977269 ], [ 55.1862607, 25.0978643 ] ] ] ] } },
{ "type": "Feature", "properties": { "full_id": "w521066867", "osm_id": "521066867", "osm_type": "way", "building": "residential", "height": null, "wikidata": null, "website": null, "phone": null, "name:en": null, "name": null, "addr:street": null, "building:levels": null, "type": null }, "geometry": { "type": "MultiPolygon", "coordinates": [ [ [ [ 55.1873021, 25.0991915 ], [ 55.1871846, 25.0990585 ], [ 55.1870902, 25.0991269 ], [ 55.1871353, 25.0991778 ], [ 55.1871097, 25.0991963 ], [ 55.1871822, 25.0992784 ], [ 55.1873021, 25.0991915 ] ] ] ] } },
{ "type": "Feature", "properties": { "full_id": "w521066869", "osm_id": "521066869", "osm_type": "way", "building": "residential", "height": null, "wikidata": null, "website": null, "phone": null, "name:en": null, "name": null, "addr:street": null, "building:levels": null, "type": null }, "geometry": { "type": "MultiPolygon", "coordinates": [ [ [ [ 55.186909, 25.0987581 ], [ 55.1870458, 25.0986589 ], [ 55.1869442, 25.0985439 ], [ 55.1868072, 25.0986431 ], [ 55.186909, 25.0987581 ] ] ] ] } },
{ "type": "Feature", "properties": { "full_id": "w521066871", "osm_id": "521066871", "osm_type": "way", "building": "residential", "height": null, "wikidata": null, "website": null, "phone": null, "name:en": null, "name": null, "addr:street": null, "building:levels": null, "type": null }, "geometry": { "type": "MultiPolygon", "coordinates": [ [ [ [ 55.1866778, 25.0989435 ], [ 55.1868183, 25.0988417 ], [ 55.186714, 25.0987237 ], [ 55.1866057, 25.0988021 ], [ 55.1866211, 25.0988195 ], [ 55.1865888, 25.0988428 ], [ 55.1866778, 25.0989435 ] ] ] ] } },
{ "type": "Feature", "properties": { "full_id": "w521066873", "osm_id": "521066873", "osm_type": "way", "building": "residential", "height": null, "wikidata": null, "website": null, "phone": null, "name:en": null, "name": null, "addr:street": null, "building:levels": null, "type": null }, "geometry": { "type": "MultiPolygon", "coordinates": [ [ [ [ 55.187215, 25.0988754 ], [ 55.1872975, 25.0988153 ], [ 55.1873114, 25.098831 ], [ 55.18735, 25.098803 ], [ 55.1872454, 25.0986851 ], [ 55.1871243, 25.0987732 ], [ 55.187215, 25.0988754 ] ] ] ] } },
{ "type": "Feature", "properties": { "full_id": "w521066874", "osm_id": "521066874", "osm_type": "way", "building": "residential", "height": null, "wikidata": null, "website": null, "phone": null, "name:en": null, "name": null, "addr:street": null, "building:levels": null, "type": null }, "geometry": { "type": "MultiPolygon", "coordinates": [ [ [ [ 55.1873971, 25.099057 ], [ 55.1875356, 25.0989621 ], [ 55.1875139, 25.0989303 ], [ 55.1875086, 25.0988963 ], [ 55.1874764, 25.0988854 ], [ 55.1874504, 25.0988596 ], [ 55.1873146, 25.0989581 ], [ 55.1873971, 25.099057 ] ] ] ] } },
{ "type": "Feature", "properties": { "full_id": "w521066876", "osm_id": "521066876", "osm_type": "way", "building": "residential", "height": null, "wikidata": null, "website": null, "phone": null, "name:en": null, "name": null, "addr:street": null, "building:levels": null, "type": null }, "geometry": { "type": "MultiPolygon", "coordinates": [ [ [ [ 55.1876024, 25.0993103 ], [ 55.1876864, 25.099248 ], [ 55.1876584, 25.099217 ], [ 55.1877182, 25.0991727 ], [ 55.1877053, 25.0991584 ], [ 55.1877243, 25.0991444 ], [ 55.1876648, 25.0990785 ], [ 55.187645, 25.0990932 ], [ 55.1875958, 25.0990387 ], [ 55.1874587, 25.0991403 ], [ 55.1874915, 25.0991767 ], [ 55.1875022, 25.0991687 ], [ 55.1875505, 25.0992222 ], [ 55.1875339, 25.0992345 ], [ 55.1876024, 25.0993103 ] ] ] ] } },
{ "type": "Feature", "properties": { "full_id": "w521066878", "osm_id": "521066878", "osm_type": "way", "building": "residential", "height": null, "wikidata": null, "website": null, "phone": null, "name:en": null, "name": null, "addr:street": null, "building:levels": null, "type": null }, "geometry": { "type": "MultiPolygon", "coordinates": [ [ [ [ 55.1878369, 25.0992848 ], [ 55.1877937, 25.0992827 ], [ 55.1877859, 25.0994104 ], [ 55.1879321, 25.0994177 ], [ 55.1879345, 25.0993786 ], [ 55.1879804, 25.0993813 ], [ 55.1879874, 25.0993446 ], [ 55.1879804, 25.099308 ], [ 55.1879603, 25.0992756 ], [ 55.1879266, 25.0992498 ], [ 55.187885, 25.0992367 ], [ 55.1878409, 25.099238 ], [ 55.1878369, 25.0992848 ] ] ] ] } },
{ "type": "Feature", "properties": { "full_id": "w521066880", "osm_id": "521066880", "osm_type": "way", "building": "residential", "height": null, "wikidata": null, "website": null, "phone": null, "name:en": null, "name": null, "addr:street": null, "building:levels": null, "type": null }, "geometry": { "type": "MultiPolygon", "coordinates": [ [ [ [ 55.1874542, 25.0996277 ], [ 55.1873568, 25.0997004 ], [ 55.1873564, 25.0997129 ], [ 55.1873716, 25.0997359 ], [ 55.1873943, 25.0997383 ], [ 55.1874148, 25.0997366 ], [ 55.1874061, 25.0997552 ], [ 55.1874239, 25.0997768 ], [ 55.1874376, 25.0997789 ], [ 55.1874743, 25.0997548 ], [ 55.1874853, 25.0997665 ], [ 55.1875398, 25.0997248 ], [ 55.1874542, 25.0996277 ] ] ] ] } },
{ "type": "Feature", "properties": { "full_id": "w521066882", "osm_id": "521066882", "osm_type": "way", "building": "residential", "height": null, "wikidata": null, "website": null, "phone": null, "name:en": null, "name": null, "addr:street": null, "building:levels": null, "type": null }, "geometry": { "type": "MultiPolygon", "coordinates": [ [ [ [ 55.1876068, 25.0995541 ], [ 55.1875259, 25.0994658 ], [ 55.1874321, 25.0995363 ], [ 55.187437, 25.0995591 ], [ 55.1874512, 25.0995678 ], [ 55.187475, 25.0995705 ], [ 55.187475, 25.0995844 ], [ 55.1874712, 25.0996049 ], [ 55.1874824, 25.0996232 ], [ 55.187508, 25.0996242 ], [ 55.1876068, 25.0995541 ] ] ] ] } },
{ "type": "Feature", "properties": { "full_id": "w521066884", "osm_id": "521066884", "osm_type": "way", "building": "residential", "height": null, "wikidata": null, "website": null, "phone": null, "name:en": null, "name": null, "addr:street": null, "building:levels": null, "type": null }, "geometry": { "type": "MultiPolygon", "coordinates": [ [ [ [ 55.187324, 25.0993149 ], [ 55.187279, 25.0992904 ], [ 55.1872513, 25.0993321 ], [ 55.1871997, 25.0993444 ], [ 55.1872129, 25.09939 ], [ 55.1871878, 25.0994277 ], [ 55.1872305, 25.0994509 ], [ 55.1872458, 25.0995041 ], [ 55.1873032, 25.0994905 ], [ 55.1873437, 25.0995126 ], [ 55.1873687, 25.099475 ], [ 55.1874202, 25.0994628 ], [ 55.187407, 25.0994173 ], [ 55.1874349, 25.0993754 ], [ 55.1873874, 25.0993495 ], [ 55.187374, 25.0993031 ], [ 55.187324, 25.0993149 ] ] ] ] } },
{ "type": "Feature", "properties": { "full_id": "w521066886", "osm_id": "521066886", "osm_type": "way", "building": "residential", "height": null, "wikidata": null, "website": null, "phone": null, "name:en": null, "name": null, "addr:street": null, "building:levels": null, "type": null }, "geometry": { "type": "MultiPolygon", "coordinates": [ [ [ [ 55.1877004, 25.0999627 ], [ 55.187748, 25.0999286 ], [ 55.1877098, 25.0998815 ], [ 55.1877353, 25.0998661 ], [ 55.187756, 25.0998873 ], [ 55.1878116, 25.0998442 ], [ 55.1877058, 25.0997262 ], [ 55.1876272, 25.099777 ], [ 55.1876011, 25.0998965 ], [ 55.1876466, 25.0999479 ], [ 55.1876727, 25.0999282 ], [ 55.1877004, 25.0999627 ] ] ] ] } },
{ "type": "Feature", "properties": { "full_id": "w521066888", "osm_id": "521066888", "osm_type": "way", "building": "residential", "height": null, "wikidata": null, "website": null, "phone": null, "name:en": null, "name": null, "addr:street": null, "building:levels": null, "type": null }, "geometry": { "type": "MultiPolygon", "coordinates": [ [ [ [ 55.1879816, 25.0997261 ], [ 55.1881291, 25.0996204 ], [ 55.1880912, 25.0995769 ], [ 55.1881026, 25.0995687 ], [ 55.1880517, 25.0995105 ], [ 55.1880398, 25.099519 ], [ 55.1879995, 25.0994729 ], [ 55.1878524, 25.0995782 ], [ 55.1879816, 25.0997261 ] ] ] ] } },
{ "type": "Feature", "properties": { "full_id": "w521066890", "osm_id": "521066890", "osm_type": "way", "building": "residential", "height": null, "wikidata": null, "website": null, "phone": null, "name:en": null, "name": null, "addr:street": null, "building:levels": null, "type": null }, "geometry": { "type": "MultiPolygon", "coordinates": [ [ [ [ 55.188235, 25.0999128 ], [ 55.1883489, 25.0998265 ], [ 55.188282, 25.0997607 ], [ 55.1883039, 25.0997419 ], [ 55.1882457, 25.0996837 ], [ 55.1881092, 25.0997853 ], [ 55.1881421, 25.0998232 ], [ 55.1881403, 25.0998617 ], [ 55.1881901, 25.0998663 ], [ 55.188235, 25.0999128 ] ] ] ] } },
{ "type": "Feature", "properties": { "full_id": "w521066891", "osm_id": "521066891", "osm_type": "way", "building": "residential", "height": null, "wikidata": null, "website": null, "phone": null, "name:en": null, "name": null, "addr:street": null, "building:levels": null, "type": null }, "geometry": { "type": "MultiPolygon", "coordinates": [ [ [ [ 55.1880171, 25.1000124 ], [ 55.1878569, 25.1000057 ], [ 55.1878549, 25.1000577 ], [ 55.1878886, 25.1000587 ], [ 55.1878876, 25.1000882 ], [ 55.1879154, 25.1001236 ], [ 55.18795, 25.1001246 ], [ 55.1879505, 25.1001602 ], [ 55.1880101, 25.1001632 ], [ 55.1880171, 25.1000124 ] ] ] ] } },
{ "type": "Feature", "properties": { "full_id": "w521066893", "osm_id": "521066893", "osm_type": "way", "building": "residential", "height": null, "wikidata": null, "website": null, "phone": null, "name:en": null, "name": null, "addr:street": null, "building:levels": null, "type": null }, "geometry": { "type": "MultiPolygon", "coordinates": [ [ [ [ 55.1884072, 25.0999811 ], [ 55.1883732, 25.0999443 ], [ 55.1882575, 25.1000322 ], [ 55.1883227, 25.1001027 ], [ 55.18828, 25.1001351 ], [ 55.1883336, 25.100193 ], [ 55.1884023, 25.1001409 ], [ 55.1884251, 25.1001654 ], [ 55.1885393, 25.1000787 ], [ 55.18847, 25.1000038 ], [ 55.1884885, 25.0999898 ], [ 55.1884502, 25.0999484 ], [ 55.1884072, 25.0999811 ] ] ] ] } },
{ "type": "Feature", "properties": { "full_id": "w521066896", "osm_id": "521066896", "osm_type": "way", "building": "residential", "height": null, "wikidata": null, "website": null, "phone": null, "name:en": null, "name": null, "addr:street": null, "building:levels": null, "type": null }, "geometry": { "type": "MultiPolygon", "coordinates": [ [ [ [ 55.188244, 25.1002219 ], [ 55.1881298, 25.1002172 ], [ 55.1881258, 25.1002519 ], [ 55.1881395, 25.1002537 ], [ 55.1881347, 25.1002972 ], [ 55.1881427, 25.1003106 ], [ 55.1881545, 25.1003187 ], [ 55.1881977, 25.1003184 ], [ 55.1881975, 25.1003407 ], [ 55.188243, 25.100341 ], [ 55.188244, 25.1002219 ] ] ] ] } },
{ "type": "Feature", "properties": { "full_id": "w521066897", "osm_id": "521066897", "osm_type": "way", "building": "residential", "height": null, "wikidata": null, "website": null, "phone": null, "name:en": null, "name": null, "addr:street": null, "building:levels": null, "type": null }, "geometry": { "type": "MultiPolygon", "coordinates": [ [ [ [ 55.1887726, 25.1005746 ], [ 55.1887586, 25.1005481 ], [ 55.1887155, 25.1005793 ], [ 55.1886707, 25.1005285 ], [ 55.1887454, 25.1004744 ], [ 55.1887511, 25.1004489 ], [ 55.1887712, 25.100424 ], [ 55.1887952, 25.1004109 ], [ 55.1888226, 25.1004062 ], [ 55.1888502, 25.1004103 ], [ 55.188872, 25.1004215 ], [ 55.1888903, 25.1004082 ], [ 55.1889322, 25.1004556 ], [ 55.1889018, 25.1004776 ], [ 55.188901, 25.1004942 ], [ 55.1889003, 25.1004957 ], [ 55.1889335, 25.1005333 ], [ 55.1888843, 25.100569 ], [ 55.1888717, 25.1005548 ], [ 55.1888477, 25.1005783 ], [ 55.1887726, 25.1005746 ] ] ] ] } },
{ "type": "Feature", "properties": { "full_id": "w521066899", "osm_id": "521066899", "osm_type": "way", "building": "residential", "height": null, "wikidata": null, "website": null, "phone": null, "name:en": null, "name": null, "addr:street": null, "building:levels": null, "type": null }, "geometry": { "type": "MultiPolygon", "coordinates": [ [ [ [ 55.18859, 25.1004167 ], [ 55.1887582, 25.1002949 ], [ 55.188604, 25.1001203 ], [ 55.1884358, 25.1002421 ], [ 55.18859, 25.1004167 ] ] ] ] } },
{ "type": "Feature", "properties": { "full_id": "w521066901", "osm_id": "521066901", "osm_type": "way", "building": "residential", "height": null, "wikidata": null, "website": null, "phone": null, "name:en": null, "name": null, "addr:street": null, "building:levels": null, "type": null }, "geometry": { "type": "MultiPolygon", "coordinates": [ [ [ [ 55.1883431, 25.1005337 ], [ 55.1884378, 25.1004643 ], [ 55.1883357, 25.1003502 ], [ 55.1882411, 25.1004197 ], [ 55.1883431, 25.1005337 ] ] ] ] } },
{ "type": "Feature", "properties": { "full_id": "w521066903", "osm_id": "521066903", "osm_type": "way", "building": "residential", "height": null, "wikidata": null, "website": null, "phone": null, "name:en": null, "name": null, "addr:street": null, "building:levels": null, "type": null }, "geometry": { "type": "MultiPolygon", "coordinates": [ [ [ [ 55.1886063, 25.1007762 ], [ 55.1884587, 25.1006092 ], [ 55.1883378, 25.1006967 ], [ 55.1883785, 25.1007428 ], [ 55.1884161, 25.1007155 ], [ 55.1884821, 25.1007902 ], [ 55.188432, 25.1008264 ], [ 55.188473, 25.1008728 ], [ 55.1886063, 25.1007762 ] ] ] ] } },
{ "type": "Feature", "properties": { "full_id": "w521066904", "osm_id": "521066904", "osm_type": "way", "building": "residential", "height": null, "wikidata": null, "website": null, "phone": null, "name:en": null, "name": null, "addr:street": null, "building:levels": null, "type": null }, "geometry": { "type": "MultiPolygon", "coordinates": [ [ [ [ 55.1889725, 25.1008576 ], [ 55.1891368, 25.1007386 ], [ 55.1890768, 25.1006705 ], [ 55.189087, 25.1006397 ], [ 55.1890677, 25.1006143 ], [ 55.1890269, 25.1006143 ], [ 55.1889953, 25.1005783 ], [ 55.1889527, 25.1006091 ], [ 55.1889529, 25.1006806 ], [ 55.1888904, 25.1007259 ], [ 55.1889223, 25.100762 ], [ 55.1889234, 25.1008021 ], [ 55.1889725, 25.1008576 ] ] ] ] } },
{ "type": "Feature", "properties": { "full_id": "w521066906", "osm_id": "521066906", "osm_type": "way", "building": "residential", "height": null, "wikidata": null, "website": null, "phone": null, "name:en": null, "name": null, "addr:street": null, "building:levels": null, "type": null }, "geometry": { "type": "MultiPolygon", "coordinates": [ [ [ [ 55.1886513, 25.1009563 ], [ 55.1886827, 25.1009402 ], [ 55.1887498, 25.1008801 ], [ 55.1887753, 25.1008771 ], [ 55.1887858, 25.1008692 ], [ 55.1887885, 25.1008579 ], [ 55.1887089, 25.1007677 ], [ 55.1885769, 25.1008634 ], [ 55.1886301, 25.1009191 ], [ 55.1886311, 25.1009378 ], [ 55.1886513, 25.1009563 ] ] ] ] } },
{ "type": "Feature", "properties": { "full_id": "w723521620", "osm_id": "723521620", "osm_type": "way", "building": "yes", "height": null, "wikidata": null, "website": null, "phone": null, "name:en": null, "name": null, "addr:street": null, "building:levels": "1", "type": null }, "geometry": { "type": "MultiPolygon", "coordinates": [ [ [ [ 55.1867797, 25.1020393 ], [ 55.1868702, 25.101975 ], [ 55.1867639, 25.101851 ], [ 55.1866225, 25.1019506 ], [ 55.1866939, 25.1020284 ], [ 55.1867797, 25.1020393 ] ] ] ] } },
{ "type": "Feature", "properties": { "full_id": "w1132356335", "osm_id": "1132356335", "osm_type": "way", "building": "yes", "height": null, "wikidata": null, "website": null, "phone": null, "name:en": null, "name": null, "addr:street": null, "building:levels": null, "type": null }, "geometry": { "type": "MultiPolygon", "coordinates": [ [ [ [ 55.1873061, 25.0985062 ], [ 55.1873428, 25.0984804 ], [ 55.1873166, 25.0984498 ], [ 55.1872799, 25.0984756 ], [ 55.1873061, 25.0985062 ] ] ] ] } },
{ "type": "Feature", "properties": { "full_id": "w1132356336", "osm_id": "1132356336", "osm_type": "way", "building": "yes", "height": null, "wikidata": null, "website": null, "phone": null, "name:en": null, "name": null, "addr:street": null, "building:levels": null, "type": null }, "geometry": { "type": "MultiPolygon", "coordinates": [ [ [ [ 55.187147, 25.0985772 ], [ 55.1872783, 25.098481 ], [ 55.1871838, 25.0983856 ], [ 55.1871861, 25.0983542 ], [ 55.1871108, 25.0983536 ], [ 55.1871126, 25.098367 ], [ 55.1870167, 25.0984311 ], [ 55.187147, 25.0985772 ] ] ] ] } },
{ "type": "Feature", "properties": { "full_id": "w1132356337", "osm_id": "1132356337", "osm_type": "way", "building": "yes", "height": null, "wikidata": null, "website": null, "phone": null, "name:en": null, "name": null, "addr:street": null, "building:levels": null, "type": null }, "geometry": { "type": "MultiPolygon", "coordinates": [ [ [ [ 55.1854551, 25.0986783 ], [ 55.1858441, 25.0983901 ], [ 55.1856275, 25.0981504 ], [ 55.1852385, 25.0984386 ], [ 55.1854551, 25.0986783 ] ] ] ] } },
{ "type": "Feature", "properties": { "full_id": "w1132356338", "osm_id": "1132356338", "osm_type": "way", "building": "yes", "height": null, "wikidata": null, "website": null, "phone": null, "name:en": null, "name": null, "addr:street": null, "building:levels": null, "type": null }, "geometry": { "type": "MultiPolygon", "coordinates": [ [ [ [ 55.1858298, 25.0982913 ], [ 55.1858895, 25.0982472 ], [ 55.1859306, 25.0982928 ], [ 55.1862325, 25.0980695 ], [ 55.1861912, 25.0980236 ], [ 55.1862443, 25.0979843 ], [ 55.1860819, 25.0978042 ], [ 55.1856671, 25.0981109 ], [ 55.1858298, 25.0982913 ] ] ] ] } },
{ "type": "Feature", "properties": { "full_id": "w1132356339", "osm_id": "1132356339", "osm_type": "way", "building": "yes", "height": null, "wikidata": null, "website": null, "phone": null, "name:en": null, "name": null, "addr:street": null, "building:levels": null, "type": null }, "geometry": { "type": "MultiPolygon", "coordinates": [ [ [ [ 55.1863982, 25.0985323 ], [ 55.1864353, 25.0985045 ], [ 55.1863557, 25.0984174 ], [ 55.1863185, 25.0984452 ], [ 55.1863982, 25.0985323 ] ] ] ] } },
{ "type": "Feature", "properties": { "full_id": "w1132356340", "osm_id": "1132356340", "osm_type": "way", "building": "yes", "height": null, "wikidata": null, "website": null, "phone": null, "name:en": null, "name": null, "addr:street": null, "building:levels": null, "type": null }, "geometry": { "type": "MultiPolygon", "coordinates": [ [ [ [ 55.1862478, 25.0983882 ], [ 55.1862032, 25.0984205 ], [ 55.1862914, 25.0985205 ], [ 55.1863361, 25.0984881 ], [ 55.1862478, 25.0983882 ] ] ] ] } },
{ "type": "Feature", "properties": { "full_id": "w1132356343", "osm_id": "1132356343", "osm_type": "way", "building": "yes", "height": null, "wikidata": null, "website": null, "phone": null, "name:en": null, "name": null, "addr:street": null, "building:levels": null, "type": null }, "geometry": { "type": "MultiPolygon", "coordinates": [ [ [ [ 55.1864553, 25.0981452 ], [ 55.1864801, 25.0981254 ], [ 55.1864608, 25.0981057 ], [ 55.186436, 25.0981254 ], [ 55.1864553, 25.0981452 ] ] ] ] } },
{ "type": "Feature", "properties": { "full_id": "w1132356344", "osm_id": "1132356344", "osm_type": "way", "building": "yes", "height": null, "wikidata": null, "website": null, "phone": null, "name:en": null, "name": null, "addr:street": null, "building:levels": null, "type": null }, "geometry": { "type": "MultiPolygon", "coordinates": [ [ [ [ 55.1865344, 25.0983522 ], [ 55.1865751, 25.0983229 ], [ 55.1865152, 25.0982548 ], [ 55.1864746, 25.0982841 ], [ 55.1865344, 25.0983522 ] ] ] ] } },
{ "type": "Feature", "properties": { "full_id": "w1132356345", "osm_id": "1132356345", "osm_type": "way", "building": "yes", "height": null, "wikidata": null, "website": null, "phone": null, "name:en": null, "name": null, "addr:street": null, "building:levels": null, "type": null }, "geometry": { "type": "MultiPolygon", "coordinates": [ [ [ [ 55.1862267, 25.0981398 ], [ 55.1862531, 25.0981683 ], [ 55.1863328, 25.0981078 ], [ 55.18638, 25.0981588 ], [ 55.1864095, 25.0981364 ], [ 55.186336, 25.0980569 ], [ 55.1862267, 25.0981398 ] ] ] ] } },
{ "type": "Feature", "properties": { "full_id": "w1132356346", "osm_id": "1132356346", "osm_type": "way", "building": "yes", "height": null, "wikidata": null, "website": null, "phone": null, "name:en": null, "name": null, "addr:street": null, "building:levels": null, "type": null }, "geometry": { "type": "MultiPolygon", "coordinates": [ [ [ [ 55.1867051, 25.0979418 ], [ 55.1867479, 25.0979116 ], [ 55.1866955, 25.0978507 ], [ 55.1866527, 25.0978809 ], [ 55.1867051, 25.0979418 ] ] ] ] } },
{ "type": "Feature", "properties": { "full_id": "w1132356347", "osm_id": "1132356347", "osm_type": "way", "building": "yes", "height": null, "wikidata": null, "website": null, "phone": null, "name:en": null, "name": null, "addr:street": null, "building:levels": null, "type": null }, "geometry": { "type": "MultiPolygon", "coordinates": [ [ [ [ 55.1867748, 25.0979799 ], [ 55.1868442, 25.0979284 ], [ 55.186813, 25.0978939 ], [ 55.1867436, 25.0979455 ], [ 55.1867748, 25.0979799 ] ] ] ] } },
{ "type": "Feature", "properties": { "full_id": "w1132359192", "osm_id": "1132359192", "osm_type": "way", "building": "yes", "height": null, "wikidata": null, "website": null, "phone": null, "name:en": null, "name": null, "addr:street": null, "building:levels": null, "type": null }, "geometry": { "type": "MultiPolygon", "coordinates": [ [ [ [ 55.1842875, 25.0990348 ], [ 55.1843807, 25.0991368 ], [ 55.1844197, 25.0991076 ], [ 55.1843265, 25.0990056 ], [ 55.1842875, 25.0990348 ] ] ] ] } },
{ "type": "Feature", "properties": { "full_id": "w1132359193", "osm_id": "1132359193", "osm_type": "way", "building": "yes", "height": null, "wikidata": null, "website": null, "phone": null, "name:en": null, "name": null, "addr:street": null, "building:levels": null, "type": null }, "geometry": { "type": "MultiPolygon", "coordinates": [ [ [ [ 55.1847711, 25.0999139 ], [ 55.1847922, 25.0999372 ], [ 55.1848334, 25.0999067 ], [ 55.1848122, 25.0998834 ], [ 55.1847711, 25.0999139 ] ] ] ] } },
{ "type": "Feature", "properties": { "full_id": "w1132359194", "osm_id": "1132359194", "osm_type": "way", "building": "yes", "height": null, "wikidata": null, "website": null, "phone": null, "name:en": null, "name": null, "addr:street": null, "building:levels": null, "type": null }, "geometry": { "type": "MultiPolygon", "coordinates": [ [ [ [ 55.1848377, 25.0996713 ], [ 55.1848819, 25.0996382 ], [ 55.1848084, 25.0995576 ], [ 55.1847641, 25.0995906 ], [ 55.1848377, 25.0996713 ] ] ] ] } },
{ "type": "Feature", "properties": { "full_id": "w1132359195", "osm_id": "1132359195", "osm_type": "way", "building": "yes", "height": null, "wikidata": null, "website": null, "phone": null, "name:en": null, "name": null, "addr:street": null, "building:levels": null, "type": null }, "geometry": { "type": "MultiPolygon", "coordinates": [ [ [ [ 55.1842834, 25.0995708 ], [ 55.1843171, 25.0996103 ], [ 55.1844407, 25.0995242 ], [ 55.184407, 25.0994846 ], [ 55.1842834, 25.0995708 ] ] ] ] } },
{ "type": "Feature", "properties": { "full_id": "w1132359196", "osm_id": "1132359196", "osm_type": "way", "building": "yes", "height": null, "wikidata": null, "website": null, "phone": null, "name:en": null, "name": null, "addr:street": null, "building:levels": null, "type": null }, "geometry": { "type": "MultiPolygon", "coordinates": [ [ [ [ 55.1846478, 25.0994402 ], [ 55.1847087, 25.0995091 ], [ 55.1847209, 25.0995003 ], [ 55.1847502, 25.099479 ], [ 55.1847203, 25.0994453 ], [ 55.1847072, 25.0994548 ], [ 55.1846761, 25.0994197 ], [ 55.1846478, 25.0994402 ] ] ] ] } },
{ "type": "Feature", "properties": { "full_id": "w1132359197", "osm_id": "1132359197", "osm_type": "way", "building": "yes", "height": null, "wikidata": null, "website": null, "phone": null, "name:en": null, "name": null, "addr:street": null, "building:levels": null, "type": null }, "geometry": { "type": "MultiPolygon", "coordinates": [ [ [ [ 55.1847782, 25.0995651 ], [ 55.1848205, 25.0995345 ], [ 55.1847631, 25.0994696 ], [ 55.1847502, 25.099479 ], [ 55.1847209, 25.0995003 ], [ 55.1847782, 25.0995651 ] ] ] ] } },
{ "type": "Feature", "properties": { "full_id": "w1132359198", "osm_id": "1132359198", "osm_type": "way", "building": "yes", "height": null, "wikidata": null, "website": null, "phone": null, "name:en": null, "name": null, "addr:street": null, "building:levels": null, "type": null }, "geometry": { "type": "MultiPolygon", "coordinates": [ [ [ [ 55.1861843, 25.0994074 ], [ 55.1863367, 25.0992979 ], [ 55.1863026, 25.0992589 ], [ 55.1862282, 25.0993124 ], [ 55.1861904, 25.0992692 ], [ 55.1861562, 25.0992937 ], [ 55.1860368, 25.0991573 ], [ 55.1859929, 25.0991888 ], [ 55.1861843, 25.0994074 ] ] ] ] } },
{ "type": "Feature", "properties": { "full_id": "w1132359199", "osm_id": "1132359199", "osm_type": "way", "building": "yes", "height": null, "wikidata": null, "website": null, "phone": null, "name:en": null, "name": null, "addr:street": null, "building:levels": null, "type": null }, "geometry": { "type": "MultiPolygon", "coordinates": [ [ [ [ 55.1861359, 25.0991727 ], [ 55.1861639, 25.0991741 ], [ 55.1861671, 25.0991215 ], [ 55.1861392, 25.0991201 ], [ 55.1861359, 25.0991727 ] ] ] ] } },
{ "type": "Feature", "properties": { "full_id": "w1132359200", "osm_id": "1132359200", "osm_type": "way", "building": "yes", "height": null, "wikidata": null, "website": null, "phone": null, "name:en": null, "name": null, "addr:street": null, "building:levels": null, "type": null }, "geometry": { "type": "MultiPolygon", "coordinates": [ [ [ [ 55.1858752, 25.0996281 ], [ 55.185926, 25.0995909 ], [ 55.1858896, 25.0995502 ], [ 55.1858389, 25.0995873 ], [ 55.1858752, 25.0996281 ] ] ] ] } },
{ "type": "Feature", "properties": { "full_id": "w1132359201", "osm_id": "1132359201", "osm_type": "way", "building": "yes", "height": null, "wikidata": null, "website": null, "phone": null, "name:en": null, "name": null, "addr:street": null, "building:levels": null, "type": null }, "geometry": { "type": "MultiPolygon", "coordinates": [ [ [ [ 55.1858389, 25.0995873 ], [ 55.1857949, 25.0996195 ], [ 55.1858313, 25.0996602 ], [ 55.1858752, 25.0996281 ], [ 55.1858389, 25.0995873 ] ] ] ] } },
{ "type": "Feature", "properties": { "full_id": "w1132359202", "osm_id": "1132359202", "osm_type": "way", "building": "yes", "height": null, "wikidata": null, "website": null, "phone": null, "name:en": null, "name": null, "addr:street": null, "building:levels": null, "type": null }, "geometry": { "type": "MultiPolygon", "coordinates": [ [ [ [ 55.1863363, 25.0997167 ], [ 55.1864131, 25.0996614 ], [ 55.1863893, 25.0996342 ], [ 55.1863125, 25.0996895 ], [ 55.1863363, 25.0997167 ] ] ] ] } },
{ "type": "Feature", "properties": { "full_id": "w1132361875", "osm_id": "1132361875", "osm_type": "way", "building": "yes", "height": null, "wikidata": null, "website": null, "phone": null, "name:en": null, "name": null, "addr:street": null, "building:levels": null, "type": null }, "geometry": { "type": "MultiPolygon", "coordinates": [ [ [ [ 55.187533, 25.0997092 ], [ 55.1875565, 25.0997376 ], [ 55.1876173, 25.0996962 ], [ 55.1875938, 25.0996679 ], [ 55.187533, 25.0997092 ] ] ] ] } },
{ "type": "Feature", "properties": { "full_id": "w1132361876", "osm_id": "1132361876", "osm_type": "way", "building": "yes", "height": null, "wikidata": null, "website": null, "phone": null, "name:en": null, "name": null, "addr:street": null, "building:levels": null, "type": null }, "geometry": { "type": "MultiPolygon", "coordinates": [ [ [ [ 55.187561, 25.0996777 ], [ 55.1876082, 25.0996444 ], [ 55.1875773, 25.0996085 ], [ 55.1875301, 25.0996418 ], [ 55.187561, 25.0996777 ] ] ] ] } },
{ "type": "Feature", "properties": { "full_id": "w1132361877", "osm_id": "1132361877", "osm_type": "way", "building": "yes", "height": null, "wikidata": null, "website": null, "phone": null, "name:en": null, "name": null, "addr:street": null, "building:levels": null, "type": null }, "geometry": { "type": "MultiPolygon", "coordinates": [ [ [ [ 55.1875214, 25.0994076 ], [ 55.1875645, 25.0993752 ], [ 55.1874684, 25.0992703 ], [ 55.1874253, 25.0993027 ], [ 55.1875214, 25.0994076 ] ] ] ] } },
{ "type": "Feature", "properties": { "full_id": "w1132361878", "osm_id": "1132361878", "osm_type": "way", "building": "yes", "height": null, "wikidata": null, "website": null, "phone": null, "name:en": null, "name": null, "addr:street": null, "building:levels": null, "type": null }, "geometry": { "type": "MultiPolygon", "coordinates": [ [ [ [ 55.1882371, 25.0995806 ], [ 55.1882799, 25.0995491 ], [ 55.1882487, 25.0995143 ], [ 55.1882059, 25.0995458 ], [ 55.1882371, 25.0995806 ] ] ] ] } },
{ "type": "Feature", "properties": { "full_id": "w1132361879", "osm_id": "1132361879", "osm_type": "way", "building": "yes", "height": null, "wikidata": null, "website": null, "phone": null, "name:en": null, "name": null, "addr:street": null, "building:levels": null, "type": null }, "geometry": { "type": "MultiPolygon", "coordinates": [ [ [ [ 55.1880505, 25.0993756 ], [ 55.1881001, 25.0993399 ], [ 55.188041, 25.0992725 ], [ 55.1879914, 25.0993082 ], [ 55.1880505, 25.0993756 ] ] ] ] } },
{ "type": "Feature", "properties": { "full_id": "w1132361880", "osm_id": "1132361880", "osm_type": "way", "building": "yes", "height": null, "wikidata": null, "website": null, "phone": null, "name:en": null, "name": null, "addr:street": null, "building:levels": null, "type": null }, "geometry": { "type": "MultiPolygon", "coordinates": [ [ [ [ 55.187287, 25.1000613 ], [ 55.1873174, 25.1000367 ], [ 55.1872774, 25.0999961 ], [ 55.1872469, 25.1000208 ], [ 55.187287, 25.1000613 ] ] ] ] } },
{ "type": "Feature", "properties": { "full_id": "w1132361881", "osm_id": "1132361881", "osm_type": "way", "building": "yes", "height": null, "wikidata": null, "website": null, "phone": null, "name:en": null, "name": null, "addr:street": null, "building:levels": null, "type": null }, "geometry": { "type": "MultiPolygon", "coordinates": [ [ [ [ 55.1869501, 25.1003186 ], [ 55.1870111, 25.1002728 ], [ 55.1868367, 25.1000822 ], [ 55.1867757, 25.100128 ], [ 55.1869501, 25.1003186 ] ] ] ] } },
{ "type": "Feature", "properties": { "full_id": "w1132361882", "osm_id": "1132361882", "osm_type": "way", "building": "yes", "height": null, "wikidata": null, "website": null, "phone": null, "name:en": null, "name": null, "addr:street": null, "building:levels": null, "type": null }, "geometry": { "type": "MultiPolygon", "coordinates": [ [ [ [ 55.1863684, 25.0996087 ], [ 55.1864032, 25.0995843 ], [ 55.1863117, 25.0994775 ], [ 55.186277, 25.0995018 ], [ 55.1863684, 25.0996087 ] ] ] ] } },
{ "type": "Feature", "properties": { "full_id": "w1132361883", "osm_id": "1132361883", "osm_type": "way", "building": "yes", "height": null, "wikidata": null, "website": null, "phone": null, "name:en": null, "name": null, "addr:street": null, "building:levels": null, "type": null }, "geometry": { "type": "MultiPolygon", "coordinates": [ [ [ [ 55.1867029, 25.0994339 ], [ 55.186749, 25.0993985 ], [ 55.1867235, 25.0993713 ], [ 55.1866774, 25.0994067 ], [ 55.1867029, 25.0994339 ] ] ] ] } },
{ "type": "Feature", "properties": { "full_id": "w1132361884", "osm_id": "1132361884", "osm_type": "way", "building": "yes", "height": null, "wikidata": null, "website": null, "phone": null, "name:en": null, "name": null, "addr:street": null, "building:levels": null, "type": null }, "geometry": { "type": "MultiPolygon", "coordinates": [ [ [ [ 55.1849781, 25.0988552 ], [ 55.1850113, 25.0988314 ], [ 55.1849125, 25.0987185 ], [ 55.1848793, 25.0987423 ], [ 55.1849781, 25.0988552 ] ] ] ] } },
{ "type": "Feature", "properties": { "full_id": "w1132361885", "osm_id": "1132361885", "osm_type": "way", "building": "yes", "height": null, "wikidata": null, "website": null, "phone": null, "name:en": null, "name": null, "addr:street": null, "building:levels": null, "type": null }, "geometry": { "type": "MultiPolygon", "coordinates": [ [ [ [ 55.184775, 25.0986655 ], [ 55.1848566, 25.0987586 ], [ 55.1848793, 25.0987423 ], [ 55.1849125, 25.0987185 ], [ 55.1848309, 25.0986254 ], [ 55.184775, 25.0986655 ] ] ] ] } },
{ "type": "Feature", "properties": { "full_id": "w1132361887", "osm_id": "1132361887", "osm_type": "way", "building": "yes", "height": null, "wikidata": null, "website": null, "phone": null, "name:en": null, "name": null, "addr:street": null, "building:levels": null, "type": null }, "geometry": { "type": "MultiPolygon", "coordinates": [ [ [ [ 55.1856289, 25.0990806 ], [ 55.1856616, 25.099058 ], [ 55.1855989, 25.0989837 ], [ 55.1855662, 25.0990063 ], [ 55.1856289, 25.0990806 ] ] ] ] } },
{ "type": "Feature", "properties": { "full_id": "w1132361888", "osm_id": "1132361888", "osm_type": "way", "building": "yes", "height": null, "wikidata": null, "website": null, "phone": null, "name:en": null, "name": null, "addr:street": null, "building:levels": null, "type": null }, "geometry": { "type": "MultiPolygon", "coordinates": [ [ [ [ 55.1847625, 25.0994302 ], [ 55.1847987, 25.0994045 ], [ 55.1847764, 25.0993788 ], [ 55.1848067, 25.0993572 ], [ 55.1847622, 25.0993059 ], [ 55.1847821, 25.0992917 ], [ 55.1848152, 25.0992683 ], [ 55.184782, 25.09923 ], [ 55.1846626, 25.0993148 ], [ 55.1847625, 25.0994302 ] ] ] ] } },
{ "type": "Feature", "properties": { "full_id": "w1132361889", "osm_id": "1132361889", "osm_type": "way", "building": "yes", "height": null, "wikidata": null, "website": null, "phone": null, "name:en": null, "name": null, "addr:street": null, "building:levels": null, "type": null }, "geometry": { "type": "MultiPolygon", "coordinates": [ [ [ [ 55.1848233, 25.0992625 ], [ 55.1848483, 25.0992447 ], [ 55.1848192, 25.0992111 ], [ 55.1847942, 25.0992289 ], [ 55.1848233, 25.0992625 ] ] ] ] } },
{ "type": "Feature", "properties": { "full_id": "w1132733516", "osm_id": "1132733516", "osm_type": "way", "building": "yes", "height": null, "wikidata": null, "website": null, "phone": null, "name:en": null, "name": null, "addr:street": null, "building:levels": null, "type": null }, "geometry": { "type": "MultiPolygon", "coordinates": [ [ [ [ 55.1887668, 25.1021663 ], [ 55.1887891, 25.1021503 ], [ 55.1887634, 25.1021209 ], [ 55.1887411, 25.1021368 ], [ 55.1887668, 25.1021663 ] ] ] ] } },
{ "type": "Feature", "properties": { "full_id": "w1132733517", "osm_id": "1132733517", "osm_type": "way", "building": "yes", "height": null, "wikidata": null, "website": null, "phone": null, "name:en": null, "name": null, "addr:street": null, "building:levels": null, "type": null }, "geometry": { "type": "MultiPolygon", "coordinates": [ [ [ [ 55.1888303, 25.1022539 ], [ 55.1888755, 25.1022216 ], [ 55.188804, 25.1021397 ], [ 55.1887891, 25.1021503 ], [ 55.1887668, 25.1021663 ], [ 55.1887588, 25.102172 ], [ 55.1888303, 25.1022539 ] ] ] ] } },
{ "type": "Feature", "properties": { "full_id": "w1132733518", "osm_id": "1132733518", "osm_type": "way", "building": "yes", "height": null, "wikidata": null, "website": null, "phone": null, "name:en": null, "name": null, "addr:street": null, "building:levels": null, "type": null }, "geometry": { "type": "MultiPolygon", "coordinates": [ [ [ [ 55.1892314, 25.1015105 ], [ 55.1892737, 25.1014777 ], [ 55.189257, 25.1014601 ], [ 55.1892147, 25.1014928 ], [ 55.1892314, 25.1015105 ] ] ] ] } },
{ "type": "Feature", "properties": { "full_id": "w1132733519", "osm_id": "1132733519", "osm_type": "way", "building": "yes", "height": null, "wikidata": null, "website": null, "phone": null, "name:en": null, "name": null, "addr:street": null, "building:levels": null, "type": null }, "geometry": { "type": "MultiPolygon", "coordinates": [ [ [ [ 55.1886175, 25.1024801 ], [ 55.1886805, 25.1024341 ], [ 55.1886241, 25.1023709 ], [ 55.1885612, 25.102417 ], [ 55.1886175, 25.1024801 ] ] ] ] } },
{ "type": "Feature", "properties": { "full_id": "w1132733520", "osm_id": "1132733520", "osm_type": "way", "building": "yes", "height": null, "wikidata": null, "website": null, "phone": null, "name:en": null, "name": null, "addr:street": null, "building:levels": null, "type": null }, "geometry": { "type": "MultiPolygon", "coordinates": [ [ [ [ 55.1883367, 25.1026587 ], [ 55.1883798, 25.1026281 ], [ 55.1883409, 25.1025832 ], [ 55.1882979, 25.1026137 ], [ 55.1883367, 25.1026587 ] ] ] ] } },
{ "type": "Feature", "properties": { "full_id": "w1132733521", "osm_id": "1132733521", "osm_type": "way", "building": "yes", "height": null, "wikidata": null, "website": null, "phone": null, "name:en": null, "name": null, "addr:street": null, "building:levels": null, "type": null }, "geometry": { "type": "MultiPolygon", "coordinates": [ [ [ [ 55.1879753, 25.1029659 ], [ 55.188033, 25.1029228 ], [ 55.1879947, 25.1028808 ], [ 55.187937, 25.1029239 ], [ 55.1879753, 25.1029659 ] ] ] ] } },
{ "type": "Feature", "properties": { "full_id": "w1133035151", "osm_id": "1133035151", "osm_type": "way", "building": "yes", "height": null, "wikidata": null, "website": null, "phone": null, "name:en": null, "name": null, "addr:street": null, "building:levels": null, "type": null }, "geometry": { "type": "MultiPolygon", "coordinates": [ [ [ [ 55.1887466, 25.1009898 ], [ 55.1887245, 25.1009637 ], [ 55.1886766, 25.1009969 ], [ 55.1886988, 25.1010231 ], [ 55.1887466, 25.1009898 ] ] ] ] } },
{ "type": "Feature", "properties": { "full_id": "w1133035152", "osm_id": "1133035152", "osm_type": "way", "building": "yes", "height": null, "wikidata": null, "website": null, "phone": null, "name:en": null, "name": null, "addr:street": null, "building:levels": null, "type": null }, "geometry": { "type": "MultiPolygon", "coordinates": [ [ [ [ 55.1887159, 25.1010433 ], [ 55.1887638, 25.1010101 ], [ 55.1887466, 25.1009898 ], [ 55.1886988, 25.1010231 ], [ 55.1887159, 25.1010433 ] ] ] ] } },
{ "type": "Feature", "properties": { "full_id": "w1133035153", "osm_id": "1133035153", "osm_type": "way", "building": "yes", "height": null, "wikidata": null, "website": null, "phone": null, "name:en": null, "name": null, "addr:street": null, "building:levels": null, "type": null }, "geometry": { "type": "MultiPolygon", "coordinates": [ [ [ [ 55.1888757, 25.1009404 ], [ 55.1889152, 25.1009086 ], [ 55.1888579, 25.1008502 ], [ 55.1888184, 25.1008819 ], [ 55.1888757, 25.1009404 ] ] ] ] } },
{ "type": "Feature", "properties": { "full_id": "w1133035154", "osm_id": "1133035154", "osm_type": "way", "building": "yes", "height": null, "wikidata": null, "website": null, "phone": null, "name:en": null, "name": null, "addr:street": null, "building:levels": null, "type": null }, "geometry": { "type": "MultiPolygon", "coordinates": [ [ [ [ 55.188783, 25.100818 ], [ 55.1888178, 25.1007928 ], [ 55.1887466, 25.100712 ], [ 55.1887117, 25.1007372 ], [ 55.188783, 25.100818 ] ] ] ] } },
{ "type": "Feature", "properties": { "full_id": "w1133035155", "osm_id": "1133035155", "osm_type": "way", "building": "yes", "height": null, "wikidata": null, "website": null, "phone": null, "name:en": null, "name": null, "addr:street": null, "building:levels": null, "type": null }, "geometry": { "type": "MultiPolygon", "coordinates": [ [ [ [ 55.1883621, 25.1009818 ], [ 55.1883818, 25.1009674 ], [ 55.188347, 25.1009286 ], [ 55.1883273, 25.100943 ], [ 55.1883621, 25.1009818 ] ] ] ] } },
{ "type": "Feature", "properties": { "full_id": "w1133035156", "osm_id": "1133035156", "osm_type": "way", "building": "yes", "height": null, "wikidata": null, "website": null, "phone": null, "name:en": null, "name": null, "addr:street": null, "building:levels": null, "type": null }, "geometry": { "type": "MultiPolygon", "coordinates": [ [ [ [ 55.1883858, 25.1009574 ], [ 55.1884314, 25.1009237 ], [ 55.188395, 25.1008834 ], [ 55.1883494, 25.1009172 ], [ 55.1883858, 25.1009574 ] ] ] ] } },
{ "type": "Feature", "properties": { "full_id": "w1133035157", "osm_id": "1133035157", "osm_type": "way", "building": "yes", "height": null, "wikidata": null, "website": null, "phone": null, "name:en": null, "name": null, "addr:street": null, "building:levels": null, "type": null }, "geometry": { "type": "MultiPolygon", "coordinates": [ [ [ [ 55.18864, 25.1007723 ], [ 55.1887363, 25.1007036 ], [ 55.1886685, 25.1006257 ], [ 55.1886439, 25.1006433 ], [ 55.1886858, 25.1006915 ], [ 55.1886142, 25.1007426 ], [ 55.18864, 25.1007723 ] ] ] ] } },
{ "type": "Feature", "properties": { "full_id": "w1133035158", "osm_id": "1133035158", "osm_type": "way", "building": "yes", "height": null, "wikidata": null, "website": null, "phone": null, "name:en": null, "name": null, "addr:street": null, "building:levels": null, "type": null }, "geometry": { "type": "MultiPolygon", "coordinates": [ [ [ [ 55.18833, 25.1006151 ], [ 55.1883706, 25.1005844 ], [ 55.1883373, 25.1005483 ], [ 55.1882967, 25.1005789 ], [ 55.18833, 25.1006151 ] ] ] ] } },
{ "type": "Feature", "properties": { "full_id": "w1133035159", "osm_id": "1133035159", "osm_type": "way", "building": "yes", "height": null, "wikidata": null, "website": null, "phone": null, "name:en": null, "name": null, "addr:street": null, "building:levels": null, "type": null }, "geometry": { "type": "MultiPolygon", "coordinates": [ [ [ [ 55.1880484, 25.1005782 ], [ 55.1880919, 25.1005465 ], [ 55.1880591, 25.1005096 ], [ 55.1880156, 25.1005414 ], [ 55.1880484, 25.1005782 ] ] ] ] } },
{ "type": "Feature", "properties": { "full_id": "w1133035160", "osm_id": "1133035160", "osm_type": "way", "building": "yes", "height": null, "wikidata": null, "website": null, "phone": null, "name:en": null, "name": null, "addr:street": null, "building:levels": null, "type": null }, "geometry": { "type": "MultiPolygon", "coordinates": [ [ [ [ 55.1884085, 25.1003876 ], [ 55.1884393, 25.1003642 ], [ 55.1884027, 25.1003247 ], [ 55.1883719, 25.1003481 ], [ 55.1884085, 25.1003876 ] ] ] ] } },
{ "type": "Feature", "properties": { "full_id": "w1133035161", "osm_id": "1133035161", "osm_type": "way", "building": "yes", "height": null, "wikidata": null, "website": null, "phone": null, "name:en": null, "name": null, "addr:street": null, "building:levels": null, "type": null }, "geometry": { "type": "MultiPolygon", "coordinates": [ [ [ [ 55.1885366, 25.1004685 ], [ 55.1885755, 25.1004415 ], [ 55.1884294, 25.1002692 ], [ 55.1883906, 25.1002962 ], [ 55.1885366, 25.1004685 ] ] ] ] } },
{ "type": "Feature", "properties": { "full_id": "w1133035162", "osm_id": "1133035162", "osm_type": "way", "building": "yes", "height": null, "wikidata": null, "website": null, "phone": null, "name:en": null, "name": null, "addr:street": null, "building:levels": null, "type": null }, "geometry": { "type": "MultiPolygon", "coordinates": [ [ [ [ 55.1889791, 25.1005188 ], [ 55.1890824, 25.1004435 ], [ 55.1890553, 25.1004131 ], [ 55.1889521, 25.1004884 ], [ 55.1889791, 25.1005188 ] ] ] ] } },
{ "type": "Feature", "properties": { "full_id": "w1133035163", "osm_id": "1133035163", "osm_type": "way", "building": "yes", "height": null, "wikidata": null, "website": null, "phone": null, "name:en": null, "name": null, "addr:street": null, "building:levels": null, "type": null }, "geometry": { "type": "MultiPolygon", "coordinates": [ [ [ [ 55.1889822, 25.1002984 ], [ 55.189019, 25.1002694 ], [ 55.1889811, 25.1002299 ], [ 55.1889443, 25.1002589 ], [ 55.1889822, 25.1002984 ] ] ] ] } },
{ "type": "Feature", "properties": { "full_id": "w1133035164", "osm_id": "1133035164", "osm_type": "way", "building": "yes", "height": null, "wikidata": null, "website": null, "phone": null, "name:en": null, "name": null, "addr:street": null, "building:levels": null, "type": null }, "geometry": { "type": "MultiPolygon", "coordinates": [ [ [ [ 55.188809, 25.1002948 ], [ 55.1888946, 25.1002364 ], [ 55.1888617, 25.1001969 ], [ 55.1887762, 25.1002553 ], [ 55.188809, 25.1002948 ] ] ] ] } },
{ "type": "Feature", "properties": { "full_id": "w1133035165", "osm_id": "1133035165", "osm_type": "way", "building": "yes", "height": null, "wikidata": null, "website": null, "phone": null, "name:en": null, "name": null, "addr:street": null, "building:levels": null, "type": null }, "geometry": { "type": "MultiPolygon", "coordinates": [ [ [ [ 55.1885952, 25.1000883 ], [ 55.1886647, 25.1000389 ], [ 55.1886352, 25.1000049 ], [ 55.1885657, 25.1000543 ], [ 55.1885952, 25.1000883 ] ] ] ] } },
{ "type": "Feature", "properties": { "full_id": "w1133035166", "osm_id": "1133035166", "osm_type": "way", "building": "yes", "height": null, "wikidata": null, "website": null, "phone": null, "name:en": null, "name": null, "addr:street": null, "building:levels": null, "type": null }, "geometry": { "type": "MultiPolygon", "coordinates": [ [ [ [ 55.1884743, 25.0999363 ], [ 55.1885207, 25.0999011 ], [ 55.1885602, 25.0999439 ], [ 55.1886137, 25.0999035 ], [ 55.1885287, 25.0998114 ], [ 55.1884288, 25.099887 ], [ 55.1884743, 25.0999363 ] ] ] ] } },
{ "type": "Feature", "properties": { "full_id": "w1133035167", "osm_id": "1133035167", "osm_type": "way", "building": "yes", "height": null, "wikidata": null, "website": null, "phone": null, "name:en": null, "name": null, "addr:street": null, "building:levels": null, "type": null }, "geometry": { "type": "MultiPolygon", "coordinates": [ [ [ [ 55.188344, 25.09986 ], [ 55.1883846, 25.0999066 ], [ 55.1884292, 25.0998748 ], [ 55.1884117, 25.0998547 ], [ 55.188481, 25.0998052 ], [ 55.1884578, 25.0997786 ], [ 55.188344, 25.09986 ] ] ] ] } },
{ "type": "Feature", "properties": { "full_id": "w1133035168", "osm_id": "1133035168", "osm_type": "way", "building": "yes", "height": null, "wikidata": null, "website": null, "phone": null, "name:en": null, "name": null, "addr:street": null, "building:levels": null, "type": null }, "geometry": { "type": "MultiPolygon", "coordinates": [ [ [ [ 55.1882956, 25.099966 ], [ 55.188361, 25.0999214 ], [ 55.1883221, 25.0998747 ], [ 55.1882567, 25.0999192 ], [ 55.1882956, 25.099966 ] ] ] ] } },
{ "type": "Feature", "properties": { "full_id": "w1133035169", "osm_id": "1133035169", "osm_type": "way", "building": "yes", "height": null, "wikidata": null, "website": null, "phone": null, "name:en": null, "name": null, "addr:street": null, "building:levels": null, "type": null }, "geometry": { "type": "MultiPolygon", "coordinates": [ [ [ [ 55.1882588, 25.0996701 ], [ 55.1882856, 25.0997001 ], [ 55.1883473, 25.0996551 ], [ 55.1883206, 25.099625 ], [ 55.1882588, 25.0996701 ] ] ] ] } },
{ "type": "Feature", "properties": { "full_id": "w1133035171", "osm_id": "1133035171", "osm_type": "way", "building": "yes", "height": null, "wikidata": null, "website": null, "phone": null, "name:en": null, "name": null, "addr:street": null, "building:levels": null, "type": null }, "geometry": { "type": "MultiPolygon", "coordinates": [ [ [ [ 55.1880621, 25.099383 ], [ 55.1880939, 25.0994178 ], [ 55.1881369, 25.0993856 ], [ 55.188105, 25.0993508 ], [ 55.1880621, 25.099383 ] ] ] ] } },
{ "type": "Feature", "properties": { "full_id": "w1133035172", "osm_id": "1133035172", "osm_type": "way", "building": "yes", "height": null, "wikidata": null, "website": null, "phone": null, "name:en": null, "name": null, "addr:street": null, "building:levels": null, "type": null }, "geometry": { "type": "MultiPolygon", "coordinates": [ [ [ [ 55.1875925, 25.1000599 ], [ 55.1876378, 25.1000274 ], [ 55.1875954, 25.0999791 ], [ 55.1875502, 25.1000117 ], [ 55.1875925, 25.1000599 ] ] ] ] } },
{ "type": "Feature", "properties": { "full_id": "w1133035173", "osm_id": "1133035173", "osm_type": "way", "building": "yes", "height": null, "wikidata": null, "website": null, "phone": null, "name:en": null, "name": null, "addr:street": null, "building:levels": null, "type": null }, "geometry": { "type": "MultiPolygon", "coordinates": [ [ [ [ 55.1878611, 25.0996882 ], [ 55.187953, 25.0997959 ], [ 55.1879903, 25.0997697 ], [ 55.1878985, 25.0996621 ], [ 55.1878611, 25.0996882 ] ] ] ] } },
{ "type": "Feature", "properties": { "full_id": "w1133035174", "osm_id": "1133035174", "osm_type": "way", "building": "yes", "height": null, "wikidata": null, "website": null, "phone": null, "name:en": null, "name": null, "addr:street": null, "building:levels": null, "type": null }, "geometry": { "type": "MultiPolygon", "coordinates": [ [ [ [ 55.1878723, 25.0997954 ], [ 55.1879065, 25.0997702 ], [ 55.1878354, 25.0996908 ], [ 55.1878013, 25.0997159 ], [ 55.1878723, 25.0997954 ] ] ] ] } },
{ "type": "Feature", "properties": { "full_id": "w1133035175", "osm_id": "1133035175", "osm_type": "way", "building": "yes", "height": null, "wikidata": null, "website": null, "phone": null, "name:en": null, "name": null, "addr:street": null, "building:levels": null, "type": null }, "geometry": { "type": "MultiPolygon", "coordinates": [ [ [ [ 55.1878747, 25.0998457 ], [ 55.1879113, 25.099819 ], [ 55.1878887, 25.0997937 ], [ 55.1878521, 25.0998204 ], [ 55.1878747, 25.0998457 ] ] ] ] } },
{ "type": "Feature", "properties": { "full_id": "w1133035176", "osm_id": "1133035176", "osm_type": "way", "building": "yes", "height": null, "wikidata": null, "website": null, "phone": null, "name:en": null, "name": null, "addr:street": null, "building:levels": null, "type": null }, "geometry": { "type": "MultiPolygon", "coordinates": [ [ [ [ 55.187841, 25.0996678 ], [ 55.1878753, 25.0996423 ], [ 55.1878094, 25.0995693 ], [ 55.187775, 25.0995948 ], [ 55.187841, 25.0996678 ] ] ] ] } },
{ "type": "Feature", "properties": { "full_id": "w1133035177", "osm_id": "1133035177", "osm_type": "way", "building": "yes", "height": null, "wikidata": null, "website": null, "phone": null, "name:en": null, "name": null, "addr:street": null, "building:levels": null, "type": null }, "geometry": { "type": "MultiPolygon", "coordinates": [ [ [ [ 55.1872076, 25.0996226 ], [ 55.1872452, 25.0995961 ], [ 55.187221, 25.0995681 ], [ 55.1871834, 25.0995946 ], [ 55.1872076, 25.0996226 ] ] ] ] } },
{ "type": "Feature", "properties": { "full_id": "w1133035178", "osm_id": "1133035178", "osm_type": "way", "building": "yes", "height": null, "wikidata": null, "website": null, "phone": null, "name:en": null, "name": null, "addr:street": null, "building:levels": null, "type": null }, "geometry": { "type": "MultiPolygon", "coordinates": [ [ [ [ 55.1873527, 25.0996119 ], [ 55.1873956, 25.0995809 ], [ 55.1873634, 25.0995444 ], [ 55.1873205, 25.0995753 ], [ 55.1873527, 25.0996119 ] ] ] ] } },
{ "type": "Feature", "properties": { "full_id": "w1133035179", "osm_id": "1133035179", "osm_type": "way", "building": "yes", "height": null, "wikidata": null, "website": null, "phone": null, "name:en": null, "name": null, "addr:street": null, "building:levels": null, "type": null }, "geometry": { "type": "MultiPolygon", "coordinates": [ [ [ [ 55.1872517, 25.0995955 ], [ 55.1873191, 25.0995484 ], [ 55.1872916, 25.0995161 ], [ 55.1872242, 25.0995632 ], [ 55.1872517, 25.0995955 ] ] ] ] } },
{ "type": "Feature", "properties": { "full_id": "w1133035180", "osm_id": "1133035180", "osm_type": "way", "building": "yes", "height": null, "wikidata": null, "website": null, "phone": null, "name:en": null, "name": null, "addr:street": null, "building:levels": null, "type": null }, "geometry": { "type": "MultiPolygon", "coordinates": [ [ [ [ 55.1869172, 25.0992509 ], [ 55.1869698, 25.0992119 ], [ 55.1869189, 25.0991556 ], [ 55.1868663, 25.0991945 ], [ 55.1869172, 25.0992509 ] ] ] ] } },
{ "type": "Feature", "properties": { "full_id": "w1133035181", "osm_id": "1133035181", "osm_type": "way", "building": "yes", "height": null, "wikidata": null, "website": null, "phone": null, "name:en": null, "name": null, "addr:street": null, "building:levels": null, "type": null }, "geometry": { "type": "MultiPolygon", "coordinates": [ [ [ [ 55.1868411, 25.0991844 ], [ 55.1868712, 25.099162 ], [ 55.1868367, 25.0991242 ], [ 55.1868067, 25.0991466 ], [ 55.1868411, 25.0991844 ] ] ] ] } },
{ "type": "Feature", "properties": { "full_id": "w1133035182", "osm_id": "1133035182", "osm_type": "way", "building": "yes", "height": null, "wikidata": null, "website": null, "phone": null, "name:en": null, "name": null, "addr:street": null, "building:levels": null, "type": null }, "geometry": { "type": "MultiPolygon", "coordinates": [ [ [ [ 55.1873291, 25.0990449 ], [ 55.1872583, 25.0989687 ], [ 55.18723, 25.0989902 ], [ 55.1873009, 25.0990665 ], [ 55.1873291, 25.0990449 ] ] ] ] } },
{ "type": "Feature", "properties": { "full_id": "w1133035184", "osm_id": "1133035184", "osm_type": "way", "building": "yes", "height": null, "wikidata": null, "website": null, "phone": null, "name:en": null, "name": null, "addr:street": null, "building:levels": null, "type": null }, "geometry": { "type": "MultiPolygon", "coordinates": [ [ [ [ 55.1874052, 25.0987208 ], [ 55.1873724, 25.0987435 ], [ 55.1874032, 25.0987801 ], [ 55.1874361, 25.0987574 ], [ 55.1874052, 25.0987208 ] ] ] ] } },
{ "type": "Feature", "properties": { "full_id": "w1133035186", "osm_id": "1133035186", "osm_type": "way", "building": "yes", "height": null, "wikidata": null, "website": null, "phone": null, "name:en": null, "name": null, "addr:street": null, "building:levels": null, "type": null }, "geometry": { "type": "MultiPolygon", "coordinates": [ [ [ [ 55.1874361, 25.0987574 ], [ 55.1875255, 25.0986957 ], [ 55.1874947, 25.0986591 ], [ 55.1874052, 25.0987208 ], [ 55.1874361, 25.0987574 ] ] ] ] } },
{ "type": "Feature", "properties": { "full_id": "w1133035187", "osm_id": "1133035187", "osm_type": "way", "building": "yes", "height": null, "wikidata": null, "website": null, "phone": null, "name:en": null, "name": null, "addr:street": null, "building:levels": null, "type": null }, "geometry": { "type": "MultiPolygon", "coordinates": [ [ [ [ 55.187294, 25.0986075 ], [ 55.1873919, 25.0985355 ], [ 55.1873497, 25.0984884 ], [ 55.1872518, 25.0985604 ], [ 55.187294, 25.0986075 ] ] ] ] } },
{ "type": "Feature", "properties": { "full_id": "w1133035188", "osm_id": "1133035188", "osm_type": "way", "building": "yes", "height": null, "wikidata": null, "website": null, "phone": null, "name:en": null, "name": null, "addr:street": null, "building:levels": null, "type": null }, "geometry": { "type": "MultiPolygon", "coordinates": [ [ [ [ 55.1871153, 25.0986417 ], [ 55.1871514, 25.0986147 ], [ 55.1869678, 25.0984035 ], [ 55.1869253, 25.0984328 ], [ 55.1871153, 25.0986417 ] ] ] ] } },
{ "type": "Feature", "properties": { "full_id": "w1133035189", "osm_id": "1133035189", "osm_type": "way", "building": "yes", "height": null, "wikidata": null, "website": null, "phone": null, "name:en": null, "name": null, "addr:street": null, "building:levels": null, "type": null }, "geometry": { "type": "MultiPolygon", "coordinates": [ [ [ [ 55.18704, 25.0986992 ], [ 55.187108, 25.0986515 ], [ 55.1870921, 25.0986328 ], [ 55.187024, 25.0986806 ], [ 55.18704, 25.0986992 ] ] ] ] } },
{ "type": "Feature", "properties": { "full_id": "w1133035190", "osm_id": "1133035190", "osm_type": "way", "building": "yes", "height": null, "wikidata": null, "website": null, "phone": null, "name:en": null, "name": null, "addr:street": null, "building:levels": null, "type": null }, "geometry": { "type": "MultiPolygon", "coordinates": [ [ [ [ 55.1869646, 25.098487 ], [ 55.1869444, 25.0985018 ], [ 55.1870646, 25.0986361 ], [ 55.1870849, 25.0986212 ], [ 55.1869646, 25.098487 ] ] ] ] } },
{ "type": "Feature", "properties": { "full_id": "w1133035191", "osm_id": "1133035191", "osm_type": "way", "building": "yes", "height": null, "wikidata": null, "website": null, "phone": null, "name:en": null, "name": null, "addr:street": null, "building:levels": null, "type": null }, "geometry": { "type": "MultiPolygon", "coordinates": [ [ [ [ 55.1868805, 25.0984759 ], [ 55.1869199, 25.0985198 ], [ 55.1869444, 25.0985018 ], [ 55.1869646, 25.098487 ], [ 55.1869252, 25.098443 ], [ 55.1868805, 25.0984759 ] ] ] ] } },
{ "type": "Feature", "properties": { "full_id": "w1133035192", "osm_id": "1133035192", "osm_type": "way", "building": "yes", "height": null, "wikidata": null, "website": null, "phone": null, "name:en": null, "name": null, "addr:street": null, "building:levels": null, "type": null }, "geometry": { "type": "MultiPolygon", "coordinates": [ [ [ [ 55.186837, 25.098514 ], [ 55.1868696, 25.09855 ], [ 55.1869061, 25.0985228 ], [ 55.1868736, 25.0984869 ], [ 55.186837, 25.098514 ] ] ] ] } },
{ "type": "Feature", "properties": { "full_id": "w1133035194", "osm_id": "1133035194", "osm_type": "way", "building": "yes", "height": null, "wikidata": null, "website": null, "phone": null, "name:en": null, "name": null, "addr:street": null, "building:levels": null, "type": null }, "geometry": { "type": "MultiPolygon", "coordinates": [ [ [ [ 55.1859218, 25.0988787 ], [ 55.1859606, 25.0988497 ], [ 55.1858811, 25.0987623 ], [ 55.1858423, 25.0987912 ], [ 55.1859218, 25.0988787 ] ] ] ] } },
{ "type": "Feature", "properties": { "full_id": "w1133035195", "osm_id": "1133035195", "osm_type": "way", "building": "yes", "height": null, "wikidata": null, "website": null, "phone": null, "name:en": null, "name": null, "addr:street": null, "building:levels": null, "type": null }, "geometry": { "type": "MultiPolygon", "coordinates": [ [ [ [ 55.1858247, 25.0989576 ], [ 55.1859165, 25.0988915 ], [ 55.1858742, 25.0988433 ], [ 55.1858099, 25.0988896 ], [ 55.1858291, 25.0989115 ], [ 55.1858016, 25.0989313 ], [ 55.1858247, 25.0989576 ] ] ] ] } },
{ "type": "Feature", "properties": { "full_id": "w1133035196", "osm_id": "1133035196", "osm_type": "way", "building": "yes", "height": null, "wikidata": null, "website": null, "phone": null, "name:en": null, "name": null, "addr:street": null, "building:levels": null, "type": null }, "geometry": { "type": "MultiPolygon", "coordinates": [ [ [ [ 55.1851768, 25.0984812 ], [ 55.1852032, 25.098461 ], [ 55.18515, 25.0984039 ], [ 55.1851236, 25.098424 ], [ 55.1851768, 25.0984812 ] ] ] ] } },
{ "type": "Feature", "properties": { "full_id": "w1133041931", "osm_id": "1133041931", "osm_type": "way", "building": "yes", "height": null, "wikidata": null, "website": null, "phone": null, "name:en": null, "name": null, "addr:street": null, "building:levels": null, "type": null }, "geometry": { "type": "MultiPolygon", "coordinates": [ [ [ [ 55.1883374, 25.1021664 ], [ 55.1883986, 25.1021202 ], [ 55.1883751, 25.1020946 ], [ 55.1883139, 25.1021408 ], [ 55.1883374, 25.1021664 ] ] ] ] } },
{ "type": "Feature", "properties": { "full_id": "w1133041932", "osm_id": "1133041932", "osm_type": "way", "building": "yes", "height": null, "wikidata": null, "website": null, "phone": null, "name:en": null, "name": null, "addr:street": null, "building:levels": null, "type": null }, "geometry": { "type": "MultiPolygon", "coordinates": [ [ [ [ 55.1876545, 25.1023084 ], [ 55.1877687, 25.1022254 ], [ 55.1877283, 25.1021798 ], [ 55.1876141, 25.1022628 ], [ 55.1876545, 25.1023084 ] ] ] ] } },
{ "type": "Feature", "properties": { "full_id": "w1133041933", "osm_id": "1133041933", "osm_type": "way", "building": "yes", "height": null, "wikidata": null, "website": null, "phone": null, "name:en": null, "name": null, "addr:street": null, "building:levels": null, "type": null }, "geometry": { "type": "MultiPolygon", "coordinates": [ [ [ [ 55.1876883, 25.1021018 ], [ 55.1875833, 25.1019858 ], [ 55.187533, 25.1020232 ], [ 55.187638, 25.1021392 ], [ 55.1876883, 25.1021018 ] ] ] ] } },
{ "type": "Feature", "properties": { "full_id": "w1133041934", "osm_id": "1133041934", "osm_type": "way", "building": "yes", "height": null, "wikidata": null, "website": null, "phone": null, "name:en": null, "name": null, "addr:street": null, "building:levels": null, "type": null }, "geometry": { "type": "MultiPolygon", "coordinates": [ [ [ [ 55.1869567, 25.1026083 ], [ 55.1868763, 25.1025087 ], [ 55.1868417, 25.1025316 ], [ 55.1869222, 25.1026312 ], [ 55.1869567, 25.1026083 ] ] ] ] } },
{ "type": "Feature", "properties": { "full_id": "w1133041935", "osm_id": "1133041935", "osm_type": "way", "building": "yes", "height": null, "wikidata": null, "website": null, "phone": null, "name:en": null, "name": null, "addr:street": null, "building:levels": null, "type": null }, "geometry": { "type": "MultiPolygon", "coordinates": [ [ [ [ 55.1868857, 25.1024214 ], [ 55.1869519, 25.1023693 ], [ 55.1869126, 25.1023283 ], [ 55.1868464, 25.1023804 ], [ 55.1868857, 25.1024214 ] ] ] ] } },
{ "type": "Feature", "properties": { "full_id": "w1133041936", "osm_id": "1133041936", "osm_type": "way", "building": "yes", "height": null, "wikidata": null, "website": null, "phone": null, "name:en": null, "name": null, "addr:street": null, "building:levels": null, "type": null }, "geometry": { "type": "MultiPolygon", "coordinates": [ [ [ [ 55.1869936, 25.1023441 ], [ 55.1871626, 25.1022172 ], [ 55.187125, 25.1021762 ], [ 55.186956, 25.1023031 ], [ 55.1869936, 25.1023441 ] ] ] ] } },
{ "type": "Feature", "properties": { "full_id": "w1133041937", "osm_id": "1133041937", "osm_type": "way", "building": "yes", "height": null, "wikidata": null, "website": null, "phone": null, "name:en": null, "name": null, "addr:street": null, "building:levels": null, "type": null }, "geometry": { "type": "MultiPolygon", "coordinates": [ [ [ [ 55.1874781, 25.1021256 ], [ 55.1875184, 25.1020965 ], [ 55.1874849, 25.1020584 ], [ 55.1874446, 25.1020874 ], [ 55.1874781, 25.1021256 ] ] ] ] } },
{ "type": "Feature", "properties": { "full_id": "w1133041938", "osm_id": "1133041938", "osm_type": "way", "building": "yes", "height": null, "wikidata": null, "website": null, "phone": null, "name:en": null, "name": null, "addr:street": null, "building:levels": null, "type": null }, "geometry": { "type": "MultiPolygon", "coordinates": [ [ [ [ 55.1875857, 25.1019078 ], [ 55.1875452, 25.101859 ], [ 55.1874994, 25.1018901 ], [ 55.18754, 25.101939 ], [ 55.1875857, 25.1019078 ] ] ] ] } },
{ "type": "Feature", "properties": { "full_id": "w1133041939", "osm_id": "1133041939", "osm_type": "way", "building": "yes", "height": null, "wikidata": null, "website": null, "phone": null, "name:en": null, "name": null, "addr:street": null, "building:levels": null, "type": null }, "geometry": { "type": "MultiPolygon", "coordinates": [ [ [ [ 55.1873567, 25.1018171 ], [ 55.1874013, 25.1017827 ], [ 55.1873597, 25.1017384 ], [ 55.1873151, 25.1017727 ], [ 55.1873567, 25.1018171 ] ] ] ] } },
{ "type": "Feature", "properties": { "full_id": "w1133041940", "osm_id": "1133041940", "osm_type": "way", "building": "yes", "height": null, "wikidata": null, "website": null, "phone": null, "name:en": null, "name": null, "addr:street": null, "building:levels": null, "type": null }, "geometry": { "type": "MultiPolygon", "coordinates": [ [ [ [ 55.1871157, 25.101545 ], [ 55.1871952, 25.1014853 ], [ 55.187153, 25.1014392 ], [ 55.1870734, 25.1014989 ], [ 55.1871157, 25.101545 ] ] ] ] } },
{ "type": "Feature", "properties": { "full_id": "w1133041941", "osm_id": "1133041941", "osm_type": "way", "building": "yes", "height": null, "wikidata": null, "website": null, "phone": null, "name:en": null, "name": null, "addr:street": null, "building:levels": null, "type": null }, "geometry": { "type": "MultiPolygon", "coordinates": [ [ [ [ 55.1870352, 25.1015645 ], [ 55.1870862, 25.1015317 ], [ 55.187059, 25.101497 ], [ 55.187008, 25.1015298 ], [ 55.1870352, 25.1015645 ] ] ] ] } },
{ "type": "Feature", "properties": { "full_id": "w1133041942", "osm_id": "1133041942", "osm_type": "way", "building": "yes", "height": null, "wikidata": null, "website": null, "phone": null, "name:en": null, "name": null, "addr:street": null, "building:levels": null, "type": null }, "geometry": { "type": "MultiPolygon", "coordinates": [ [ [ [ 55.1864679, 25.1020385 ], [ 55.1865054, 25.102078 ], [ 55.1865741, 25.1020244 ], [ 55.1865366, 25.101985 ], [ 55.1864679, 25.1020385 ] ] ] ] } },
{ "type": "Feature", "properties": { "full_id": "w1133041943", "osm_id": "1133041943", "osm_type": "way", "building": "yes", "height": null, "wikidata": null, "website": null, "phone": null, "name:en": null, "name": null, "addr:street": null, "building:levels": null, "type": null }, "geometry": { "type": "MultiPolygon", "coordinates": [ [ [ [ 55.1868421, 25.1017484 ], [ 55.1868005, 25.1016986 ], [ 55.1867728, 25.1017176 ], [ 55.1868144, 25.1017674 ], [ 55.1868421, 25.1017484 ] ] ] ] } },
{ "type": "Feature", "properties": { "full_id": "w1133041944", "osm_id": "1133041944", "osm_type": "way", "building": "yes", "height": null, "wikidata": null, "website": null, "phone": null, "name:en": null, "name": null, "addr:street": null, "building:levels": null, "type": null }, "geometry": { "type": "MultiPolygon", "coordinates": [ [ [ [ 55.1868012, 25.1017679 ], [ 55.186655, 25.1015997 ], [ 55.186589, 25.1016467 ], [ 55.1867352, 25.1018149 ], [ 55.1868012, 25.1017679 ] ] ] ] } },
{ "type": "Feature", "properties": { "full_id": "w1133041945", "osm_id": "1133041945", "osm_type": "way", "building": "yes", "height": null, "wikidata": null, "website": null, "phone": null, "name:en": null, "name": null, "addr:street": null, "building:levels": null, "type": null }, "geometry": { "type": "MultiPolygon", "coordinates": [ [ [ [ 55.1866879, 25.101511 ], [ 55.1867576, 25.1014612 ], [ 55.1867246, 25.1014234 ], [ 55.1866549, 25.1014732 ], [ 55.1866879, 25.101511 ] ] ] ] } },
{ "type": "Feature", "properties": { "full_id": "w1133041946", "osm_id": "1133041946", "osm_type": "way", "building": "yes", "height": null, "wikidata": null, "website": null, "phone": null, "name:en": null, "name": null, "addr:street": null, "building:levels": null, "type": null }, "geometry": { "type": "MultiPolygon", "coordinates": [ [ [ [ 55.1865491, 25.1010653 ], [ 55.1865987, 25.1010307 ], [ 55.1865673, 25.1009938 ], [ 55.1865177, 25.1010284 ], [ 55.1865491, 25.1010653 ] ] ] ] } },
{ "type": "Feature", "properties": { "full_id": "w1133041947", "osm_id": "1133041947", "osm_type": "way", "building": "yes", "height": null, "wikidata": null, "website": null, "phone": null, "name:en": null, "name": null, "addr:street": null, "building:levels": null, "type": null }, "geometry": { "type": "MultiPolygon", "coordinates": [ [ [ [ 55.1862346, 25.1011345 ], [ 55.1861548, 25.1010507 ], [ 55.1861317, 25.1010688 ], [ 55.1862115, 25.1011526 ], [ 55.1862346, 25.1011345 ] ] ] ] } },
{ "type": "Feature", "properties": { "full_id": "w1133041948", "osm_id": "1133041948", "osm_type": "way", "building": "yes", "height": null, "wikidata": null, "website": null, "phone": null, "name:en": null, "name": null, "addr:street": null, "building:levels": null, "type": null }, "geometry": { "type": "MultiPolygon", "coordinates": [ [ [ [ 55.1864438, 25.10098 ], [ 55.186605, 25.1008637 ], [ 55.186575, 25.1008296 ], [ 55.1864137, 25.1009458 ], [ 55.1864438, 25.10098 ] ] ] ] } },
{ "type": "Feature", "properties": { "full_id": "w1133041949", "osm_id": "1133041949", "osm_type": "way", "building": "yes", "height": null, "wikidata": null, "website": null, "phone": null, "name:en": null, "name": null, "addr:street": null, "building:levels": null, "type": null }, "geometry": { "type": "MultiPolygon", "coordinates": [ [ [ [ 55.1863211, 25.1007805 ], [ 55.1864082, 25.1007168 ], [ 55.1863831, 25.1006886 ], [ 55.1862959, 25.1007523 ], [ 55.1863211, 25.1007805 ] ] ] ] } },
{ "type": "Feature", "properties": { "full_id": "w1133041950", "osm_id": "1133041950", "osm_type": "way", "building": "yes", "height": null, "wikidata": null, "website": null, "phone": null, "name:en": null, "name": null, "addr:street": null, "building:levels": null, "type": null }, "geometry": { "type": "MultiPolygon", "coordinates": [ [ [ [ 55.1882203, 25.1013874 ], [ 55.1883569, 25.1012911 ], [ 55.1883089, 25.1012353 ], [ 55.1882523, 25.1012751 ], [ 55.1881924, 25.1012054 ], [ 55.1882234, 25.1011835 ], [ 55.1881652, 25.1011158 ], [ 55.1880541, 25.101194 ], [ 55.1882203, 25.1013874 ] ] ] ] } },
{ "type": "Feature", "properties": { "full_id": "w1133041951", "osm_id": "1133041951", "osm_type": "way", "building": "yes", "height": null, "wikidata": null, "website": null, "phone": null, "name:en": null, "name": null, "addr:street": null, "building:levels": null, "type": null }, "geometry": { "type": "MultiPolygon", "coordinates": [ [ [ [ 55.1880155, 25.1011716 ], [ 55.1881456, 25.101075 ], [ 55.1881039, 25.101029 ], [ 55.1879738, 25.1011255 ], [ 55.1880155, 25.1011716 ] ] ] ] } },
{ "type": "Feature", "properties": { "full_id": "w1133041952", "osm_id": "1133041952", "osm_type": "way", "building": "yes", "height": null, "wikidata": null, "website": null, "phone": null, "name:en": null, "name": null, "addr:street": null, "building:levels": null, "type": null }, "geometry": { "type": "MultiPolygon", "coordinates": [ [ [ [ 55.1878841, 25.1007975 ], [ 55.1879218, 25.1008372 ], [ 55.1879895, 25.1007843 ], [ 55.1879518, 25.1007447 ], [ 55.1878841, 25.1007975 ] ] ] ] } },
{ "type": "Feature", "properties": { "full_id": "w1133041953", "osm_id": "1133041953", "osm_type": "way", "building": "yes", "height": null, "wikidata": null, "website": null, "phone": null, "name:en": null, "name": null, "addr:street": null, "building:levels": null, "type": null }, "geometry": { "type": "MultiPolygon", "coordinates": [ [ [ [ 55.1874422, 25.101392 ], [ 55.1874693, 25.1014245 ], [ 55.1875538, 25.1013668 ], [ 55.1875267, 25.1013343 ], [ 55.1874422, 25.101392 ] ] ] ] } },
{ "type": "Feature", "properties": { "full_id": "w1133041954", "osm_id": "1133041954", "osm_type": "way", "building": "yes", "height": null, "wikidata": null, "website": null, "phone": null, "name:en": null, "name": null, "addr:street": null, "building:levels": null, "type": null }, "geometry": { "type": "MultiPolygon", "coordinates": [ [ [ [ 55.187296, 25.1012274 ], [ 55.1873318, 25.1012702 ], [ 55.187423, 25.1012077 ], [ 55.1873872, 25.1011649 ], [ 55.187296, 25.1012274 ] ] ] ] } },
{ "type": "Feature", "properties": { "full_id": "w1133041955", "osm_id": "1133041955", "osm_type": "way", "building": "yes", "height": null, "wikidata": null, "website": null, "phone": null, "name:en": null, "name": null, "addr:street": null, "building:levels": null, "type": null }, "geometry": { "type": "MultiPolygon", "coordinates": [ [ [ [ 55.1878151, 25.1011789 ], [ 55.1877306, 25.1010823 ], [ 55.1876994, 25.1011046 ], [ 55.1877839, 25.1012012 ], [ 55.1878151, 25.1011789 ] ] ] ] } },
{ "type": "Feature", "properties": { "full_id": "w1133041956", "osm_id": "1133041956", "osm_type": "way", "building": "yes", "height": null, "wikidata": null, "website": null, "phone": null, "name:en": null, "name": null, "addr:street": null, "building:levels": null, "type": null }, "geometry": { "type": "MultiPolygon", "coordinates": [ [ [ [ 55.1877208, 25.1011394 ], [ 55.1875991, 25.1009961 ], [ 55.1875637, 25.1010207 ], [ 55.1876854, 25.1011641 ], [ 55.1877208, 25.1011394 ] ] ] ] } },
{ "type": "Feature", "properties": { "full_id": "w1133041957", "osm_id": "1133041957", "osm_type": "way", "building": "yes", "height": null, "wikidata": null, "website": null, "phone": null, "name:en": null, "name": null, "addr:street": null, "building:levels": null, "type": null }, "geometry": { "type": "MultiPolygon", "coordinates": [ [ [ [ 55.1876162, 25.1011036 ], [ 55.187577, 25.1010602 ], [ 55.1875553, 25.1010762 ], [ 55.1875945, 25.1011196 ], [ 55.1876162, 25.1011036 ] ] ] ] } },
{ "type": "Feature", "properties": { "full_id": "w1133041958", "osm_id": "1133041958", "osm_type": "way", "building": "yes", "height": null, "wikidata": null, "website": null, "phone": null, "name:en": null, "name": null, "addr:street": null, "building:levels": null, "type": null }, "geometry": { "type": "MultiPolygon", "coordinates": [ [ [ [ 55.1870446, 25.1009618 ], [ 55.1869987, 25.1009955 ], [ 55.1870647, 25.1010693 ], [ 55.1871106, 25.1010356 ], [ 55.1870446, 25.1009618 ] ] ] ] } },
{ "type": "Feature", "properties": { "full_id": "w1133041959", "osm_id": "1133041959", "osm_type": "way", "building": "yes", "height": null, "wikidata": null, "website": null, "phone": null, "name:en": null, "name": null, "addr:street": null, "building:levels": null, "type": null }, "geometry": { "type": "MultiPolygon", "coordinates": [ [ [ [ 55.1869608, 25.1008689 ], [ 55.1869262, 25.1008941 ], [ 55.1869805, 25.1009551 ], [ 55.1870151, 25.1009299 ], [ 55.1869608, 25.1008689 ] ] ] ] } },
{ "type": "Feature", "properties": { "full_id": "w1133041960", "osm_id": "1133041960", "osm_type": "way", "building": "yes", "height": null, "wikidata": null, "website": null, "phone": null, "name:en": null, "name": null, "addr:street": null, "building:levels": null, "type": null }, "geometry": { "type": "MultiPolygon", "coordinates": [ [ [ [ 55.1869512, 25.1008528 ], [ 55.1868969, 25.1007928 ], [ 55.1868667, 25.1008152 ], [ 55.1869211, 25.1008752 ], [ 55.1869512, 25.1008528 ] ] ] ] } },
{ "type": "Feature", "properties": { "full_id": "w1133041961", "osm_id": "1133041961", "osm_type": "way", "building": "yes", "height": null, "wikidata": null, "website": null, "phone": null, "name:en": null, "name": null, "addr:street": null, "building:levels": null, "type": null }, "geometry": { "type": "MultiPolygon", "coordinates": [ [ [ [ 55.1869433, 25.1008327 ], [ 55.1869983, 25.1007936 ], [ 55.1869587, 25.100748 ], [ 55.1869037, 25.1007872 ], [ 55.1869433, 25.1008327 ] ] ] ] } },
{ "type": "Feature", "properties": { "full_id": "w1133041962", "osm_id": "1133041962", "osm_type": "way", "building": "yes", "height": null, "wikidata": null, "website": null, "phone": null, "name:en": null, "name": null, "addr:street": null, "building:levels": null, "type": null }, "geometry": { "type": "MultiPolygon", "coordinates": [ [ [ [ 55.1871026, 25.1009876 ], [ 55.1871556, 25.1009466 ], [ 55.1871225, 25.1009116 ], [ 55.1870695, 25.1009526 ], [ 55.1871026, 25.1009876 ] ] ] ] } },
{ "type": "Feature", "properties": { "full_id": "w1133041963", "osm_id": "1133041963", "osm_type": "way", "building": "yes", "height": null, "wikidata": null, "website": null, "phone": null, "name:en": null, "name": null, "addr:street": null, "building:levels": null, "type": null }, "geometry": { "type": "MultiPolygon", "coordinates": [ [ [ [ 55.1871794, 25.1006481 ], [ 55.1872209, 25.1006166 ], [ 55.1871896, 25.1005827 ], [ 55.187148, 25.1006143 ], [ 55.1871794, 25.1006481 ] ] ] ] } },
{ "type": "Feature", "properties": { "full_id": "w1133041964", "osm_id": "1133041964", "osm_type": "way", "building": "yes", "height": null, "wikidata": null, "website": null, "phone": null, "name:en": null, "name": null, "addr:street": null, "building:levels": null, "type": null }, "geometry": { "type": "MultiPolygon", "coordinates": [ [ [ [ 55.1871539, 25.1010222 ], [ 55.1872498, 25.1009524 ], [ 55.1872183, 25.1009169 ], [ 55.1871224, 25.1009867 ], [ 55.1871539, 25.1010222 ] ] ] ] } },
{ "type": "Feature", "properties": { "full_id": "w1133041965", "osm_id": "1133041965", "osm_type": "way", "building": "yes", "height": null, "wikidata": null, "website": null, "phone": null, "name:en": null, "name": null, "addr:street": null, "building:levels": null, "type": null }, "geometry": { "type": "MultiPolygon", "coordinates": [ [ [ [ 55.1875207, 25.100908 ], [ 55.1874053, 25.1007823 ], [ 55.1873647, 25.1008129 ], [ 55.1874801, 25.1009386 ], [ 55.1875207, 25.100908 ] ] ] ] } },
{ "type": "Feature", "properties": { "full_id": "w1133041966", "osm_id": "1133041966", "osm_type": "way", "building": "yes", "height": null, "wikidata": null, "website": null, "phone": null, "name:en": null, "name": null, "addr:street": null, "building:levels": null, "type": null }, "geometry": { "type": "MultiPolygon", "coordinates": [ [ [ [ 55.1874885, 25.1004666 ], [ 55.1876246, 25.1003688 ], [ 55.1875704, 25.100307 ], [ 55.1874343, 25.1004047 ], [ 55.1874885, 25.1004666 ] ] ] ] } },
{ "type": "Feature", "properties": { "full_id": "w1133041967", "osm_id": "1133041967", "osm_type": "way", "building": "yes", "height": null, "wikidata": null, "website": null, "phone": null, "name:en": null, "name": null, "addr:street": null, "building:levels": null, "type": null }, "geometry": { "type": "MultiPolygon", "coordinates": [ [ [ [ 55.1877041, 25.1005407 ], [ 55.187752, 25.1005033 ], [ 55.1877175, 25.1004671 ], [ 55.1876696, 25.1005045 ], [ 55.1877041, 25.1005407 ] ] ] ] } },
{ "type": "Feature", "properties": { "full_id": "w1133041968", "osm_id": "1133041968", "osm_type": "way", "building": "yes", "height": null, "wikidata": null, "website": null, "phone": null, "name:en": null, "name": null, "addr:street": null, "building:levels": null, "type": null }, "geometry": { "type": "MultiPolygon", "coordinates": [ [ [ [ 55.1876325, 25.1005967 ], [ 55.1877041, 25.1005407 ], [ 55.1876696, 25.1005045 ], [ 55.187598, 25.1005605 ], [ 55.1876325, 25.1005967 ] ] ] ] } },
{ "type": "Feature", "properties": { "full_id": "w1133041969", "osm_id": "1133041969", "osm_type": "way", "building": "yes", "height": null, "wikidata": null, "website": null, "phone": null, "name:en": null, "name": null, "addr:street": null, "building:levels": null, "type": null }, "geometry": { "type": "MultiPolygon", "coordinates": [ [ [ [ 55.1876414, 25.100469 ], [ 55.1876883, 25.1004332 ], [ 55.1876373, 25.1003784 ], [ 55.1875904, 25.1004142 ], [ 55.1876414, 25.100469 ] ] ] ] } },
{ "type": "Feature", "properties": { "full_id": "w1133041970", "osm_id": "1133041970", "osm_type": "way", "building": "yes", "height": null, "wikidata": null, "website": null, "phone": null, "name:en": null, "name": null, "addr:street": null, "building:levels": null, "type": null }, "geometry": { "type": "MultiPolygon", "coordinates": [ [ [ [ 55.1872926, 25.1005593 ], [ 55.1873255, 25.1005363 ], [ 55.1873032, 25.10051 ], [ 55.1872703, 25.100533 ], [ 55.1872926, 25.1005593 ] ] ] ] } },
{ "type": "Feature", "properties": { "full_id": "w1133041971", "osm_id": "1133041971", "osm_type": "way", "building": "yes", "height": null, "wikidata": null, "website": null, "phone": null, "name:en": null, "name": null, "addr:street": null, "building:levels": null, "type": null }, "geometry": { "type": "MultiPolygon", "coordinates": [ [ [ [ 55.1873443, 25.1005206 ], [ 55.1873839, 25.1004869 ], [ 55.187363, 25.1004669 ], [ 55.1873235, 25.1005006 ], [ 55.1873443, 25.1005206 ] ] ] ] } },
{ "type": "Feature", "properties": { "full_id": "w1133041972", "osm_id": "1133041972", "osm_type": "way", "building": "yes", "height": null, "wikidata": null, "website": null, "phone": null, "name:en": null, "name": null, "addr:street": null, "building:levels": null, "type": null }, "geometry": { "type": "MultiPolygon", "coordinates": [ [ [ [ 55.1865655, 25.1004848 ], [ 55.1866226, 25.1005585 ], [ 55.1866837, 25.1005197 ], [ 55.1866517, 25.1004785 ], [ 55.1866689, 25.1004675 ], [ 55.1866438, 25.1004351 ], [ 55.1865655, 25.1004848 ] ] ] ] } },
{ "type": "Feature", "properties": { "full_id": "w1133041973", "osm_id": "1133041973", "osm_type": "way", "building": "yes", "height": null, "wikidata": null, "website": null, "phone": null, "name:en": null, "name": null, "addr:street": null, "building:levels": null, "type": null }, "geometry": { "type": "MultiPolygon", "coordinates": [ [ [ [ 55.1863187, 25.1001411 ], [ 55.1862711, 25.1001767 ], [ 55.186311, 25.1002204 ], [ 55.1863586, 25.1001848 ], [ 55.1863187, 25.1001411 ] ] ] ] } },
{ "type": "Feature", "properties": { "full_id": "w1133041974", "osm_id": "1133041974", "osm_type": "way", "building": "yes", "height": null, "wikidata": null, "website": null, "phone": null, "name:en": null, "name": null, "addr:street": null, "building:levels": null, "type": null }, "geometry": { "type": "MultiPolygon", "coordinates": [ [ [ [ 55.1861259, 25.0999228 ], [ 55.1860865, 25.099953 ], [ 55.1861445, 25.1000152 ], [ 55.1861839, 25.0999851 ], [ 55.1861259, 25.0999228 ] ] ] ] } },
{ "type": "Feature", "properties": { "full_id": "w1133041975", "osm_id": "1133041975", "osm_type": "way", "building": "yes", "height": null, "wikidata": null, "website": null, "phone": null, "name:en": null, "name": null, "addr:street": null, "building:levels": null, "type": null }, "geometry": { "type": "MultiPolygon", "coordinates": [ [ [ [ 55.1855838, 25.0991452 ], [ 55.1856127, 25.099178 ], [ 55.1856656, 25.0991398 ], [ 55.1856368, 25.099107 ], [ 55.1855838, 25.0991452 ] ] ] ] } },
{ "type": "Feature", "properties": { "full_id": "w1133041976", "osm_id": "1133041976", "osm_type": "way", "building": "yes", "height": null, "wikidata": null, "website": null, "phone": null, "name:en": null, "name": null, "addr:street": null, "building:levels": null, "type": null }, "geometry": { "type": "MultiPolygon", "coordinates": [ [ [ [ 55.1849452, 25.0998157 ], [ 55.1850196, 25.0997636 ], [ 55.1849981, 25.0997384 ], [ 55.1849236, 25.0997906 ], [ 55.1849452, 25.0998157 ] ] ] ] } },
{ "type": "Feature", "properties": { "full_id": "w1133041977", "osm_id": "1133041977", "osm_type": "way", "building": "yes", "height": null, "wikidata": null, "website": null, "phone": null, "name:en": null, "name": null, "addr:street": null, "building:levels": null, "type": null }, "geometry": { "type": "MultiPolygon", "coordinates": [ [ [ [ 55.1866892, 25.0987208 ], [ 55.1867473, 25.0986767 ], [ 55.1866903, 25.0986151 ], [ 55.1866322, 25.0986591 ], [ 55.1866892, 25.0987208 ] ] ] ] } },
{ "type": "Feature", "properties": { "full_id": "w1133041978", "osm_id": "1133041978", "osm_type": "way", "building": "yes", "height": null, "wikidata": null, "website": null, "phone": null, "name:en": null, "name": null, "addr:street": null, "building:levels": null, "type": null }, "geometry": { "type": "MultiPolygon", "coordinates": [ [ [ [ 55.1861137, 25.0987462 ], [ 55.1861528, 25.0987164 ], [ 55.1860641, 25.0986209 ], [ 55.1860447, 25.0986356 ], [ 55.1860531, 25.0986447 ], [ 55.1860334, 25.0986597 ], [ 55.1861137, 25.0987462 ] ] ] ] } },
{ "type": "Feature", "properties": { "full_id": "w1133041979", "osm_id": "1133041979", "osm_type": "way", "building": "yes", "height": null, "wikidata": null, "website": null, "phone": null, "name:en": null, "name": null, "addr:street": null, "building:levels": null, "type": null }, "geometry": { "type": "MultiPolygon", "coordinates": [ [ [ [ 55.1860478, 25.0985851 ], [ 55.1861501, 25.0987018 ], [ 55.186198, 25.0986673 ], [ 55.1860957, 25.0985506 ], [ 55.186067, 25.0985713 ], [ 55.1860478, 25.0985851 ] ] ] ] } },
{ "type": "Feature", "properties": { "full_id": "w1133041980", "osm_id": "1133041980", "osm_type": "way", "building": "yes", "height": null, "wikidata": null, "website": null, "phone": null, "name:en": null, "name": null, "addr:street": null, "building:levels": null, "type": null }, "geometry": { "type": "MultiPolygon", "coordinates": [ [ [ [ 55.1866098, 25.0998126 ], [ 55.1864759, 25.0996578 ], [ 55.1864371, 25.0996853 ], [ 55.1864879, 25.0997441 ], [ 55.1865709, 25.0998401 ], [ 55.1866098, 25.0998126 ] ] ] ] } },
{ "type": "Feature", "properties": { "full_id": "w1133041981", "osm_id": "1133041981", "osm_type": "way", "building": "yes", "height": null, "wikidata": null, "website": null, "phone": null, "name:en": null, "name": null, "addr:street": null, "building:levels": null, "type": null }, "geometry": { "type": "MultiPolygon", "coordinates": [ [ [ [ 55.1863415, 25.0997306 ], [ 55.1863597, 25.0997517 ], [ 55.186399, 25.0997238 ], [ 55.1864436, 25.0997754 ], [ 55.1864879, 25.0997441 ], [ 55.1864371, 25.0996853 ], [ 55.186425, 25.0996714 ], [ 55.1863415, 25.0997306 ] ] ] ] } },
{ "type": "Feature", "properties": { "full_id": "w1133041982", "osm_id": "1133041982", "osm_type": "way", "building": "yes", "height": null, "wikidata": null, "website": null, "phone": null, "name:en": null, "name": null, "addr:street": null, "building:levels": null, "type": null }, "geometry": { "type": "MultiPolygon", "coordinates": [ [ [ [ 55.1869829, 25.0995709 ], [ 55.1869339, 25.0995169 ], [ 55.1869023, 25.0995403 ], [ 55.1869513, 25.0995944 ], [ 55.1869829, 25.0995709 ] ] ] ] } },
{ "type": "Feature", "properties": { "full_id": "w1133041983", "osm_id": "1133041983", "osm_type": "way", "building": "yes", "height": null, "wikidata": null, "website": null, "phone": null, "name:en": null, "name": null, "addr:street": null, "building:levels": null, "type": null }, "geometry": { "type": "MultiPolygon", "coordinates": [ [ [ [ 55.1867469, 25.0994419 ], [ 55.1867822, 25.0994808 ], [ 55.1868177, 25.0994544 ], [ 55.1867824, 25.0994155 ], [ 55.1867469, 25.0994419 ] ] ] ] } },
{ "type": "Feature", "properties": { "full_id": "w1133041984", "osm_id": "1133041984", "osm_type": "way", "building": "yes", "height": null, "wikidata": null, "website": null, "phone": null, "name:en": null, "name": null, "addr:street": null, "building:levels": null, "type": null }, "geometry": { "type": "MultiPolygon", "coordinates": [ [ [ [ 55.1866262, 25.0995272 ], [ 55.1866645, 25.0995718 ], [ 55.1867765, 25.0994929 ], [ 55.1867381, 25.0994483 ], [ 55.1866262, 25.0995272 ] ] ] ] } },
{ "type": "Feature", "properties": { "full_id": "w1133048604", "osm_id": "1133048604", "osm_type": "way", "building": "yes", "height": null, "wikidata": null, "website": null, "phone": null, "name:en": null, "name": null, "addr:street": null, "building:levels": null, "type": null }, "geometry": { "type": "MultiPolygon", "coordinates": [ [ [ [ 55.185712, 25.1008068 ], [ 55.1857528, 25.1007729 ], [ 55.1857264, 25.1007469 ], [ 55.1856856, 25.1007807 ], [ 55.185712, 25.1008068 ] ] ] ] } },
{ "type": "Feature", "properties": { "full_id": "w1133048605", "osm_id": "1133048605", "osm_type": "way", "building": "yes", "height": null, "wikidata": null, "website": null, "phone": null, "name:en": null, "name": null, "addr:street": null, "building:levels": null, "type": null }, "geometry": { "type": "MultiPolygon", "coordinates": [ [ [ [ 55.1860274, 25.1008249 ], [ 55.1859757, 25.1007647 ], [ 55.185947, 25.1007849 ], [ 55.1859987, 25.1008451 ], [ 55.1860274, 25.1008249 ] ] ] ] } },
{ "type": "Feature", "properties": { "full_id": "w1133048606", "osm_id": "1133048606", "osm_type": "way", "building": "yes", "height": null, "wikidata": null, "website": null, "phone": null, "name:en": null, "name": null, "addr:street": null, "building:levels": null, "type": null }, "geometry": { "type": "MultiPolygon", "coordinates": [ [ [ [ 55.1860099, 25.1008716 ], [ 55.1859382, 25.1007921 ], [ 55.1858816, 25.1008339 ], [ 55.1859533, 25.1009135 ], [ 55.1860099, 25.1008716 ] ] ] ] } },
{ "type": "Feature", "properties": { "full_id": "w1133048607", "osm_id": "1133048607", "osm_type": "way", "building": "yes", "height": null, "wikidata": null, "website": null, "phone": null, "name:en": null, "name": null, "addr:street": null, "building:levels": null, "type": null }, "geometry": { "type": "MultiPolygon", "coordinates": [ [ [ [ 55.1857799, 25.1006894 ], [ 55.1858267, 25.1006552 ], [ 55.1856483, 25.1004554 ], [ 55.1856016, 25.1004897 ], [ 55.1857799, 25.1006894 ] ] ] ] } },
{ "type": "Feature", "properties": { "full_id": "w1133048608", "osm_id": "1133048608", "osm_type": "way", "building": "yes", "height": null, "wikidata": null, "website": null, "phone": null, "name:en": null, "name": null, "addr:street": null, "building:levels": null, "type": null }, "geometry": { "type": "MultiPolygon", "coordinates": [ [ [ [ 55.1854946, 25.10036 ], [ 55.1855253, 25.100338 ], [ 55.1854859, 25.100293 ], [ 55.1854552, 25.1003151 ], [ 55.1854946, 25.10036 ] ] ] ] } },
{ "type": "Feature", "properties": { "full_id": "w1133048609", "osm_id": "1133048609", "osm_type": "way", "building": "yes", "height": null, "wikidata": null, "website": null, "phone": null, "name:en": null, "name": null, "addr:street": null, "building:levels": null, "type": null }, "geometry": { "type": "MultiPolygon", "coordinates": [ [ [ [ 55.1860327, 25.100503 ], [ 55.1861595, 25.1004138 ], [ 55.1861221, 25.1003702 ], [ 55.1860223, 25.1004376 ], [ 55.186018, 25.1004879 ], [ 55.1860327, 25.100503 ] ] ] ] } },
{ "type": "Feature", "properties": { "full_id": "w1133048610", "osm_id": "1133048610", "osm_type": "way", "building": "yes", "height": null, "wikidata": null, "website": null, "phone": null, "name:en": null, "name": null, "addr:street": null, "building:levels": null, "type": null }, "geometry": { "type": "MultiPolygon", "coordinates": [ [ [ [ 55.1856495, 25.100432 ], [ 55.1856016, 25.1003831 ], [ 55.1855842, 25.1003971 ], [ 55.1856321, 25.100446 ], [ 55.1856495, 25.100432 ] ] ] ] } },
{ "type": "Feature", "properties": { "full_id": "w1133048611", "osm_id": "1133048611", "osm_type": "way", "building": "yes", "height": null, "wikidata": null, "website": null, "phone": null, "name:en": null, "name": null, "addr:street": null, "building:levels": null, "type": null }, "geometry": { "type": "MultiPolygon", "coordinates": [ [ [ [ 55.1856901, 25.1004059 ], [ 55.1858161, 25.1003105 ], [ 55.1857826, 25.1002741 ], [ 55.1856565, 25.1003695 ], [ 55.1856901, 25.1004059 ] ] ] ] } },
{ "type": "Feature", "properties": { "full_id": "w1133048612", "osm_id": "1133048612", "osm_type": "way", "building": "yes", "height": null, "wikidata": null, "website": null, "phone": null, "name:en": null, "name": null, "addr:street": null, "building:levels": null, "type": null }, "geometry": { "type": "MultiPolygon", "coordinates": [ [ [ [ 55.1858386, 25.1002793 ], [ 55.1859472, 25.1001979 ], [ 55.1859137, 25.1001611 ], [ 55.185805, 25.1002425 ], [ 55.1858386, 25.1002793 ] ] ] ] } },
{ "type": "Feature", "properties": { "full_id": "w1133048613", "osm_id": "1133048613", "osm_type": "way", "building": "yes", "height": null, "wikidata": null, "website": null, "phone": null, "name:en": null, "name": null, "addr:street": null, "building:levels": null, "type": null }, "geometry": { "type": "MultiPolygon", "coordinates": [ [ [ [ 55.1859355, 25.1001229 ], [ 55.1859728, 25.1001641 ], [ 55.1860116, 25.1001353 ], [ 55.1859744, 25.1000941 ], [ 55.1859355, 25.1001229 ] ] ] ] } },
{ "type": "Feature", "properties": { "full_id": "w1133048614", "osm_id": "1133048614", "osm_type": "way", "building": "yes", "height": null, "wikidata": null, "website": null, "phone": null, "name:en": null, "name": null, "addr:street": null, "building:levels": null, "type": null }, "geometry": { "type": "MultiPolygon", "coordinates": [ [ [ [ 55.1858101, 25.0999872 ], [ 55.185886, 25.1000668 ], [ 55.1859179, 25.1000419 ], [ 55.185842, 25.0999623 ], [ 55.1858101, 25.0999872 ] ] ] ] } },
{ "type": "Feature", "properties": { "full_id": "w1133048615", "osm_id": "1133048615", "osm_type": "way", "building": "yes", "height": null, "wikidata": null, "website": null, "phone": null, "name:en": null, "name": null, "addr:street": null, "building:levels": null, "type": null }, "geometry": { "type": "MultiPolygon", "coordinates": [ [ [ [ 55.185792, 25.0999729 ], [ 55.1858305, 25.0999461 ], [ 55.185793, 25.0999018 ], [ 55.1857544, 25.0999286 ], [ 55.185792, 25.0999729 ] ] ] ] } },
{ "type": "Feature", "properties": { "full_id": "w1133048616", "osm_id": "1133048616", "osm_type": "way", "building": "yes", "height": null, "wikidata": null, "website": null, "phone": null, "name:en": null, "name": null, "addr:street": null, "building:levels": null, "type": null }, "geometry": { "type": "MultiPolygon", "coordinates": [ [ [ [ 55.1857457, 25.0999189 ], [ 55.1857853, 25.0998902 ], [ 55.1857424, 25.0998416 ], [ 55.1857028, 25.0998703 ], [ 55.1857457, 25.0999189 ] ] ] ] } },
{ "type": "Feature", "properties": { "full_id": "w1133048617", "osm_id": "1133048617", "osm_type": "way", "building": "yes", "height": null, "wikidata": null, "website": null, "phone": null, "name:en": null, "name": null, "addr:street": null, "building:levels": null, "type": null }, "geometry": { "type": "MultiPolygon", "coordinates": [ [ [ [ 55.1856089, 25.0997792 ], [ 55.185587, 25.0997948 ], [ 55.1856339, 25.0998489 ], [ 55.1856559, 25.0998332 ], [ 55.1856089, 25.0997792 ] ] ] ] } },
{ "type": "Feature", "properties": { "full_id": "w1133048618", "osm_id": "1133048618", "osm_type": "way", "building": "yes", "height": null, "wikidata": null, "website": null, "phone": null, "name:en": null, "name": null, "addr:street": null, "building:levels": null, "type": null }, "geometry": { "type": "MultiPolygon", "coordinates": [ [ [ [ 55.1853159, 25.1000288 ], [ 55.1854111, 25.1001436 ], [ 55.1855379, 25.1000385 ], [ 55.1855781, 25.1000743 ], [ 55.1856237, 25.1000409 ], [ 55.1856435, 25.100043 ], [ 55.1856636, 25.1000351 ], [ 55.1856716, 25.1000224 ], [ 55.18567, 25.1000096 ], [ 55.1857149, 25.0999817 ], [ 55.1856216, 25.0998687 ], [ 55.1854748, 25.0999747 ], [ 55.1854426, 25.0999468 ], [ 55.1854141, 25.0999729 ], [ 55.1854064, 25.0999723 ], [ 55.185393, 25.0999656 ], [ 55.1853776, 25.0999677 ], [ 55.1853652, 25.0999799 ], [ 55.1853712, 25.099999 ], [ 55.1853159, 25.1000288 ] ] ] ] } },
{ "type": "Feature", "properties": { "full_id": "w1133048619", "osm_id": "1133048619", "osm_type": "way", "building": "yes", "height": null, "wikidata": null, "website": null, "phone": null, "name:en": null, "name": null, "addr:street": null, "building:levels": null, "type": null }, "geometry": { "type": "MultiPolygon", "coordinates": [ [ [ [ 55.1853246, 25.0986695 ], [ 55.1852615, 25.0987151 ], [ 55.1852801, 25.0987362 ], [ 55.1851838, 25.0988059 ], [ 55.1852314, 25.0988599 ], [ 55.1853908, 25.0987446 ], [ 55.1853246, 25.0986695 ] ] ] ] } },
{ "type": "Feature", "properties": { "full_id": "w1133048620", "osm_id": "1133048620", "osm_type": "way", "building": "yes", "height": null, "wikidata": null, "website": null, "phone": null, "name:en": null, "name": null, "addr:street": null, "building:levels": null, "type": null }, "geometry": { "type": "MultiPolygon", "coordinates": [ [ [ [ 55.1853913, 25.0987293 ], [ 55.1854205, 25.0987089 ], [ 55.1853406, 25.0986155 ], [ 55.1853114, 25.098636 ], [ 55.1853913, 25.0987293 ] ] ] ] } },
{ "type": "Feature", "properties": { "full_id": "w1133048621", "osm_id": "1133048621", "osm_type": "way", "building": "yes", "height": null, "wikidata": null, "website": null, "phone": null, "name:en": null, "name": null, "addr:street": null, "building:levels": null, "type": null }, "geometry": { "type": "MultiPolygon", "coordinates": [ [ [ [ 55.1855989, 25.0980553 ], [ 55.185674, 25.0979982 ], [ 55.1856551, 25.0979778 ], [ 55.18558, 25.0980349 ], [ 55.1855989, 25.0980553 ] ] ] ] } },
{ "type": "Feature", "properties": { "full_id": "w1133048622", "osm_id": "1133048622", "osm_type": "way", "building": "yes", "height": null, "wikidata": null, "website": null, "phone": null, "name:en": null, "name": null, "addr:street": null, "building:levels": null, "type": null }, "geometry": { "type": "MultiPolygon", "coordinates": [ [ [ [ 55.1855023, 25.0981852 ], [ 55.1856163, 25.0981063 ], [ 55.1855851, 25.0980693 ], [ 55.1854711, 25.0981482 ], [ 55.1855023, 25.0981852 ] ] ] ] } },
{ "type": "Feature", "properties": { "full_id": "w1133048629", "osm_id": "1133048629", "osm_type": "way", "building": "yes", "height": null, "wikidata": null, "website": null, "phone": null, "name:en": null, "name": null, "addr:street": null, "building:levels": null, "type": null }, "geometry": { "type": "MultiPolygon", "coordinates": [ [ [ [ 55.1878052, 25.1027293 ], [ 55.1879556, 25.1028911 ], [ 55.1881193, 25.1027663 ], [ 55.1879688, 25.1026045 ], [ 55.1878052, 25.1027293 ] ] ] ] } },
{ "type": "Feature", "properties": { "full_id": "w1133055784", "osm_id": "1133055784", "osm_type": "way", "building": "yes", "height": null, "wikidata": null, "website": null, "phone": null, "name:en": null, "name": null, "addr:street": null, "building:levels": null, "type": null }, "geometry": { "type": "MultiPolygon", "coordinates": [ [ [ [ 55.1872753, 25.1029562 ], [ 55.1872414, 25.102981 ], [ 55.187287, 25.103032 ], [ 55.1873209, 25.1030072 ], [ 55.1872753, 25.1029562 ] ] ] ] } },
{ "type": "Feature", "properties": { "full_id": "w1133055785", "osm_id": "1133055785", "osm_type": "way", "building": "yes", "height": null, "wikidata": null, "website": null, "phone": null, "name:en": null, "name": null, "addr:street": null, "building:levels": null, "type": null }, "geometry": { "type": "MultiPolygon", "coordinates": [ [ [ [ 55.1873773, 25.1028858 ], [ 55.1874526, 25.1028309 ], [ 55.1874267, 25.1028018 ], [ 55.1873514, 25.1028567 ], [ 55.1873773, 25.1028858 ] ] ] ] } },
{ "type": "Feature", "properties": { "full_id": "w1133055786", "osm_id": "1133055786", "osm_type": "way", "building": "yes", "height": null, "wikidata": null, "website": null, "phone": null, "name:en": null, "name": null, "addr:street": null, "building:levels": null, "type": null }, "geometry": { "type": "MultiPolygon", "coordinates": [ [ [ [ 55.1876312, 25.1026954 ], [ 55.1876749, 25.1026642 ], [ 55.1876571, 25.1026438 ], [ 55.1876134, 25.102675 ], [ 55.1876312, 25.1026954 ] ] ] ] } },
{ "type": "Feature", "properties": { "full_id": "w1133055787", "osm_id": "1133055787", "osm_type": "way", "building": "yes", "height": null, "wikidata": null, "website": null, "phone": null, "name:en": null, "name": null, "addr:street": null, "building:levels": null, "type": null }, "geometry": { "type": "MultiPolygon", "coordinates": [ [ [ [ 55.1876134, 25.102675 ], [ 55.1875622, 25.1027117 ], [ 55.18758, 25.1027321 ], [ 55.1876312, 25.1026954 ], [ 55.1876134, 25.102675 ] ] ] ] } },
{ "type": "Feature", "properties": { "full_id": "w1133055788", "osm_id": "1133055788", "osm_type": "way", "building": "yes", "height": null, "wikidata": null, "website": null, "phone": null, "name:en": null, "name": null, "addr:street": null, "building:levels": null, "type": null }, "geometry": { "type": "MultiPolygon", "coordinates": [ [ [ [ 55.1874077, 25.1024465 ], [ 55.187273, 25.1022921 ], [ 55.1872452, 25.102312 ], [ 55.1873798, 25.1024664 ], [ 55.1874077, 25.1024465 ] ] ] ] } },
{ "type": "Feature", "properties": { "full_id": "w1133055793", "osm_id": "1133055793", "osm_type": "way", "building": "yes", "height": null, "wikidata": null, "website": null, "phone": null, "name:en": null, "name": null, "addr:street": null, "building:levels": null, "type": null }, "geometry": { "type": "MultiPolygon", "coordinates": [ [ [ [ 55.1866617, 25.101191 ], [ 55.1867012, 25.1012353 ], [ 55.1868326, 25.1011394 ], [ 55.1867931, 25.1010951 ], [ 55.1866617, 25.101191 ] ] ] ] } },
{ "type": "Feature", "properties": { "full_id": "w1133055794", "osm_id": "1133055794", "osm_type": "way", "building": "yes", "height": null, "wikidata": null, "website": null, "phone": null, "name:en": null, "name": null, "addr:street": null, "building:levels": null, "type": null }, "geometry": { "type": "MultiPolygon", "coordinates": [ [ [ [ 55.1872002, 25.1021571 ], [ 55.1870915, 25.1020326 ], [ 55.1870647, 25.1020518 ], [ 55.1871733, 25.1021763 ], [ 55.1872002, 25.1021571 ] ] ] ] } },
{ "type": "Feature", "properties": { "full_id": "w1133055795", "osm_id": "1133055795", "osm_type": "way", "building": "yes", "height": null, "wikidata": null, "website": null, "phone": null, "name:en": null, "name": null, "addr:street": null, "building:levels": null, "type": null }, "geometry": { "type": "MultiPolygon", "coordinates": [ [ [ [ 55.1878896, 25.1022613 ], [ 55.1878256, 25.1021909 ], [ 55.1877899, 25.1022175 ], [ 55.1878538, 25.1022879 ], [ 55.1878896, 25.1022613 ] ] ] ] } },
{ "type": "Feature", "properties": { "full_id": "w1133055796", "osm_id": "1133055796", "osm_type": "way", "building": "yes", "height": null, "wikidata": null, "website": null, "phone": null, "name:en": null, "name": null, "addr:street": null, "building:levels": null, "type": null }, "geometry": { "type": "MultiPolygon", "coordinates": [ [ [ [ 55.1878203, 25.1025635 ], [ 55.1879076, 25.1024977 ], [ 55.1879881, 25.1024387 ], [ 55.1879582, 25.1024077 ], [ 55.1877917, 25.1025322 ], [ 55.1878203, 25.1025635 ] ] ] ] } },
{ "type": "Feature", "properties": { "full_id": "w1133055799", "osm_id": "1133055799", "osm_type": "way", "building": "yes", "height": null, "wikidata": null, "website": null, "phone": null, "name:en": null, "name": null, "addr:street": null, "building:levels": null, "type": null }, "geometry": { "type": "MultiPolygon", "coordinates": [ [ [ [ 55.188997, 25.101684 ], [ 55.1890345, 25.1016561 ], [ 55.1890154, 25.101635 ], [ 55.1889778, 25.1016629 ], [ 55.188997, 25.101684 ] ] ] ] } },
{ "type": "Feature", "properties": { "full_id": "w1133055800", "osm_id": "1133055800", "osm_type": "way", "building": "yes", "height": null, "wikidata": null, "website": null, "phone": null, "name:en": null, "name": null, "addr:street": null, "building:levels": null, "type": null }, "geometry": { "type": "MultiPolygon", "coordinates": [ [ [ [ 55.1871966, 25.0989056 ], [ 55.1871095, 25.0988053 ], [ 55.1870851, 25.0988227 ], [ 55.1871721, 25.098923 ], [ 55.1871966, 25.0989056 ] ] ] ] } },
{ "type": "Feature", "properties": { "full_id": "w1133055801", "osm_id": "1133055801", "osm_type": "way", "building": "yes", "height": null, "wikidata": null, "website": null, "phone": null, "name:en": null, "name": null, "addr:street": null, "building:levels": null, "type": null }, "geometry": { "type": "MultiPolygon", "coordinates": [ [ [ [ 55.1869649, 25.0990412 ], [ 55.1870751, 25.0989612 ], [ 55.1869472, 25.0988167 ], [ 55.186837, 25.0988967 ], [ 55.1869649, 25.0990412 ] ] ] ] } },
{ "type": "Feature", "properties": { "full_id": "w1144637830", "osm_id": "1144637830", "osm_type": "way", "building": "yes", "height": null, "wikidata": null, "website": null, "phone": null, "name:en": null, "name": null, "addr:street": null, "building:levels": null, "type": null }, "geometry": { "type": "MultiPolygon", "coordinates": [ [ [ [ 55.1880087, 25.1026107 ], [ 55.1880395, 25.1025882 ], [ 55.1879595, 25.1024988 ], [ 55.1880093, 25.1024623 ], [ 55.1879881, 25.1024387 ], [ 55.1879076, 25.1024977 ], [ 55.1880087, 25.1026107 ] ] ] ] } },
{ "type": "Feature", "properties": { "full_id": "w1144637831", "osm_id": "1144637831", "osm_type": "way", "building": "yes", "height": null, "wikidata": null, "website": null, "phone": null, "name:en": null, "name": null, "addr:street": null, "building:levels": null, "type": null }, "geometry": { "type": "MultiPolygon", "coordinates": [ [ [ [ 55.1870366, 25.1026857 ], [ 55.1871396, 25.1026065 ], [ 55.1871821, 25.1026518 ], [ 55.1870792, 25.102731 ], [ 55.1870366, 25.1026857 ] ] ] ] } },
{ "type": "Feature", "properties": { "full_id": "w1144637832", "osm_id": "1144637832", "osm_type": "way", "building": "yes", "height": null, "wikidata": null, "website": null, "phone": null, "name:en": null, "name": null, "addr:street": null, "building:levels": null, "type": null }, "geometry": { "type": "MultiPolygon", "coordinates": [ [ [ [ 55.1873255, 25.1021753 ], [ 55.1873764, 25.1022322 ], [ 55.187413, 25.1022053 ], [ 55.1873621, 25.1021484 ], [ 55.1873255, 25.1021753 ] ] ] ] } },
{ "type": "Feature", "properties": { "full_id": "w1144637833", "osm_id": "1144637833", "osm_type": "way", "building": "yes", "height": null, "wikidata": null, "website": null, "phone": null, "name:en": null, "name": null, "addr:street": null, "building:levels": null, "type": null }, "geometry": { "type": "MultiPolygon", "coordinates": [ [ [ [ 55.1874077, 25.1024465 ], [ 55.18744, 25.1024233 ], [ 55.1873133, 25.102278 ], [ 55.1873632, 25.1022423 ], [ 55.1873129, 25.1021846 ], [ 55.1872306, 25.1022434 ], [ 55.187266, 25.102284 ], [ 55.187273, 25.1022921 ], [ 55.1874077, 25.1024465 ] ] ] ] } },
{ "type": "Feature", "properties": { "full_id": "w1144637834", "osm_id": "1144637834", "osm_type": "way", "building": "yes", "height": null, "wikidata": null, "website": null, "phone": null, "name:en": null, "name": null, "addr:street": null, "building:levels": null, "type": null }, "geometry": { "type": "MultiPolygon", "coordinates": [ [ [ [ 55.1872207, 25.1023163 ], [ 55.187266, 25.102284 ], [ 55.1872306, 25.1022434 ], [ 55.1871853, 25.1022758 ], [ 55.1872207, 25.1023163 ] ] ] ] } },
{ "type": "Feature", "properties": { "full_id": "w1144637835", "osm_id": "1144637835", "osm_type": "way", "building": "yes", "height": null, "wikidata": null, "website": null, "phone": null, "name:en": null, "name": null, "addr:street": null, "building:levels": null, "type": null }, "geometry": { "type": "MultiPolygon", "coordinates": [ [ [ [ 55.1870015, 25.1026315 ], [ 55.1870446, 25.1026011 ], [ 55.186979, 25.102525 ], [ 55.1870227, 25.1024941 ], [ 55.1869816, 25.1024465 ], [ 55.1868949, 25.1025078 ], [ 55.1870015, 25.1026315 ] ] ] ] } },
{ "type": "Feature", "properties": { "full_id": "w1146344104", "osm_id": "1146344104", "osm_type": "way", "building": "yes", "height": null, "wikidata": null, "website": null, "phone": null, "name:en": null, "name": null, "addr:street": null, "building:levels": null, "type": null }, "geometry": { "type": "MultiPolygon", "coordinates": [ [ [ [ 55.1858208, 25.098436 ], [ 55.1858497, 25.0984682 ], [ 55.1858952, 25.0984347 ], [ 55.1858664, 25.0984025 ], [ 55.1858208, 25.098436 ] ] ] ] } },
{ "type": "Feature", "properties": { "full_id": "w1146344105", "osm_id": "1146344105", "osm_type": "way", "building": "yes", "height": null, "wikidata": null, "website": null, "phone": null, "name:en": null, "name": null, "addr:street": null, "building:levels": null, "type": null }, "geometry": { "type": "MultiPolygon", "coordinates": [ [ [ [ 55.1860387, 25.0985391 ], [ 55.186067, 25.0985713 ], [ 55.1860957, 25.0985506 ], [ 55.1860674, 25.0985184 ], [ 55.1860387, 25.0985391 ] ] ] ] } },
{ "type": "Feature", "properties": { "full_id": "w1146344106", "osm_id": "1146344106", "osm_type": "way", "building": "yes", "height": null, "wikidata": null, "website": null, "phone": null, "name:en": null, "name": null, "addr:street": null, "building:levels": null, "type": null }, "geometry": { "type": "MultiPolygon", "coordinates": [ [ [ [ 55.1859352, 25.0984563 ], [ 55.1859714, 25.0984961 ], [ 55.1860052, 25.0984709 ], [ 55.185969, 25.0984311 ], [ 55.1859352, 25.0984563 ] ] ] ] } },
{ "type": "Feature", "properties": { "full_id": "w1146344107", "osm_id": "1146344107", "osm_type": "way", "building": "yes", "height": null, "wikidata": null, "website": null, "phone": null, "name:en": null, "name": null, "addr:street": null, "building:levels": null, "type": null }, "geometry": { "type": "MultiPolygon", "coordinates": [ [ [ [ 55.1858887, 25.0983874 ], [ 55.1859182, 25.0984187 ], [ 55.186011, 25.0983472 ], [ 55.1859816, 25.0983159 ], [ 55.1858887, 25.0983874 ] ] ] ] } },
{ "type": "Feature", "properties": { "full_id": "w1146344108", "osm_id": "1146344108", "osm_type": "way", "building": "yes", "height": null, "wikidata": null, "website": null, "phone": null, "name:en": null, "name": null, "addr:street": null, "building:levels": null, "type": null }, "geometry": { "type": "MultiPolygon", "coordinates": [ [ [ [ 55.1864089, 25.0977395 ], [ 55.1864471, 25.0977826 ], [ 55.1866084, 25.0976654 ], [ 55.1865702, 25.0976222 ], [ 55.1864089, 25.0977395 ] ] ] ] } },
{ "type": "Feature", "properties": { "full_id": "w1146417160", "osm_id": "1146417160", "osm_type": "way", "building": "yes", "height": null, "wikidata": null, "website": null, "phone": null, "name:en": null, "name": null, "addr:street": null, "building:levels": null, "type": null }, "geometry": { "type": "MultiPolygon", "coordinates": [ [ [ [ 55.187517, 25.0994228 ], [ 55.1877044, 25.0996304 ], [ 55.1877551, 25.0995929 ], [ 55.1875677, 25.0993852 ], [ 55.187517, 25.0994228 ] ] ] ] } },
{ "type": "Feature", "properties": { "full_id": "w1146417161", "osm_id": "1146417161", "osm_type": "way", "building": "yes", "height": null, "wikidata": null, "website": null, "phone": null, "name:en": null, "name": null, "addr:street": null, "building:levels": null, "type": null }, "geometry": { "type": "MultiPolygon", "coordinates": [ [ [ [ 55.1874074, 25.0991862 ], [ 55.1875706, 25.0993745 ], [ 55.1875992, 25.0993541 ], [ 55.187436, 25.0991659 ], [ 55.1874074, 25.0991862 ] ] ] ] } },
{ "type": "Feature", "properties": { "full_id": "w1146417162", "osm_id": "1146417162", "osm_type": "way", "building": "yes", "height": null, "wikidata": null, "website": null, "phone": null, "name:en": null, "name": null, "addr:street": null, "building:levels": null, "type": null }, "geometry": { "type": "MultiPolygon", "coordinates": [ [ [ [ 55.1874486, 25.0987622 ], [ 55.1874706, 25.0987871 ], [ 55.1875128, 25.0987566 ], [ 55.1875278, 25.0987735 ], [ 55.1875705, 25.0987426 ], [ 55.1875336, 25.0987007 ], [ 55.1874486, 25.0987622 ] ] ] ] } },
{ "type": "Feature", "properties": { "full_id": "w1146417163", "osm_id": "1146417163", "osm_type": "way", "building": "yes", "height": null, "wikidata": null, "website": null, "phone": null, "name:en": null, "name": null, "addr:street": null, "building:levels": null, "type": null }, "geometry": { "type": "MultiPolygon", "coordinates": [ [ [ [ 55.1855439, 25.0987439 ], [ 55.185613, 25.0988228 ], [ 55.1856895, 25.0987716 ], [ 55.1856572, 25.0987372 ], [ 55.1856337, 25.0987317 ], [ 55.1856324, 25.0987068 ], [ 55.1856144, 25.0986933 ], [ 55.1855439, 25.0987439 ] ] ] ] } },
{ "type": "Feature", "properties": { "full_id": "w1146871140", "osm_id": "1146871140", "osm_type": "way", "building": "yes", "height": null, "wikidata": null, "website": null, "phone": null, "name:en": null, "name": null, "addr:street": null, "building:levels": null, "type": null }, "geometry": { "type": "MultiPolygon", "coordinates": [ [ [ [ 55.1872167, 25.0996331 ], [ 55.1872731, 25.0996981 ], [ 55.1873572, 25.0996382 ], [ 55.1873008, 25.0995732 ], [ 55.1872167, 25.0996331 ] ] ] ] } },
{ "type": "Feature", "properties": { "full_id": "w1146875975", "osm_id": "1146875975", "osm_type": "way", "building": "yes", "height": null, "wikidata": null, "website": null, "phone": null, "name:en": null, "name": null, "addr:street": null, "building:levels": null, "type": null }, "geometry": { "type": "MultiPolygon", "coordinates": [ [ [ [ 55.1881474, 25.1010163 ], [ 55.1881722, 25.1010445 ], [ 55.1881956, 25.1010277 ], [ 55.1881708, 25.1009995 ], [ 55.1881474, 25.1010163 ] ] ] ] } },
{ "type": "Feature", "properties": { "full_id": "w1146875976", "osm_id": "1146875976", "osm_type": "way", "building": "yes", "height": null, "wikidata": null, "website": null, "phone": null, "name:en": null, "name": null, "addr:street": null, "building:levels": null, "type": null }, "geometry": { "type": "MultiPolygon", "coordinates": [ [ [ [ 55.1884331, 25.1019671 ], [ 55.1884598, 25.1019957 ], [ 55.1884856, 25.101976 ], [ 55.188459, 25.1019474 ], [ 55.1884331, 25.1019671 ] ] ] ] } },
{ "type": "Feature", "properties": { "full_id": "w1146875977", "osm_id": "1146875977", "osm_type": "way", "building": "yes", "height": null, "wikidata": null, "website": null, "phone": null, "name:en": null, "name": null, "addr:street": null, "building:levels": null, "type": null }, "geometry": { "type": "MultiPolygon", "coordinates": [ [ [ [ 55.1885964, 25.1014552 ], [ 55.1886807, 25.1015507 ], [ 55.1887317, 25.1015139 ], [ 55.1886474, 25.1014183 ], [ 55.1885964, 25.1014552 ] ] ] ] } },
{ "type": "Feature", "properties": { "full_id": "w1146875978", "osm_id": "1146875978", "osm_type": "way", "building": "yes", "height": null, "wikidata": null, "website": null, "phone": null, "name:en": null, "name": null, "addr:street": null, "building:levels": null, "type": null }, "geometry": { "type": "MultiPolygon", "coordinates": [ [ [ [ 55.1891753, 25.1011386 ], [ 55.1892827, 25.1012546 ], [ 55.1894387, 25.1011362 ], [ 55.1893313, 25.1010201 ], [ 55.1891753, 25.1011386 ] ] ] ] } },
{ "type": "Feature", "properties": { "full_id": "w1146875979", "osm_id": "1146875979", "osm_type": "way", "building": "yes", "height": null, "wikidata": null, "website": null, "phone": null, "name:en": null, "name": null, "addr:street": null, "building:levels": null, "type": null }, "geometry": { "type": "MultiPolygon", "coordinates": [ [ [ [ 55.1890656, 25.1011063 ], [ 55.1892592, 25.1013188 ], [ 55.1892983, 25.1012897 ], [ 55.1891046, 25.1010771 ], [ 55.1890656, 25.1011063 ] ] ] ] } },
{ "type": "Feature", "properties": { "full_id": "w1146875980", "osm_id": "1146875980", "osm_type": "way", "building": "yes", "height": null, "wikidata": null, "website": null, "phone": null, "name:en": null, "name": null, "addr:street": null, "building:levels": null, "type": null }, "geometry": { "type": "MultiPolygon", "coordinates": [ [ [ [ 55.1888323, 25.1012842 ], [ 55.18891, 25.1013744 ], [ 55.1889446, 25.1013499 ], [ 55.1889206, 25.101322 ], [ 55.1889392, 25.1013088 ], [ 55.1888856, 25.1012465 ], [ 55.1888323, 25.1012842 ] ] ] ] } },
{ "type": "Feature", "properties": { "full_id": "w1146875981", "osm_id": "1146875981", "osm_type": "way", "building": "yes", "height": null, "wikidata": null, "website": null, "phone": null, "name:en": null, "name": null, "addr:street": null, "building:levels": null, "type": null }, "geometry": { "type": "MultiPolygon", "coordinates": [ [ [ [ 55.1886451, 25.1019487 ], [ 55.1886849, 25.1019937 ], [ 55.1887715, 25.1019308 ], [ 55.1887481, 25.1019044 ], [ 55.1887792, 25.1018818 ], [ 55.1887628, 25.1018632 ], [ 55.1886451, 25.1019487 ] ] ] ] } },
{ "type": "Feature", "properties": { "full_id": "w1146875982", "osm_id": "1146875982", "osm_type": "way", "building": "yes", "height": null, "wikidata": null, "website": null, "phone": null, "name:en": null, "name": null, "addr:street": null, "building:levels": null, "type": null }, "geometry": { "type": "MultiPolygon", "coordinates": [ [ [ [ 55.1886161, 25.1019154 ], [ 55.1886425, 25.1019444 ], [ 55.1887132, 25.1018917 ], [ 55.1886868, 25.1018627 ], [ 55.1886161, 25.1019154 ] ] ] ] } },
{ "type": "Feature", "properties": { "full_id": "w1146875983", "osm_id": "1146875983", "osm_type": "way", "building": "yes", "height": null, "wikidata": null, "website": null, "phone": null, "name:en": null, "name": null, "addr:street": null, "building:levels": null, "type": null }, "geometry": { "type": "MultiPolygon", "coordinates": [ [ [ [ 55.1885606, 25.102073 ], [ 55.188673, 25.1019901 ], [ 55.1886382, 25.1019514 ], [ 55.1885258, 25.1020342 ], [ 55.1885606, 25.102073 ] ] ] ] } },
{ "type": "Feature", "properties": { "full_id": "w1146875984", "osm_id": "1146875984", "osm_type": "way", "building": "yes", "height": null, "wikidata": null, "website": null, "phone": null, "name:en": null, "name": null, "addr:street": null, "building:levels": null, "type": null }, "geometry": { "type": "MultiPolygon", "coordinates": [ [ [ [ 55.1885258, 25.1020342 ], [ 55.1884076, 25.1021213 ], [ 55.1884424, 25.10216 ], [ 55.1885606, 25.102073 ], [ 55.1885258, 25.1020342 ] ] ] ] } },
{ "type": "Feature", "properties": { "full_id": "w1146875985", "osm_id": "1146875985", "osm_type": "way", "building": "yes", "height": null, "wikidata": null, "website": null, "phone": null, "name:en": null, "name": null, "addr:street": null, "building:levels": null, "type": null }, "geometry": { "type": "MultiPolygon", "coordinates": [ [ [ [ 55.1882824, 25.1022156 ], [ 55.1883151, 25.1022518 ], [ 55.1884354, 25.1021626 ], [ 55.1884026, 25.1021264 ], [ 55.1882824, 25.1022156 ] ] ] ] } },
{ "type": "Feature", "properties": { "full_id": "w1146875986", "osm_id": "1146875986", "osm_type": "way", "building": "yes", "height": null, "wikidata": null, "website": null, "phone": null, "name:en": null, "name": null, "addr:street": null, "building:levels": null, "type": null }, "geometry": { "type": "MultiPolygon", "coordinates": [ [ [ [ 55.1883808, 25.1020894 ], [ 55.1884052, 25.1021167 ], [ 55.1884706, 25.1020689 ], [ 55.1884463, 25.1020416 ], [ 55.1883808, 25.1020894 ] ] ] ] } },
{ "type": "Feature", "properties": { "full_id": "w1146875987", "osm_id": "1146875987", "osm_type": "way", "building": "yes", "height": null, "wikidata": null, "website": null, "phone": null, "name:en": null, "name": null, "addr:street": null, "building:levels": null, "type": null }, "geometry": { "type": "MultiPolygon", "coordinates": [ [ [ [ 55.1888839, 25.1017756 ], [ 55.1889109, 25.1018048 ], [ 55.1890309, 25.1017138 ], [ 55.1890039, 25.1016846 ], [ 55.1888839, 25.1017756 ] ] ] ] } },
{ "type": "Feature", "properties": { "full_id": "w1147815164", "osm_id": "1147815164", "osm_type": "way", "building": "yes", "height": null, "wikidata": null, "website": null, "phone": null, "name:en": null, "name": null, "addr:street": null, "building:levels": null, "type": null }, "geometry": { "type": "MultiPolygon", "coordinates": [ [ [ [ 55.1876979, 25.1026553 ], [ 55.1877565, 25.102721 ], [ 55.1877727, 25.1027091 ], [ 55.1877142, 25.1026434 ], [ 55.1876979, 25.1026553 ] ] ] ] } },
{ "type": "Feature", "properties": { "full_id": "w1147815165", "osm_id": "1147815165", "osm_type": "way", "building": "yes", "height": null, "wikidata": null, "website": null, "phone": null, "name:en": null, "name": null, "addr:street": null, "building:levels": null, "type": null }, "geometry": { "type": "MultiPolygon", "coordinates": [ [ [ [ 55.1888317, 25.1017731 ], [ 55.1888496, 25.1017924 ], [ 55.1888721, 25.1017753 ], [ 55.1888542, 25.1017559 ], [ 55.1888317, 25.1017731 ] ] ] ] } },
{ "type": "Feature", "properties": { "full_id": "w1147815168", "osm_id": "1147815168", "osm_type": "way", "building": "yes", "height": null, "wikidata": null, "website": null, "phone": null, "name:en": null, "name": null, "addr:street": null, "building:levels": null, "type": null }, "geometry": { "type": "MultiPolygon", "coordinates": [ [ [ [ 55.1888567, 25.1021837 ], [ 55.1889204, 25.1022567 ], [ 55.1889634, 25.1022258 ], [ 55.1888998, 25.1021529 ], [ 55.1888567, 25.1021837 ] ] ] ] } },
{ "type": "Feature", "properties": { "full_id": "w1147815169", "osm_id": "1147815169", "osm_type": "way", "building": "yes", "height": null, "wikidata": null, "website": null, "phone": null, "name:en": null, "name": null, "addr:street": null, "building:levels": null, "type": null }, "geometry": { "type": "MultiPolygon", "coordinates": [ [ [ [ 55.1890917, 25.1020114 ], [ 55.1891269, 25.1020521 ], [ 55.1891666, 25.102024 ], [ 55.1891314, 25.1019832 ], [ 55.1890917, 25.1020114 ] ] ] ] } },
{ "type": "Feature", "properties": { "full_id": "w1147831092", "osm_id": "1147831092", "osm_type": "way", "building": "yes", "height": null, "wikidata": null, "website": null, "phone": null, "name:en": null, "name": null, "addr:street": null, "building:levels": null, "type": null }, "geometry": { "type": "MultiPolygon", "coordinates": [ [ [ [ 55.1886794, 25.1006269 ], [ 55.1887431, 25.1006979 ], [ 55.1888095, 25.1006491 ], [ 55.1887458, 25.1005781 ], [ 55.1886794, 25.1006269 ] ] ] ] } },
{ "type": "Feature", "properties": { "full_id": "w1147831093", "osm_id": "1147831093", "osm_type": "way", "building": "yes", "height": null, "wikidata": null, "website": null, "phone": null, "name:en": null, "name": null, "addr:street": null, "building:levels": null, "type": null }, "geometry": { "type": "MultiPolygon", "coordinates": [ [ [ [ 55.1881292, 25.099894 ], [ 55.1881617, 25.0999301 ], [ 55.188197, 25.0999041 ], [ 55.1881645, 25.0998679 ], [ 55.1881292, 25.099894 ] ] ] ] } },
{ "type": "Feature", "properties": { "full_id": "w1147872380", "osm_id": "1147872380", "osm_type": "way", "building": "yes", "height": null, "wikidata": null, "website": null, "phone": null, "name:en": null, "name": null, "addr:street": null, "building:levels": null, "type": null }, "geometry": { "type": "MultiPolygon", "coordinates": [ [ [ [ 55.1845884, 25.0993402 ], [ 55.1846608, 25.0994231 ], [ 55.1846888, 25.0994029 ], [ 55.1846164, 25.0993201 ], [ 55.1845884, 25.0993402 ] ] ] ] } },
{ "type": "Feature", "properties": { "full_id": "w1147872389", "osm_id": "1147872389", "osm_type": "way", "building": "yes", "height": null, "wikidata": null, "website": null, "phone": null, "name:en": null, "name": null, "addr:street": null, "building:levels": null, "type": null }, "geometry": { "type": "MultiPolygon", "coordinates": [ [ [ [ 55.1866939, 25.09861 ], [ 55.1867284, 25.0986488 ], [ 55.1867499, 25.0986332 ], [ 55.1867154, 25.0985943 ], [ 55.1866939, 25.09861 ] ] ] ] } },
{ "type": "Feature", "properties": { "full_id": "w1147872390", "osm_id": "1147872390", "osm_type": "way", "building": "yes", "height": null, "wikidata": null, "website": null, "phone": null, "name:en": null, "name": null, "addr:street": null, "building:levels": null, "type": null }, "geometry": { "type": "MultiPolygon", "coordinates": [ [ [ [ 55.1867194, 25.0985921 ], [ 55.186769, 25.0986488 ], [ 55.1868059, 25.0986224 ], [ 55.1867563, 25.0985656 ], [ 55.1867194, 25.0985921 ] ] ] ] } },
{ "type": "Feature", "properties": { "full_id": "w1147872391", "osm_id": "1147872391", "osm_type": "way", "building": "yes", "height": null, "wikidata": null, "website": null, "phone": null, "name:en": null, "name": null, "addr:street": null, "building:levels": null, "type": null }, "geometry": { "type": "MultiPolygon", "coordinates": [ [ [ [ 55.1852765, 25.0988364 ], [ 55.1852895, 25.0988507 ], [ 55.185328, 25.0988223 ], [ 55.1853151, 25.098808 ], [ 55.1852765, 25.0988364 ] ] ] ] } },
{ "type": "Feature", "properties": { "full_id": "w1147872392", "osm_id": "1147872392", "osm_type": "way", "building": "yes", "height": null, "wikidata": null, "website": null, "phone": null, "name:en": null, "name": null, "addr:street": null, "building:levels": null, "type": null }, "geometry": { "type": "MultiPolygon", "coordinates": [ [ [ [ 55.1851751, 25.0989139 ], [ 55.1851942, 25.0989342 ], [ 55.185277, 25.0988705 ], [ 55.1852579, 25.0988501 ], [ 55.1851751, 25.0989139 ] ] ] ] } },
{ "type": "Feature", "properties": { "full_id": "w1148396702", "osm_id": "1148396702", "osm_type": "way", "building": "yes", "height": null, "wikidata": null, "website": null, "phone": null, "name:en": null, "name": null, "addr:street": null, "building:levels": null, "type": null }, "geometry": { "type": "MultiPolygon", "coordinates": [ [ [ [ 55.1856612, 25.1008546 ], [ 55.1856177, 25.1008063 ], [ 55.1854708, 25.100915 ], [ 55.1855144, 25.1009633 ], [ 55.1856612, 25.1008546 ] ] ] ] } },
{ "type": "Feature", "properties": { "full_id": "w1148396703", "osm_id": "1148396703", "osm_type": "way", "building": "yes", "height": null, "wikidata": null, "website": null, "phone": null, "name:en": null, "name": null, "addr:street": null, "building:levels": null, "type": null }, "geometry": { "type": "MultiPolygon", "coordinates": [ [ [ [ 55.1856428, 25.1011093 ], [ 55.1856753, 25.1010872 ], [ 55.18566, 25.1010688 ], [ 55.1856275, 25.1010909 ], [ 55.1856428, 25.1011093 ] ] ] ] } },
{ "type": "Feature", "properties": { "full_id": "w1148396704", "osm_id": "1148396704", "osm_type": "way", "building": "yes", "height": null, "wikidata": null, "website": null, "phone": null, "name:en": null, "name": null, "addr:street": null, "building:levels": null, "type": null }, "geometry": { "type": "MultiPolygon", "coordinates": [ [ [ [ 55.1857578, 25.1010592 ], [ 55.1857122, 25.1010058 ], [ 55.1856629, 25.1010403 ], [ 55.1857085, 25.1010937 ], [ 55.1857578, 25.1010592 ] ] ] ] } },
{ "type": "Feature", "properties": { "full_id": "w1148396705", "osm_id": "1148396705", "osm_type": "way", "building": "yes", "height": null, "wikidata": null, "website": null, "phone": null, "name:en": null, "name": null, "addr:street": null, "building:levels": null, "type": null }, "geometry": { "type": "MultiPolygon", "coordinates": [ [ [ [ 55.1857687, 25.1010494 ], [ 55.1858335, 25.1010012 ], [ 55.1858101, 25.1009755 ], [ 55.1857889, 25.1009913 ], [ 55.1857691, 25.1009695 ], [ 55.1857255, 25.1010019 ], [ 55.1857687, 25.1010494 ] ] ] ] } }
]
}
