{
"type": "FeatureCollection",
"name": "mini",
"crs": { "type": "name", "properties": { "name": "urn:ogc:def:crs:OGC:1.3:CRS84" } },
"features": [
{ "type": "Feature", "properties": { "full_id": "w671614423", "osm_id": "671614423", "osm_type": "way", "building": "yes", "building:flats": null, "nat_name": null, "height": null, "craft": null, "image": null, "email": null, "name:en": null, "building:levels": null, "website": null, "phone": null, "opening_hours": null, "office": null, "description": null, "addr:street": null, "addr:postcode": null, "addr:housenumber": null, "addr:city": null, "zone": "11", "region": "6", "Perimeter": "71.72036", "name": null, "healthcare": null, "emergency": null, "amenity": null }, "geometry": { "type": "MultiPolygon", "coordinates": [ [ [ [ 51.4231951, 35.7167899 ], [ 51.4233357, 35.7167947 ], [ 51.4233386, 35.7167265 ], [ 51.4233393, 35.7167086 ], [ 51.4233418, 35.7166336 ], [ 51.4233422, 35.7166221 ], [ 51.4233435, 35.7165842 ], [ 51.4233053, 35.7165833 ], [ 51.4232061, 35.7165809 ], [ 51.4232044, 35.7166181 ], [ 51.4231951, 35.7167899 ] ] ] ] } },
{ "type": "Feature", "properties": { "full_id": "w671614425", "osm_id": "671614425", "osm_type": "way", "building": "yes", "building:flats": null, "nat_name": null, "height": null, "craft": null, "image": null, "email": null, "name:en": null, "building:levels": null, "website": null, "phone": null, "opening_hours": null, "office": null, "description": null, "addr:street": null, "addr:postcode": null, "addr:housenumber": null, "addr:city": null, "zone": "11", "region": "6", "Perimeter": "76.05623", "name": null, "healthcare": null, "emergency": null, "amenity": null }, "geometry": { "type": "MultiPolygon", "coordinates": [ [ [ [ 51.4201543, 35.7168117 ], [ 51.4201801, 35.7168124 ], [ 51.4201967, 35.7168128 ], [ 51.4202443, 35.7168143 ], [ 51.4202993, 35.7168161 ], [ 51.4203027, 35.716728 ], [ 51.4203043, 35.7166834 ], [ 51.420308, 35.7165923 ], [ 51.4202512, 35.7165908 ], [ 51.4202172, 35.716607 ], [ 51.4201789, 35.716675 ], [ 51.4201728, 35.7166862 ], [ 51.4201242, 35.7167736 ], [ 51.4201036, 35.7168106 ], [ 51.4201543, 35.7168117 ] ] ] ] } },
{ "type": "Feature", "properties": { "full_id": "w671614424", "osm_id": "671614424", "osm_type": "way", "building": "yes", "building:flats": null, "nat_name": null, "height": null, "craft": null, "image": null, "email": null, "name:en": null, "building:levels": null, "website": null, "phone": null, "opening_hours": null, "office": null, "description": null, "addr:street": null, "addr:postcode": null, "addr:housenumber": null, "addr:city": null, "zone": "11", "region": "6", "Perimeter": "72.40995", "name": null, "healthcare": null, "emergency": null, "amenity": null }, "geometry": { "type": "MultiPolygon", "coordinates": [ [ [ [ 51.4233357, 35.7167947 ], [ 51.4234774, 35.7167991 ], [ 51.4234803, 35.716705 ], [ 51.4234816, 35.7166541 ], [ 51.4234822, 35.7166363 ], [ 51.4234836, 35.7165869 ], [ 51.4234605, 35.7165865 ], [ 51.4234216, 35.7165857 ], [ 51.4233515, 35.7165843 ], [ 51.4233435, 35.7165842 ], [ 51.4233422, 35.7166221 ], [ 51.4233418, 35.7166336 ], [ 51.4233393, 35.7167086 ], [ 51.4233386, 35.7167265 ], [ 51.4233357, 35.7167947 ] ] ] ] } },
{ "type": "Feature", "properties": { "full_id": "w671614427", "osm_id": "671614427", "osm_type": "way", "building": "yes", "building:flats": null, "nat_name": null, "height": null, "craft": null, "image": null, "email": null, "name:en": null, "building:levels": null, "website": null, "phone": null, "opening_hours": null, "office": null, "description": null, "addr:street": null, "addr:postcode": null, "addr:housenumber": null, "addr:city": null, "zone": "11", "region": "6", "Perimeter": "75.15808", "name": null, "healthcare": null, "emergency": null, "amenity": null }, "geometry": { "type": "MultiPolygon", "coordinates": [ [ [ [ 51.4234774, 35.7167991 ], [ 51.423477, 35.7168091 ], [ 51.4235193, 35.71681 ], [ 51.4236194, 35.7168122 ], [ 51.423624, 35.7166796 ], [ 51.4236245, 35.7166621 ], [ 51.4236249, 35.7166513 ], [ 51.4236275, 35.7165904 ], [ 51.4236047, 35.7165898 ], [ 51.4235664, 35.7165889 ], [ 51.4235256, 35.7165879 ], [ 51.4234943, 35.7165871 ], [ 51.4234836, 35.7165869 ], [ 51.4234822, 35.7166363 ], [ 51.4234816, 35.7166541 ], [ 51.4234803, 35.716705 ], [ 51.4234774, 35.7167991 ] ] ] ] } },
{ "type": "Feature", "properties": { "full_id": "w671614426", "osm_id": "671614426", "osm_type": "way", "building": "yes", "building:flats": null, "nat_name": null, "height": null, "craft": null, "image": null, "email": null, "name:en": null, "building:levels": null, "website": null, "phone": null, "opening_hours": null, "office": null, "description": null, "addr:street": null, "addr:postcode": null, "addr:housenumber": null, "addr:city": null, "zone": "11", "region": "6", "Perimeter": "75.84114", "name": null, "healthcare": null, "emergency": null, "amenity": null }, "geometry": { "type": "MultiPolygon", "coordinates": [ [ [ [ 51.4202993, 35.7168161 ], [ 51.4203474, 35.7168175 ], [ 51.4204096, 35.7168196 ], [ 51.4204438, 35.7168206 ], [ 51.4204473, 35.7167198 ], [ 51.4204484, 35.7166837 ], [ 51.4204518, 35.7165962 ], [ 51.420308, 35.7165923 ], [ 51.4203043, 35.7166834 ], [ 51.4203027, 35.716728 ], [ 51.4202993, 35.7168161 ] ] ] ] } },
{ "type": "Feature", "properties": { "full_id": "w671614419", "osm_id": "671614419", "osm_type": "way", "building": "yes", "building:flats": null, "nat_name": null, "height": null, "craft": null, "image": null, "email": null, "name:en": null, "building:levels": null, "website": null, "phone": null, "opening_hours": null, "office": null, "description": null, "addr:street": null, "addr:postcode": null, "addr:housenumber": null, "addr:city": null, "zone": "11", "region": "6", "Perimeter": "71.57215", "name": null, "healthcare": null, "emergency": null, "amenity": null }, "geometry": { "type": "MultiPolygon", "coordinates": [ [ [ [ 51.4231951, 35.7167899 ], [ 51.4232044, 35.7166181 ], [ 51.4232061, 35.7165809 ], [ 51.4231665, 35.7165799 ], [ 51.4230638, 35.7165777 ], [ 51.4230627, 35.7166141 ], [ 51.423061, 35.7166818 ], [ 51.4230596, 35.7167333 ], [ 51.4230578, 35.7167857 ], [ 51.4231951, 35.7167899 ] ] ] ] } },
{ "type": "Feature", "properties": { "full_id": "w671614620", "osm_id": "671614620", "osm_type": "way", "building": "yes", "building:flats": null, "nat_name": null, "height": null, "craft": null, "image": null, "email": null, "name:en": null, "building:levels": null, "website": null, "phone": null, "opening_hours": null, "office": null, "description": null, "addr:street": null, "addr:postcode": null, "addr:housenumber": null, "addr:city": null, "zone": "11", "region": "6", "Perimeter": "71.58834", "name": null, "healthcare": null, "emergency": null, "amenity": null }, "geometry": { "type": "MultiPolygon", "coordinates": [ [ [ [ 51.4198663, 35.71782 ], [ 51.4199664, 35.7178351 ], [ 51.4200066, 35.7178419 ], [ 51.4200144, 35.7178103 ], [ 51.420021, 35.7177828 ], [ 51.4200502, 35.7176624 ], [ 51.4200551, 35.7176427 ], [ 51.4199095, 35.7176185 ], [ 51.4198663, 35.71782 ] ] ] ] } },
{ "type": "Feature", "properties": { "full_id": "w671614625", "osm_id": "671614625", "osm_type": "way", "building": "yes", "building:flats": null, "nat_name": null, "height": null, "craft": null, "image": null, "email": null, "name:en": null, "building:levels": null, "website": null, "phone": null, "opening_hours": null, "office": null, "description": null, "addr:street": null, "addr:postcode": null, "addr:housenumber": null, "addr:city": null, "zone": "11", "region": "6", "Perimeter": "79.73056", "name": null, "healthcare": null, "emergency": null, "amenity": null }, "geometry": { "type": "MultiPolygon", "coordinates": [ [ [ [ 51.4203204, 35.7178294 ], [ 51.4203808, 35.7178405 ], [ 51.4204229, 35.717848 ], [ 51.4204794, 35.717858 ], [ 51.420484, 35.717841 ], [ 51.4205159, 35.7177268 ], [ 51.420522, 35.7177045 ], [ 51.4205403, 35.7176374 ], [ 51.4203797, 35.7176087 ], [ 51.4203566, 35.7176957 ], [ 51.4203204, 35.7178294 ] ] ] ] } },
{ "type": "Feature", "properties": { "full_id": "w671614605", "osm_id": "671614605", "osm_type": "way", "building": "yes", "building:flats": null, "nat_name": null, "height": null, "craft": null, "image": null, "email": null, "name:en": null, "building:levels": null, "website": null, "phone": null, "opening_hours": null, "office": null, "description": null, "addr:street": null, "addr:postcode": null, "addr:housenumber": null, "addr:city": null, "zone": "11", "region": "6", "Perimeter": "93.10021", "name": null, "healthcare": null, "emergency": null, "amenity": null }, "geometry": { "type": "MultiPolygon", "coordinates": [ [ [ [ 51.4213404, 35.7176869 ], [ 51.4213714, 35.7176951 ], [ 51.421403, 35.7177007 ], [ 51.4214352, 35.7177038 ], [ 51.4214676, 35.7177044 ], [ 51.4214778, 35.7176934 ], [ 51.4214847, 35.7176808 ], [ 51.4214879, 35.7176673 ], [ 51.4214871, 35.7176535 ], [ 51.4214848, 35.7176531 ], [ 51.4215044, 35.7175829 ], [ 51.4215447, 35.7174381 ], [ 51.4215548, 35.7173995 ], [ 51.421424, 35.717394 ], [ 51.4214128, 35.7173924 ], [ 51.4213818, 35.717527 ], [ 51.4213761, 35.7175496 ], [ 51.4213553, 35.7176299 ], [ 51.4213404, 35.7176869 ] ] ] ] } },
{ "type": "Feature", "properties": { "full_id": "w671614613", "osm_id": "671614613", "osm_type": "way", "building": "yes", "building:flats": null, "nat_name": null, "height": null, "craft": null, "image": null, "email": null, "name:en": null, "building:levels": null, "website": null, "phone": null, "opening_hours": null, "office": null, "description": null, "addr:street": null, "addr:postcode": null, "addr:housenumber": null, "addr:city": null, "zone": "11", "region": "6", "Perimeter": "79.04767", "name": null, "healthcare": null, "emergency": null, "amenity": null }, "geometry": { "type": "MultiPolygon", "coordinates": [ [ [ [ 51.4201687, 35.7178076 ], [ 51.4201702, 35.7178022 ], [ 51.420172, 35.7177953 ], [ 51.4201999, 35.7176878 ], [ 51.4202049, 35.7176685 ], [ 51.4202274, 35.7175812 ], [ 51.4200777, 35.7175541 ], [ 51.4200551, 35.7176427 ], [ 51.4200502, 35.7176624 ], [ 51.420021, 35.7177828 ], [ 51.4200498, 35.7177877 ], [ 51.4201261, 35.7178005 ], [ 51.4201687, 35.7178076 ] ] ] ] } },
{ "type": "Feature", "properties": { "full_id": "w671614616", "osm_id": "671614616", "osm_type": "way", "building": "yes", "building:flats": null, "nat_name": null, "height": null, "craft": null, "image": null, "email": null, "name:en": null, "building:levels": null, "website": null, "phone": null, "opening_hours": null, "office": null, "description": null, "addr:street": null, "addr:postcode": null, "addr:housenumber": null, "addr:city": null, "zone": "11", "region": "6", "Perimeter": "78.13493", "name": null, "healthcare": null, "emergency": null, "amenity": null }, "geometry": { "type": "MultiPolygon", "coordinates": [ [ [ [ 51.4201702, 35.7178022 ], [ 51.4201987, 35.7178072 ], [ 51.4202746, 35.717821 ], [ 51.4203204, 35.7178294 ], [ 51.4203566, 35.7176957 ], [ 51.4203797, 35.7176087 ], [ 51.4202274, 35.7175812 ], [ 51.4202049, 35.7176685 ], [ 51.4201999, 35.7176878 ], [ 51.420172, 35.7177953 ], [ 51.4201702, 35.7178022 ] ] ] ] } },
{ "type": "Feature", "properties": { "full_id": "w671614598", "osm_id": "671614598", "osm_type": "way", "building": "yes", "building:flats": null, "nat_name": null, "height": null, "craft": null, "image": null, "email": null, "name:en": null, "building:levels": null, "website": null, "phone": null, "opening_hours": null, "office": null, "description": null, "addr:street": null, "addr:postcode": null, "addr:housenumber": null, "addr:city": null, "zone": "11", "region": "6", "Perimeter": "35.90953", "name": null, "healthcare": null, "emergency": null, "amenity": null }, "geometry": { "type": "MultiPolygon", "coordinates": [ [ [ [ 51.422261, 35.717601 ], [ 51.4222601, 35.7176808 ], [ 51.4223595, 35.7176835 ], [ 51.4223608, 35.717602 ], [ 51.422261, 35.717601 ] ] ] ] } },
{ "type": "Feature", "properties": { "full_id": "w671614597", "osm_id": "671614597", "osm_type": "way", "building": "yes", "building:flats": null, "nat_name": null, "height": null, "craft": null, "image": null, "email": null, "name:en": null, "building:levels": null, "website": null, "phone": null, "opening_hours": null, "office": null, "description": null, "addr:street": null, "addr:postcode": null, "addr:housenumber": null, "addr:city": null, "zone": "11", "region": "6", "Perimeter": "87.78587", "name": null, "healthcare": null, "emergency": null, "amenity": null }, "geometry": { "type": "MultiPolygon", "coordinates": [ [ [ [ 51.4212127, 35.7176639 ], [ 51.4213404, 35.7176869 ], [ 51.4213553, 35.7176299 ], [ 51.4213761, 35.7175496 ], [ 51.4213818, 35.717527 ], [ 51.4214128, 35.7173924 ], [ 51.4212843, 35.7173905 ], [ 51.4212549, 35.7175057 ], [ 51.4212532, 35.7175124 ], [ 51.4212422, 35.7175541 ], [ 51.4212127, 35.7176639 ] ] ] ] } },
{ "type": "Feature", "properties": { "full_id": "w671614600", "osm_id": "671614600", "osm_type": "way", "building": "yes", "building:flats": null, "nat_name": null, "height": null, "craft": null, "image": null, "email": null, "name:en": null, "building:levels": null, "website": null, "phone": null, "opening_hours": null, "office": null, "description": null, "addr:street": null, "addr:postcode": null, "addr:housenumber": null, "addr:city": null, "zone": "11", "region": "6", "Perimeter": "73.05213", "name": null, "healthcare": null, "emergency": null, "amenity": null }, "geometry": { "type": "MultiPolygon", "coordinates": [ [ [ [ 51.422577, 35.7176882 ], [ 51.422648, 35.7176892 ], [ 51.4226487, 35.717574 ], [ 51.4226489, 35.7175247 ], [ 51.4226493, 35.7174606 ], [ 51.4226501, 35.7174166 ], [ 51.4225823, 35.7174153 ], [ 51.422581, 35.7174665 ], [ 51.4225795, 35.7175516 ], [ 51.4225791, 35.7175735 ], [ 51.4225787, 35.7176129 ], [ 51.4225786, 35.7176158 ], [ 51.422577, 35.7176882 ] ] ] ] } },
{ "type": "Feature", "properties": { "full_id": "w671614599", "osm_id": "671614599", "osm_type": "way", "building": "yes", "building:flats": null, "nat_name": null, "height": null, "craft": null, "image": null, "email": null, "name:en": null, "building:levels": null, "website": null, "phone": null, "opening_hours": null, "office": null, "description": null, "addr:street": null, "addr:postcode": null, "addr:housenumber": null, "addr:city": null, "zone": "11", "region": "6", "Perimeter": "83.65298", "name": null, "healthcare": null, "emergency": null, "amenity": null }, "geometry": { "type": "MultiPolygon", "coordinates": [ [ [ [ 51.422577, 35.7176882 ], [ 51.4225786, 35.7176158 ], [ 51.4225787, 35.7176129 ], [ 51.4225791, 35.7175735 ], [ 51.4225795, 35.7175516 ], [ 51.422581, 35.7174665 ], [ 51.4225823, 35.7174153 ], [ 51.4224619, 35.7174128 ], [ 51.4224552, 35.7174126 ], [ 51.4224509, 35.7175586 ], [ 51.4224491, 35.7176124 ], [ 51.4224459, 35.7176832 ], [ 51.4224837, 35.7176847 ], [ 51.4225257, 35.7176864 ], [ 51.422577, 35.7176882 ] ] ] ] } },
{ "type": "Feature", "properties": { "full_id": "w671614602", "osm_id": "671614602", "osm_type": "way", "building": "yes", "building:flats": null, "nat_name": null, "height": null, "craft": null, "image": null, "email": null, "name:en": null, "building:levels": null, "website": null, "phone": null, "opening_hours": null, "office": null, "description": null, "addr:street": null, "addr:postcode": null, "addr:housenumber": null, "addr:city": null, "zone": "11", "region": "6", "Perimeter": "83.85256", "name": null, "healthcare": null, "emergency": null, "amenity": null }, "geometry": { "type": "MultiPolygon", "coordinates": [ [ [ [ 51.4227139, 35.7176898 ], [ 51.4228436, 35.7176919 ], [ 51.422844, 35.71767 ], [ 51.4228441, 35.7176636 ], [ 51.4228451, 35.7175415 ], [ 51.4228451, 35.717531 ], [ 51.4228463, 35.7174205 ], [ 51.422816, 35.71742 ], [ 51.4227454, 35.7174183 ], [ 51.4227153, 35.7174178 ], [ 51.4227147, 35.7175248 ], [ 51.4227141, 35.7176628 ], [ 51.4227139, 35.7176898 ] ] ] ] } },
{ "type": "Feature", "properties": { "full_id": "w671614601", "osm_id": "671614601", "osm_type": "way", "building": "yes", "building:flats": null, "nat_name": null, "height": null, "craft": null, "image": null, "email": null, "name:en": null, "building:levels": null, "website": null, "phone": null, "opening_hours": null, "office": null, "description": null, "addr:street": null, "addr:postcode": null, "addr:housenumber": null, "addr:city": null, "zone": "11", "region": "6", "Perimeter": "72.25586", "name": null, "healthcare": null, "emergency": null, "amenity": null }, "geometry": { "type": "MultiPolygon", "coordinates": [ [ [ [ 51.422648, 35.7176892 ], [ 51.4227139, 35.7176898 ], [ 51.4227141, 35.7176628 ], [ 51.4227147, 35.7175248 ], [ 51.4227153, 35.7174178 ], [ 51.4226501, 35.7174166 ], [ 51.4226493, 35.7174606 ], [ 51.4226489, 35.7175247 ], [ 51.4226487, 35.717574 ], [ 51.422648, 35.7176892 ] ] ] ] } },
{ "type": "Feature", "properties": { "full_id": "w671614604", "osm_id": "671614604", "osm_type": "way", "building": "yes", "building:flats": null, "nat_name": null, "height": null, "craft": null, "image": null, "email": null, "name:en": null, "building:levels": null, "website": null, "phone": null, "opening_hours": null, "office": null, "description": null, "addr:street": null, "addr:postcode": null, "addr:housenumber": null, "addr:city": null, "zone": "11", "region": "6", "Perimeter": "104.27186", "name": null, "healthcare": null, "emergency": null, "amenity": null }, "geometry": { "type": "MultiPolygon", "coordinates": [ [ [ [ 51.4229755, 35.7176948 ], [ 51.4230554, 35.7176956 ], [ 51.4231051, 35.7176692 ], [ 51.4231594, 35.7176035 ], [ 51.4231864, 35.7175708 ], [ 51.4232213, 35.7175283 ], [ 51.4233023, 35.7174297 ], [ 51.4230918, 35.7174246 ], [ 51.4229763, 35.7174228 ], [ 51.4229763, 35.7175181 ], [ 51.4229764, 35.7175295 ], [ 51.4229764, 35.7175418 ], [ 51.4229764, 35.7176001 ], [ 51.4229762, 35.7176274 ], [ 51.4229755, 35.7176948 ] ] ] ] } },
{ "type": "Feature", "properties": { "full_id": "w671614603", "osm_id": "671614603", "osm_type": "way", "building": "yes", "building:flats": null, "nat_name": null, "height": null, "craft": null, "image": null, "email": null, "name:en": null, "building:levels": null, "website": null, "phone": null, "opening_hours": null, "office": null, "description": null, "addr:street": null, "addr:postcode": null, "addr:housenumber": null, "addr:city": null, "zone": "11", "region": "6", "Perimeter": "83.96318", "name": null, "healthcare": null, "emergency": null, "amenity": null }, "geometry": { "type": "MultiPolygon", "coordinates": [ [ [ [ 51.4228436, 35.7176919 ], [ 51.4229755, 35.7176948 ], [ 51.4229762, 35.7176274 ], [ 51.4229764, 35.7176001 ], [ 51.4229764, 35.7175418 ], [ 51.4229764, 35.7175295 ], [ 51.4229763, 35.7175181 ], [ 51.4229763, 35.7174228 ], [ 51.4229534, 35.7174226 ], [ 51.4228463, 35.7174205 ], [ 51.4228451, 35.717531 ], [ 51.4228451, 35.7175415 ], [ 51.4228441, 35.7176636 ], [ 51.422844, 35.71767 ], [ 51.4228436, 35.7176919 ] ] ] ] } },
{ "type": "Feature", "properties": { "full_id": "w671614590", "osm_id": "671614590", "osm_type": "way", "building": "yes", "building:flats": null, "nat_name": null, "height": null, "craft": null, "image": null, "email": null, "name:en": null, "building:levels": null, "website": null, "phone": null, "opening_hours": null, "office": null, "description": null, "addr:street": null, "addr:postcode": null, "addr:housenumber": null, "addr:city": null, "zone": "11", "region": "6", "Perimeter": "84.49295", "name": null, "healthcare": null, "emergency": null, "amenity": null }, "geometry": { "type": "MultiPolygon", "coordinates": [ [ [ [ 51.4210837, 35.7176401 ], [ 51.4212127, 35.7176639 ], [ 51.4212422, 35.7175541 ], [ 51.4212532, 35.7175124 ], [ 51.4212549, 35.7175057 ], [ 51.4212843, 35.7173905 ], [ 51.4212567, 35.7173892 ], [ 51.4212173, 35.7173872 ], [ 51.4211824, 35.7173852 ], [ 51.4211464, 35.7173836 ], [ 51.4211226, 35.7174778 ], [ 51.4211211, 35.717493 ], [ 51.421117, 35.7175092 ], [ 51.4210928, 35.7176046 ], [ 51.4210837, 35.7176401 ] ] ] ] } },
{ "type": "Feature", "properties": { "full_id": "w671614593", "osm_id": "671614593", "osm_type": "way", "building": "yes", "building:flats": null, "nat_name": null, "height": null, "craft": null, "image": null, "email": null, "name:en": null, "building:levels": null, "website": null, "phone": null, "opening_hours": null, "office": null, "description": null, "addr:street": null, "addr:postcode": null, "addr:housenumber": null, "addr:city": null, "zone": "11", "region": "6", "Perimeter": "73.31828", "name": null, "healthcare": null, "emergency": null, "amenity": null }, "geometry": { "type": "MultiPolygon", "coordinates": [ [ [ [ 51.4218851, 35.7176747 ], [ 51.4219571, 35.717676 ], [ 51.4219598, 35.7175222 ], [ 51.4219599, 35.7175167 ], [ 51.4219629, 35.7174044 ], [ 51.4218902, 35.7174033 ], [ 51.4218892, 35.7175214 ], [ 51.4218887, 35.7175491 ], [ 51.4218882, 35.7175684 ], [ 51.4218867, 35.7176201 ], [ 51.4218851, 35.7176747 ] ] ] ] } },
{ "type": "Feature", "properties": { "full_id": "w671614592", "osm_id": "671614592", "osm_type": "way", "building": "yes", "building:flats": null, "nat_name": null, "height": null, "craft": null, "image": null, "email": null, "name:en": null, "building:levels": null, "website": null, "phone": null, "opening_hours": null, "office": null, "description": null, "addr:street": null, "addr:postcode": null, "addr:housenumber": null, "addr:city": null, "zone": "11", "region": "6", "Perimeter": "86.68209", "name": null, "healthcare": null, "emergency": null, "amenity": null }, "geometry": { "type": "MultiPolygon", "coordinates": [ [ [ [ 51.4218851, 35.7176747 ], [ 51.4218867, 35.7176201 ], [ 51.4218882, 35.7175684 ], [ 51.4218887, 35.7175491 ], [ 51.4218892, 35.7175214 ], [ 51.4218902, 35.7174033 ], [ 51.4217773, 35.7174019 ], [ 51.4217386, 35.717547 ], [ 51.4217106, 35.717652 ], [ 51.42171, 35.7176712 ], [ 51.4218851, 35.7176747 ] ] ] ] } },
{ "type": "Feature", "properties": { "full_id": "w671614595", "osm_id": "671614595", "osm_type": "way", "building": "yes", "building:flats": null, "nat_name": null, "height": null, "craft": null, "image": null, "email": null, "name:en": null, "building:levels": null, "website": null, "phone": null, "opening_hours": null, "office": null, "description": null, "addr:street": null, "addr:postcode": null, "addr:housenumber": null, "addr:city": null, "zone": "11", "region": "6", "Perimeter": "83.90896", "name": null, "healthcare": null, "emergency": null, "amenity": null }, "geometry": { "type": "MultiPolygon", "coordinates": [ [ [ [ 51.4220858, 35.7176781 ], [ 51.4222202, 35.7176797 ], [ 51.4222213, 35.7175271 ], [ 51.4222225, 35.7174096 ], [ 51.4220927, 35.7174072 ], [ 51.4220883, 35.717519 ], [ 51.4220881, 35.7175258 ], [ 51.4220858, 35.7176781 ] ] ] ] } },
{ "type": "Feature", "properties": { "full_id": "w671614594", "osm_id": "671614594", "osm_type": "way", "building": "yes", "building:flats": null, "nat_name": null, "height": null, "craft": null, "image": null, "email": null, "name:en": null, "building:levels": null, "website": null, "phone": null, "opening_hours": null, "office": null, "description": null, "addr:street": null, "addr:postcode": null, "addr:housenumber": null, "addr:city": null, "zone": "11", "region": "6", "Perimeter": "83.56694", "name": null, "healthcare": null, "emergency": null, "amenity": null }, "geometry": { "type": "MultiPolygon", "coordinates": [ [ [ [ 51.4219571, 35.717676 ], [ 51.4220858, 35.7176781 ], [ 51.4220881, 35.7175258 ], [ 51.4220883, 35.717519 ], [ 51.4220927, 35.7174072 ], [ 51.4220412, 35.717406 ], [ 51.4220078, 35.7174052 ], [ 51.4219629, 35.7174044 ], [ 51.4219599, 35.7175167 ], [ 51.4219598, 35.7175222 ], [ 51.4219571, 35.717676 ] ] ] ] } },
{ "type": "Feature", "properties": { "full_id": "w671614678", "osm_id": "671614678", "osm_type": "way", "building": "yes", "building:flats": null, "nat_name": null, "height": null, "craft": null, "image": null, "email": null, "name:en": null, "building:levels": null, "website": null, "phone": null, "opening_hours": null, "office": null, "description": null, "addr:street": null, "addr:postcode": null, "addr:housenumber": null, "addr:city": null, "zone": "11", "region": "6", "Perimeter": "83.74252", "name": null, "healthcare": null, "emergency": null, "amenity": null }, "geometry": { "type": "MultiPolygon", "coordinates": [ [ [ [ 51.4224399, 35.718044 ], [ 51.422492, 35.7180446 ], [ 51.422572, 35.718046 ], [ 51.4225724, 35.7180327 ], [ 51.4225725, 35.7180282 ], [ 51.4225761, 35.7178806 ], [ 51.4225766, 35.7178626 ], [ 51.422579, 35.7177774 ], [ 51.4224448, 35.7177749 ], [ 51.4224427, 35.7178789 ], [ 51.4224399, 35.718044 ] ] ] ] } },
{ "type": "Feature", "properties": { "full_id": "w671614677", "osm_id": "671614677", "osm_type": "way", "building": "yes", "building:flats": null, "nat_name": null, "height": null, "craft": null, "image": null, "email": null, "name:en": null, "building:levels": null, "website": null, "phone": null, "opening_hours": null, "office": null, "description": null, "addr:street": null, "addr:postcode": null, "addr:housenumber": null, "addr:city": null, "zone": "11", "region": "6", "Perimeter": "78.74365", "name": null, "healthcare": null, "emergency": null, "amenity": null }, "geometry": { "type": "MultiPolygon", "coordinates": [ [ [ [ 51.4201101, 35.7180275 ], [ 51.4202588, 35.7180536 ], [ 51.4202943, 35.7179228 ], [ 51.4202989, 35.7179062 ], [ 51.4203204, 35.7178294 ], [ 51.4202746, 35.717821 ], [ 51.4201987, 35.7178072 ], [ 51.4201702, 35.7178022 ], [ 51.4201687, 35.7178076 ], [ 51.4201595, 35.7178436 ], [ 51.420153, 35.717868 ], [ 51.4201504, 35.7178778 ], [ 51.42014, 35.7179154 ], [ 51.4201101, 35.7180275 ] ] ] ] } },
{ "type": "Feature", "properties": { "full_id": "w671614680", "osm_id": "671614680", "osm_type": "way", "building": "yes", "building:flats": null, "nat_name": null, "height": null, "craft": null, "image": null, "email": null, "name:en": null, "building:levels": null, "website": null, "phone": null, "opening_hours": null, "office": null, "description": null, "addr:street": null, "addr:postcode": null, "addr:housenumber": null, "addr:city": null, "zone": "11", "region": "6", "Perimeter": "97.19703", "name": null, "healthcare": null, "emergency": null, "amenity": null }, "geometry": { "type": "MultiPolygon", "coordinates": [ [ [ [ 51.4227046, 35.7180488 ], [ 51.4227762, 35.7180504 ], [ 51.422784, 35.7180547 ], [ 51.4229892, 35.7178046 ], [ 51.4229804, 35.7177851 ], [ 51.4227997, 35.7177817 ], [ 51.4227111, 35.71778 ], [ 51.4227092, 35.7178517 ], [ 51.4227088, 35.7178654 ], [ 51.4227061, 35.7179925 ], [ 51.422705, 35.7180392 ], [ 51.4227046, 35.7180488 ] ] ] ] } },
{ "type": "Feature", "properties": { "full_id": "w671614679", "osm_id": "671614679", "osm_type": "way", "building": "yes", "building:flats": null, "nat_name": null, "height": null, "craft": null, "image": null, "email": null, "name:en": null, "building:levels": null, "website": null, "phone": null, "opening_hours": null, "office": null, "description": null, "addr:street": null, "addr:postcode": null, "addr:housenumber": null, "addr:city": null, "zone": "11", "region": "6", "Perimeter": "83.57915", "name": null, "healthcare": null, "emergency": null, "amenity": null }, "geometry": { "type": "MultiPolygon", "coordinates": [ [ [ [ 51.4226234, 35.718047 ], [ 51.422653, 35.7180477 ], [ 51.4227046, 35.7180488 ], [ 51.422705, 35.7180392 ], [ 51.4227061, 35.7179925 ], [ 51.4227088, 35.7178654 ], [ 51.4227092, 35.7178517 ], [ 51.4227111, 35.71778 ], [ 51.422579, 35.7177774 ], [ 51.4225766, 35.7178626 ], [ 51.4225761, 35.7178806 ], [ 51.4225725, 35.7180282 ], [ 51.4225724, 35.7180327 ], [ 51.422572, 35.718046 ], [ 51.4226234, 35.718047 ] ] ] ] } },
{ "type": "Feature", "properties": { "full_id": "w671614685", "osm_id": "671614685", "osm_type": "way", "building": "yes", "building:flats": null, "nat_name": null, "height": null, "craft": null, "image": null, "email": null, "name:en": null, "building:levels": null, "website": null, "phone": null, "opening_hours": null, "office": null, "description": null, "addr:street": null, "addr:postcode": null, "addr:housenumber": null, "addr:city": null, "zone": "11", "region": "6", "Perimeter": "80.57526", "name": null, "healthcare": null, "emergency": null, "amenity": null }, "geometry": { "type": "MultiPolygon", "coordinates": [ [ [ [ 51.4202588, 35.7180536 ], [ 51.4204215, 35.7180814 ], [ 51.4204548, 35.7179514 ], [ 51.4204573, 35.7179423 ], [ 51.4204794, 35.717858 ], [ 51.4204229, 35.717848 ], [ 51.4203808, 35.7178405 ], [ 51.4203204, 35.7178294 ], [ 51.4202989, 35.7179062 ], [ 51.4202943, 35.7179228 ], [ 51.4202588, 35.7180536 ] ] ] ] } },
{ "type": "Feature", "properties": { "full_id": "w671614654", "osm_id": "671614654", "osm_type": "way", "building": "yes", "building:flats": null, "nat_name": null, "height": null, "craft": null, "image": null, "email": null, "name:en": null, "building:levels": null, "website": null, "phone": null, "opening_hours": null, "office": null, "description": null, "addr:street": null, "addr:postcode": null, "addr:housenumber": null, "addr:city": null, "zone": "11", "region": "6", "Perimeter": "77.66071", "name": null, "healthcare": null, "emergency": null, "amenity": null }, "geometry": { "type": "MultiPolygon", "coordinates": [ [ [ [ 51.4212378, 35.7179912 ], [ 51.4213896, 35.7180174 ], [ 51.4214223, 35.7178935 ], [ 51.4214473, 35.7177994 ], [ 51.4212955, 35.7177723 ], [ 51.4212731, 35.7178552 ], [ 51.4212705, 35.7178651 ], [ 51.4212528, 35.7179326 ], [ 51.421247, 35.717955 ], [ 51.4212378, 35.7179912 ] ] ] ] } },
{ "type": "Feature", "properties": { "full_id": "w671614663", "osm_id": "671614663", "osm_type": "way", "building": "yes", "building:flats": null, "nat_name": null, "height": null, "craft": null, "image": null, "email": null, "name:en": null, "building:levels": null, "website": null, "phone": null, "opening_hours": null, "office": null, "description": null, "addr:street": null, "addr:postcode": null, "addr:housenumber": null, "addr:city": null, "zone": "11", "region": "6", "Perimeter": "90.59507", "name": null, "healthcare": null, "emergency": null, "amenity": null }, "geometry": { "type": "MultiPolygon", "coordinates": [ [ [ [ 51.4218094, 35.7180314 ], [ 51.4218195, 35.7180316 ], [ 51.42182, 35.717953 ], [ 51.42182, 35.7179161 ], [ 51.4218196, 35.7178725 ], [ 51.4218196, 35.7178675 ], [ 51.4218198, 35.7177597 ], [ 51.4217841, 35.7177585 ], [ 51.4217097, 35.717756 ], [ 51.4216762, 35.7177744 ], [ 51.4216674, 35.7178171 ], [ 51.4216644, 35.7178317 ], [ 51.4216548, 35.7178744 ], [ 51.4216338, 35.7179528 ], [ 51.4216162, 35.7180215 ], [ 51.4216212, 35.7180289 ], [ 51.4217315, 35.7180304 ], [ 51.4217758, 35.7180309 ], [ 51.4218094, 35.7180314 ] ] ] ] } },
{ "type": "Feature", "properties": { "full_id": "w671614660", "osm_id": "671614660", "osm_type": "way", "building": "yes", "building:flats": null, "nat_name": null, "height": null, "craft": null, "image": null, "email": null, "name:en": null, "building:levels": null, "website": null, "phone": null, "opening_hours": null, "office": null, "description": null, "addr:street": null, "addr:postcode": null, "addr:housenumber": null, "addr:city": null, "zone": "11", "region": "6", "Perimeter": "77.04975", "name": null, "healthcare": null, "emergency": null, "amenity": null }, "geometry": { "type": "MultiPolygon", "coordinates": [ [ [ [ 51.4199998, 35.7180081 ], [ 51.4201101, 35.7180275 ], [ 51.42014, 35.7179154 ], [ 51.4201504, 35.7178778 ], [ 51.420153, 35.717868 ], [ 51.4201595, 35.7178436 ], [ 51.4201687, 35.7178076 ], [ 51.4201261, 35.7178005 ], [ 51.4200498, 35.7177877 ], [ 51.420021, 35.7177828 ], [ 51.4200144, 35.7178103 ], [ 51.4200066, 35.7178419 ], [ 51.4200188, 35.717844 ], [ 51.4200435, 35.7178484 ], [ 51.4200321, 35.7178907 ], [ 51.4200257, 35.7179141 ], [ 51.4200185, 35.7179401 ], [ 51.4199998, 35.7180081 ] ] ] ] } },
{ "type": "Feature", "properties": { "full_id": "w671614669", "osm_id": "671614669", "osm_type": "way", "building": "yes", "building:flats": null, "nat_name": null, "height": null, "craft": null, "image": null, "email": null, "name:en": null, "building:levels": null, "website": null, "phone": null, "opening_hours": null, "office": null, "description": null, "addr:street": null, "addr:postcode": null, "addr:housenumber": null, "addr:city": null, "zone": "11", "region": "6", "Perimeter": "84.26019", "name": null, "healthcare": null, "emergency": null, "amenity": null }, "geometry": { "type": "MultiPolygon", "coordinates": [ [ [ [ 51.4219476, 35.7180337 ], [ 51.4219956, 35.7180348 ], [ 51.4220391, 35.7180359 ], [ 51.4220804, 35.7180372 ], [ 51.4220813, 35.7180182 ], [ 51.4220816, 35.7180099 ], [ 51.422087, 35.7178802 ], [ 51.4220845, 35.717873 ], [ 51.4220875, 35.7177674 ], [ 51.4219519, 35.7177632 ], [ 51.4219499, 35.7178514 ], [ 51.4219496, 35.7178722 ], [ 51.4219479, 35.7180219 ], [ 51.4219476, 35.7180337 ] ] ] ] } },
{ "type": "Feature", "properties": { "full_id": "w671614667", "osm_id": "671614667", "osm_type": "way", "building": "yes", "building:flats": null, "nat_name": null, "height": null, "craft": null, "image": null, "email": null, "name:en": null, "building:levels": null, "website": null, "phone": null, "opening_hours": null, "office": null, "description": null, "addr:street": null, "addr:postcode": null, "addr:housenumber": null, "addr:city": null, "zone": "11", "region": "6", "Perimeter": "83.70725", "name": null, "healthcare": null, "emergency": null, "amenity": null }, "geometry": { "type": "MultiPolygon", "coordinates": [ [ [ [ 51.4218195, 35.7180316 ], [ 51.4219476, 35.7180337 ], [ 51.4219479, 35.7180219 ], [ 51.4219496, 35.7178722 ], [ 51.4219499, 35.7178514 ], [ 51.4219519, 35.7177632 ], [ 51.4218198, 35.7177597 ], [ 51.4218196, 35.7178675 ], [ 51.4218196, 35.7178725 ], [ 51.42182, 35.7179161 ], [ 51.42182, 35.717953 ], [ 51.4218195, 35.7180316 ] ] ] ] } },
{ "type": "Feature", "properties": { "full_id": "w671614676", "osm_id": "671614676", "osm_type": "way", "building": "yes", "building:flats": null, "nat_name": null, "height": null, "craft": null, "image": null, "email": null, "name:en": null, "building:levels": null, "website": null, "phone": null, "opening_hours": null, "office": null, "description": null, "addr:street": null, "addr:postcode": null, "addr:housenumber": null, "addr:city": null, "zone": "11", "region": "6", "Perimeter": "81.1722", "name": null, "healthcare": null, "emergency": null, "amenity": null }, "geometry": { "type": "MultiPolygon", "coordinates": [ [ [ [ 51.4222153, 35.7180405 ], [ 51.4222881, 35.7180421 ], [ 51.422351, 35.7180435 ], [ 51.4223518, 35.7179143 ], [ 51.4223525, 35.7177874 ], [ 51.4223184, 35.7177865 ], [ 51.422217, 35.7177859 ], [ 51.4222172, 35.7178802 ], [ 51.4222171, 35.7179125 ], [ 51.4222165, 35.7179675 ], [ 51.4222159, 35.718012 ], [ 51.4222153, 35.7180405 ] ] ] ] } },
{ "type": "Feature", "properties": { "full_id": "w671614675", "osm_id": "671614675", "osm_type": "way", "building": "yes", "building:flats": null, "nat_name": null, "height": null, "craft": null, "image": null, "email": null, "name:en": null, "building:levels": null, "website": null, "phone": null, "opening_hours": null, "office": null, "description": null, "addr:street": null, "addr:postcode": null, "addr:housenumber": null, "addr:city": null, "zone": "11", "region": "6", "Perimeter": "83.84421", "name": null, "healthcare": null, "emergency": null, "amenity": null }, "geometry": { "type": "MultiPolygon", "coordinates": [ [ [ [ 51.4220804, 35.7180372 ], [ 51.4221543, 35.7180391 ], [ 51.4222153, 35.7180405 ], [ 51.4222159, 35.718012 ], [ 51.4222165, 35.7179675 ], [ 51.4222171, 35.7179125 ], [ 51.4222172, 35.7178802 ], [ 51.422217, 35.7177859 ], [ 51.4222173, 35.7177707 ], [ 51.4220875, 35.7177674 ], [ 51.4220845, 35.717873 ], [ 51.422087, 35.7178802 ], [ 51.4220816, 35.7180099 ], [ 51.4220813, 35.7180182 ], [ 51.4220804, 35.7180372 ] ] ] ] } },
{ "type": "Feature", "properties": { "full_id": "w671614643", "osm_id": "671614643", "osm_type": "way", "building": "yes", "building:flats": null, "nat_name": null, "height": null, "craft": null, "image": null, "email": null, "name:en": null, "building:levels": null, "website": null, "phone": null, "opening_hours": null, "office": null, "description": null, "addr:street": null, "addr:postcode": null, "addr:housenumber": null, "addr:city": null, "zone": "11", "region": "6", "Perimeter": "63.62604", "name": null, "healthcare": null, "emergency": null, "amenity": null }, "geometry": { "type": "MultiPolygon", "coordinates": [ [ [ [ 51.420935, 35.7179369 ], [ 51.4209738, 35.7179439 ], [ 51.4210114, 35.7179507 ], [ 51.4210126, 35.7179409 ], [ 51.4210474, 35.7178092 ], [ 51.421053, 35.7177881 ], [ 51.4210677, 35.7177318 ], [ 51.4209927, 35.7177185 ], [ 51.4209739, 35.7177882 ], [ 51.4209719, 35.717796 ], [ 51.4209383, 35.7179245 ], [ 51.420935, 35.7179369 ] ] ] ] } },
{ "type": "Feature", "properties": { "full_id": "w671614645", "osm_id": "671614645", "osm_type": "way", "building": "yes", "building:flats": null, "nat_name": null, "height": null, "craft": null, "image": null, "email": null, "name:en": null, "building:levels": null, "website": null, "phone": null, "opening_hours": null, "office": null, "description": null, "addr:street": null, "addr:postcode": null, "addr:housenumber": null, "addr:city": null, "zone": "11", "region": "6", "Perimeter": "64.10794", "name": null, "healthcare": null, "emergency": null, "amenity": null }, "geometry": { "type": "MultiPolygon", "coordinates": [ [ [ [ 51.4210114, 35.7179507 ], [ 51.4210888, 35.717965 ], [ 51.4210915, 35.7179548 ], [ 51.421117, 35.7178565 ], [ 51.4211312, 35.7178017 ], [ 51.421146, 35.7177456 ], [ 51.4210677, 35.7177318 ], [ 51.421053, 35.7177881 ], [ 51.4210474, 35.7178092 ], [ 51.4210126, 35.7179409 ], [ 51.4210114, 35.7179507 ] ] ] ] } },
{ "type": "Feature", "properties": { "full_id": "w671614648", "osm_id": "671614648", "osm_type": "way", "building": "yes", "building:flats": null, "nat_name": null, "height": null, "craft": null, "image": null, "email": null, "name:en": null, "building:levels": null, "website": null, "phone": null, "opening_hours": null, "office": null, "description": null, "addr:street": null, "addr:postcode": null, "addr:housenumber": null, "addr:city": null, "zone": "11", "region": "6", "Perimeter": "77.35062", "name": null, "healthcare": null, "emergency": null, "amenity": null }, "geometry": { "type": "MultiPolygon", "coordinates": [ [ [ [ 51.4210888, 35.717965 ], [ 51.421137, 35.7179737 ], [ 51.4211837, 35.7179819 ], [ 51.4212378, 35.7179912 ], [ 51.421247, 35.717955 ], [ 51.4212528, 35.7179326 ], [ 51.4212705, 35.7178651 ], [ 51.4212731, 35.7178552 ], [ 51.4212955, 35.7177723 ], [ 51.421146, 35.7177456 ], [ 51.4211312, 35.7178017 ], [ 51.421117, 35.7178565 ], [ 51.4210915, 35.7179548 ], [ 51.4210888, 35.717965 ] ] ] ] } },
{ "type": "Feature", "properties": { "full_id": "w671614650", "osm_id": "671614650", "osm_type": "way", "building": "yes", "building:flats": null, "nat_name": null, "height": null, "craft": null, "image": null, "email": null, "name:en": null, "building:levels": null, "website": null, "phone": null, "opening_hours": null, "office": null, "description": null, "addr:street": null, "addr:postcode": null, "addr:housenumber": null, "addr:city": null, "zone": "11", "region": "6", "Perimeter": "67.10127", "name": null, "healthcare": null, "emergency": null, "amenity": null }, "geometry": { "type": "MultiPolygon", "coordinates": [ [ [ [ 51.4199998, 35.7180081 ], [ 51.4200185, 35.7179401 ], [ 51.4200257, 35.7179141 ], [ 51.4200321, 35.7178907 ], [ 51.4200435, 35.7178484 ], [ 51.4200188, 35.717844 ], [ 51.4200066, 35.7178419 ], [ 51.4199664, 35.7178351 ], [ 51.4198663, 35.71782 ], [ 51.4198361, 35.7179729 ], [ 51.419839, 35.7179763 ], [ 51.4198589, 35.7179828 ], [ 51.4199998, 35.7180081 ] ] ] ] } },
{ "type": "Feature", "properties": { "full_id": "w671614633", "osm_id": "671614633", "osm_type": "way", "building": "yes", "building:flats": null, "nat_name": null, "height": null, "craft": null, "image": null, "email": null, "name:en": null, "building:levels": null, "website": null, "phone": null, "opening_hours": null, "office": null, "description": null, "addr:street": null, "addr:postcode": null, "addr:housenumber": null, "addr:city": null, "zone": "11", "region": "6", "Perimeter": "77.89703", "name": null, "healthcare": null, "emergency": null, "amenity": null }, "geometry": { "type": "MultiPolygon", "coordinates": [ [ [ [ 51.4204794, 35.717858 ], [ 51.4205919, 35.7178769 ], [ 51.4206327, 35.7178841 ], [ 51.4206413, 35.7178492 ], [ 51.4206692, 35.7177496 ], [ 51.4206704, 35.7177312 ], [ 51.4206885, 35.7176642 ], [ 51.4206641, 35.7176597 ], [ 51.4206287, 35.7176535 ], [ 51.4205403, 35.7176374 ], [ 51.420522, 35.7177045 ], [ 51.4205159, 35.7177268 ], [ 51.420484, 35.717841 ], [ 51.4204794, 35.717858 ] ] ] ] } },
{ "type": "Feature", "properties": { "full_id": "w671614635", "osm_id": "671614635", "osm_type": "way", "building": "yes", "building:flats": null, "nat_name": null, "height": null, "craft": null, "image": null, "email": null, "name:en": null, "building:levels": null, "website": null, "phone": null, "opening_hours": null, "office": null, "description": null, "addr:street": null, "addr:postcode": null, "addr:housenumber": null, "addr:city": null, "zone": "11", "region": "6", "Perimeter": "65.91314", "name": null, "healthcare": null, "emergency": null, "amenity": null }, "geometry": { "type": "MultiPolygon", "coordinates": [ [ [ [ 51.4206327, 35.7178841 ], [ 51.420664, 35.7178898 ], [ 51.4207171, 35.7178993 ], [ 51.4207547, 35.717765 ], [ 51.4207574, 35.717755 ], [ 51.4207775, 35.7176801 ], [ 51.4206885, 35.7176642 ], [ 51.4206704, 35.7177312 ], [ 51.4206692, 35.7177496 ], [ 51.4206413, 35.7178492 ], [ 51.4206327, 35.7178841 ] ] ] ] } },
{ "type": "Feature", "properties": { "full_id": "w671614638", "osm_id": "671614638", "osm_type": "way", "building": "yes", "building:flats": null, "nat_name": null, "height": null, "craft": null, "image": null, "email": null, "name:en": null, "building:levels": null, "website": null, "phone": null, "opening_hours": null, "office": null, "description": null, "addr:street": null, "addr:postcode": null, "addr:housenumber": null, "addr:city": null, "zone": "11", "region": "6", "Perimeter": "66.14006", "name": null, "healthcare": null, "emergency": null, "amenity": null }, "geometry": { "type": "MultiPolygon", "coordinates": [ [ [ [ 51.4207832, 35.7179107 ], [ 51.4208068, 35.7179147 ], [ 51.4208178, 35.7178713 ], [ 51.4208446, 35.7177705 ], [ 51.4208461, 35.7177649 ], [ 51.4208533, 35.7177384 ], [ 51.4208648, 35.7176956 ], [ 51.4208175, 35.7176871 ], [ 51.4207775, 35.7176801 ], [ 51.4207574, 35.717755 ], [ 51.4207547, 35.717765 ], [ 51.4207171, 35.7178993 ], [ 51.4207607, 35.7179068 ], [ 51.4207832, 35.7179107 ] ] ] ] } },
{ "type": "Feature", "properties": { "full_id": "w671614641", "osm_id": "671614641", "osm_type": "way", "building": "yes", "building:flats": null, "nat_name": null, "height": null, "craft": null, "image": null, "email": null, "name:en": null, "building:levels": null, "website": null, "phone": null, "opening_hours": null, "office": null, "description": null, "addr:street": null, "addr:postcode": null, "addr:housenumber": null, "addr:city": null, "zone": "11", "region": "6", "Perimeter": "73.34598", "name": null, "healthcare": null, "emergency": null, "amenity": null }, "geometry": { "type": "MultiPolygon", "coordinates": [ [ [ [ 51.4208583, 35.7179233 ], [ 51.420935, 35.7179369 ], [ 51.4209383, 35.7179245 ], [ 51.4209719, 35.717796 ], [ 51.4209739, 35.7177882 ], [ 51.4209927, 35.7177185 ], [ 51.4208648, 35.7176956 ], [ 51.4208533, 35.7177384 ], [ 51.4208461, 35.7177649 ], [ 51.4208446, 35.7177705 ], [ 51.4208178, 35.7178713 ], [ 51.4208068, 35.7179147 ], [ 51.4208485, 35.7179216 ], [ 51.4208583, 35.7179233 ] ] ] ] } },
{ "type": "Feature", "properties": { "full_id": "w671614546", "osm_id": "671614546", "osm_type": "way", "building": "yes", "building:flats": null, "nat_name": null, "height": null, "craft": null, "image": null, "email": null, "name:en": null, "building:levels": null, "website": null, "phone": null, "opening_hours": null, "office": null, "description": null, "addr:street": null, "addr:postcode": null, "addr:housenumber": null, "addr:city": null, "zone": "11", "region": "6", "Perimeter": "83.36843", "name": null, "healthcare": null, "emergency": null, "amenity": null }, "geometry": { "type": "MultiPolygon", "coordinates": [ [ [ [ 51.4222225, 35.7174096 ], [ 51.4222254, 35.7174097 ], [ 51.4222257, 35.7173915 ], [ 51.4222259, 35.7173872 ], [ 51.422229, 35.7173102 ], [ 51.4222311, 35.7172618 ], [ 51.4222316, 35.71725 ], [ 51.4222352, 35.7171417 ], [ 51.4221039, 35.7171392 ], [ 51.422099, 35.7172637 ], [ 51.4220975, 35.7172984 ], [ 51.4220954, 35.7173418 ], [ 51.4220945, 35.7173645 ], [ 51.4220927, 35.7174072 ], [ 51.4222225, 35.7174096 ] ] ] ] } },
{ "type": "Feature", "properties": { "full_id": "w671614544", "osm_id": "671614544", "osm_type": "way", "building": "yes", "building:flats": null, "nat_name": null, "height": null, "craft": null, "image": null, "email": null, "name:en": null, "building:levels": null, "website": null, "phone": null, "opening_hours": null, "office": null, "description": null, "addr:street": null, "addr:postcode": null, "addr:housenumber": null, "addr:city": null, "zone": "11", "region": "6", "Perimeter": "83.02367", "name": null, "healthcare": null, "emergency": null, "amenity": null }, "geometry": { "type": "MultiPolygon", "coordinates": [ [ [ [ 51.4219629, 35.7174044 ], [ 51.4220078, 35.7174052 ], [ 51.4220412, 35.717406 ], [ 51.4220927, 35.7174072 ], [ 51.4220945, 35.7173645 ], [ 51.4220954, 35.7173418 ], [ 51.4220975, 35.7172984 ], [ 51.422099, 35.7172637 ], [ 51.4221039, 35.7171392 ], [ 51.4219735, 35.7171364 ], [ 51.4219728, 35.7171556 ], [ 51.4219685, 35.7172428 ], [ 51.4219678, 35.7172605 ], [ 51.4219642, 35.7173576 ], [ 51.4219629, 35.7174044 ] ] ] ] } },
{ "type": "Feature", "properties": { "full_id": "w671614548", "osm_id": "671614548", "osm_type": "way", "building": "yes", "building:flats": null, "nat_name": null, "height": null, "craft": null, "image": null, "email": null, "name:en": null, "building:levels": null, "website": null, "phone": null, "opening_hours": null, "office": null, "description": null, "addr:street": null, "addr:postcode": null, "addr:housenumber": null, "addr:city": null, "zone": "11", "region": "6", "Perimeter": "76.11442", "name": null, "healthcare": null, "emergency": null, "amenity": null }, "geometry": { "type": "MultiPolygon", "coordinates": [ [ [ [ 51.4224619, 35.7174128 ], [ 51.4225823, 35.7174153 ], [ 51.422583, 35.7173962 ], [ 51.4225838, 35.7173676 ], [ 51.4225846, 35.7173464 ], [ 51.4225859, 35.7173083 ], [ 51.4225862, 35.7173016 ], [ 51.4225869, 35.7172799 ], [ 51.422588, 35.7172486 ], [ 51.4225913, 35.7171653 ], [ 51.4224937, 35.7171629 ], [ 51.4224698, 35.7171815 ], [ 51.4224682, 35.7172287 ], [ 51.4224649, 35.7173235 ], [ 51.4224619, 35.7174128 ] ] ] ] } },
{ "type": "Feature", "properties": { "full_id": "w671614547", "osm_id": "671614547", "osm_type": "way", "building": "yes", "building:flats": null, "nat_name": null, "height": null, "craft": null, "image": null, "email": null, "name:en": null, "building:levels": null, "website": null, "phone": null, "opening_hours": null, "office": null, "description": null, "addr:street": null, "addr:postcode": null, "addr:housenumber": null, "addr:city": null, "zone": "11", "region": "6", "Perimeter": "85.7383", "name": null, "healthcare": null, "emergency": null, "amenity": null }, "geometry": { "type": "MultiPolygon", "coordinates": [ [ [ [ 51.4222254, 35.7174097 ], [ 51.4223055, 35.7174104 ], [ 51.4223616, 35.7174108 ], [ 51.4223619, 35.7173885 ], [ 51.4223737, 35.7173887 ], [ 51.4223744, 35.717359 ], [ 51.4223654, 35.7173588 ], [ 51.4223671, 35.7172683 ], [ 51.4223696, 35.7171435 ], [ 51.4222352, 35.7171417 ], [ 51.4222316, 35.71725 ], [ 51.4222311, 35.7172618 ], [ 51.422229, 35.7173102 ], [ 51.4222259, 35.7173872 ], [ 51.4222257, 35.7173915 ], [ 51.4222254, 35.7174097 ] ] ] ] } },
{ "type": "Feature", "properties": { "full_id": "w671614534", "osm_id": "671614534", "osm_type": "way", "building": "yes", "building:flats": null, "nat_name": null, "height": null, "craft": null, "image": null, "email": null, "name:en": null, "building:levels": null, "website": null, "phone": null, "opening_hours": null, "office": null, "description": null, "addr:street": null, "addr:postcode": null, "addr:housenumber": null, "addr:city": null, "zone": "11", "region": "6", "Perimeter": "64.48746", "name": null, "healthcare": null, "emergency": null, "amenity": null }, "geometry": { "type": "MultiPolygon", "coordinates": [ [ [ [ 51.4208631, 35.7173766 ], [ 51.4208749, 35.7173782 ], [ 51.4208776, 35.7173637 ], [ 51.4209021, 35.7172262 ], [ 51.4209138, 35.717152 ], [ 51.4208332, 35.7171487 ], [ 51.4208255, 35.7172183 ], [ 51.4208014, 35.7173551 ], [ 51.420799, 35.7173717 ], [ 51.4208631, 35.7173766 ] ] ] ] } },
{ "type": "Feature", "properties": { "full_id": "w671614533", "osm_id": "671614533", "osm_type": "way", "building": "yes", "building:flats": null, "nat_name": null, "height": null, "craft": null, "image": null, "email": null, "name:en": null, "building:levels": null, "website": null, "phone": null, "opening_hours": null, "office": null, "description": null, "addr:street": null, "addr:postcode": null, "addr:housenumber": null, "addr:city": null, "zone": "11", "region": "6", "Perimeter": "64.64888", "name": null, "healthcare": null, "emergency": null, "amenity": null }, "geometry": { "type": "MultiPolygon", "coordinates": [ [ [ [ 51.4208749, 35.7173782 ], [ 51.4209556, 35.7173779 ], [ 51.4209565, 35.7173733 ], [ 51.4209822, 35.7172379 ], [ 51.420991, 35.7171542 ], [ 51.4209138, 35.717152 ], [ 51.4209021, 35.7172262 ], [ 51.4208776, 35.7173637 ], [ 51.4208749, 35.7173782 ] ] ] ] } },
{ "type": "Feature", "properties": { "full_id": "w671614536", "osm_id": "671614536", "osm_type": "way", "building": "yes", "building:flats": null, "nat_name": null, "height": null, "craft": null, "image": null, "email": null, "name:en": null, "building:levels": null, "website": null, "phone": null, "opening_hours": null, "office": null, "description": null, "addr:street": null, "addr:postcode": null, "addr:housenumber": null, "addr:city": null, "zone": "11", "region": "6", "Perimeter": "63.53958", "name": null, "healthcare": null, "emergency": null, "amenity": null }, "geometry": { "type": "MultiPolygon", "coordinates": [ [ [ [ 51.4211464, 35.7173836 ], [ 51.4211824, 35.7173852 ], [ 51.4211847, 35.7173574 ], [ 51.4211852, 35.7173536 ], [ 51.4211919, 35.7173114 ], [ 51.4212032, 35.717249 ], [ 51.4212163, 35.7171616 ], [ 51.4211442, 35.7171576 ], [ 51.4211333, 35.7172434 ], [ 51.4211226, 35.7173032 ], [ 51.4211067, 35.7173822 ], [ 51.4211464, 35.7173836 ] ] ] ] } },
{ "type": "Feature", "properties": { "full_id": "w671614535", "osm_id": "671614535", "osm_type": "way", "building": "yes", "building:flats": null, "nat_name": null, "height": null, "craft": null, "image": null, "email": null, "name:en": null, "building:levels": null, "website": null, "phone": null, "opening_hours": null, "office": null, "description": null, "addr:street": null, "addr:postcode": null, "addr:housenumber": null, "addr:city": null, "zone": "11", "region": "6", "Perimeter": "77.71394", "name": null, "healthcare": null, "emergency": null, "amenity": null }, "geometry": { "type": "MultiPolygon", "coordinates": [ [ [ [ 51.4210113, 35.7173789 ], [ 51.4210681, 35.7173808 ], [ 51.4211067, 35.7173822 ], [ 51.4211226, 35.7173032 ], [ 51.4211333, 35.7172434 ], [ 51.4211442, 35.7171576 ], [ 51.420991, 35.7171542 ], [ 51.4209822, 35.7172379 ], [ 51.4209565, 35.7173733 ], [ 51.4209556, 35.7173779 ], [ 51.420999, 35.7173785 ], [ 51.4210113, 35.7173789 ] ] ] ] } },
{ "type": "Feature", "properties": { "full_id": "w671614538", "osm_id": "671614538", "osm_type": "way", "building": "yes", "building:flats": null, "nat_name": null, "height": null, "craft": null, "image": null, "email": null, "name:en": null, "building:levels": null, "website": null, "phone": null, "opening_hours": null, "office": null, "description": null, "addr:street": null, "addr:postcode": null, "addr:housenumber": null, "addr:city": null, "zone": "11", "region": "6", "Perimeter": "80.7827", "name": null, "healthcare": null, "emergency": null, "amenity": null }, "geometry": { "type": "MultiPolygon", "coordinates": [ [ [ [ 51.4212843, 35.7173905 ], [ 51.4214128, 35.7173924 ], [ 51.4214151, 35.7173804 ], [ 51.4214164, 35.7173501 ], [ 51.4214223, 35.7173228 ], [ 51.4214296, 35.7172629 ], [ 51.4214333, 35.7172321 ], [ 51.4214402, 35.7171674 ], [ 51.4214454, 35.7171587 ], [ 51.4212909, 35.7171523 ], [ 51.4212898, 35.7171663 ], [ 51.4212841, 35.7172138 ], [ 51.4212774, 35.7172572 ], [ 51.4212689, 35.7173091 ], [ 51.4212615, 35.7173603 ], [ 51.4212588, 35.7173656 ], [ 51.4212567, 35.7173892 ], [ 51.4212843, 35.7173905 ] ] ] ] } },
{ "type": "Feature", "properties": { "full_id": "w671614537", "osm_id": "671614537", "osm_type": "way", "building": "yes", "building:flats": null, "nat_name": null, "height": null, "craft": null, "image": null, "email": null, "name:en": null, "building:levels": null, "website": null, "phone": null, "opening_hours": null, "office": null, "description": null, "addr:street": null, "addr:postcode": null, "addr:housenumber": null, "addr:city": null, "zone": "11", "region": "6", "Perimeter": "63.30902", "name": null, "healthcare": null, "emergency": null, "amenity": null }, "geometry": { "type": "MultiPolygon", "coordinates": [ [ [ [ 51.4211824, 35.7173852 ], [ 51.4212173, 35.7173872 ], [ 51.4212567, 35.7173892 ], [ 51.4212588, 35.7173656 ], [ 51.4212615, 35.7173603 ], [ 51.4212689, 35.7173091 ], [ 51.4212774, 35.7172572 ], [ 51.4212841, 35.7172138 ], [ 51.4212898, 35.7171663 ], [ 51.4212163, 35.7171616 ], [ 51.4212032, 35.717249 ], [ 51.4211919, 35.7173114 ], [ 51.4211852, 35.7173536 ], [ 51.4211847, 35.7173574 ], [ 51.4211824, 35.7173852 ] ] ] ] } },
{ "type": "Feature", "properties": { "full_id": "w671614541", "osm_id": "671614541", "osm_type": "way", "building": "yes", "building:flats": null, "nat_name": null, "height": null, "craft": null, "image": null, "email": null, "name:en": null, "building:levels": null, "website": null, "phone": null, "opening_hours": null, "office": null, "description": null, "addr:street": null, "addr:postcode": null, "addr:housenumber": null, "addr:city": null, "zone": "11", "region": "6", "Perimeter": "86.64342", "name": null, "healthcare": null, "emergency": null, "amenity": null }, "geometry": { "type": "MultiPolygon", "coordinates": [ [ [ [ 51.4218902, 35.7174033 ], [ 51.4219629, 35.7174044 ], [ 51.4219642, 35.7173576 ], [ 51.4219678, 35.7172605 ], [ 51.4219685, 35.7172428 ], [ 51.4219728, 35.7171556 ], [ 51.4218342, 35.7171523 ], [ 51.4218201, 35.7171804 ], [ 51.4218176, 35.7172247 ], [ 51.4218087, 35.7172868 ], [ 51.4218043, 35.7173125 ], [ 51.4218003, 35.7173367 ], [ 51.4217946, 35.7173361 ], [ 51.4217909, 35.7173661 ], [ 51.4217858, 35.7173658 ], [ 51.4217834, 35.7173937 ], [ 51.4217777, 35.7173935 ], [ 51.4217773, 35.7174019 ], [ 51.4218902, 35.7174033 ] ] ] ] } },
{ "type": "Feature", "properties": { "full_id": "w671614540", "osm_id": "671614540", "osm_type": "way", "building": "yes", "building:flats": null, "nat_name": null, "height": null, "craft": null, "image": null, "email": null, "name:en": null, "building:levels": null, "website": null, "phone": null, "opening_hours": null, "office": null, "description": null, "addr:street": null, "addr:postcode": null, "addr:housenumber": null, "addr:city": null, "zone": "11", "region": "6", "Perimeter": "77.61404", "name": null, "healthcare": null, "emergency": null, "amenity": null }, "geometry": { "type": "MultiPolygon", "coordinates": [ [ [ [ 51.4214128, 35.7173924 ], [ 51.421424, 35.717394 ], [ 51.4215548, 35.7173995 ], [ 51.4215929, 35.7172454 ], [ 51.4215959, 35.7171722 ], [ 51.4214402, 35.7171674 ], [ 51.4214333, 35.7172321 ], [ 51.4214296, 35.7172629 ], [ 51.4214223, 35.7173228 ], [ 51.4214164, 35.7173501 ], [ 51.4214151, 35.7173804 ], [ 51.4214128, 35.7173924 ] ] ] ] } },
{ "type": "Feature", "properties": { "full_id": "w671614526", "osm_id": "671614526", "osm_type": "way", "building": "yes", "building:flats": null, "nat_name": null, "height": null, "craft": null, "image": null, "email": null, "name:en": null, "building:levels": "4", "website": null, "phone": null, "opening_hours": null, "office": null, "description": null, "addr:street": "حسینی", "addr:postcode": "1585843135", "addr:housenumber": null, "addr:city": "تهران", "zone": "11", "region": "6", "Perimeter": "83.92904", "name": "ماشین های اداری مبین", "healthcare": null, "emergency": null, "amenity": null }, "geometry": { "type": "MultiPolygon", "coordinates": [ [ [ [ 51.4201184, 35.7173491 ], [ 51.4201472, 35.7173505 ], [ 51.4201818, 35.7173525 ], [ 51.4201855, 35.7173218 ], [ 51.4202025, 35.7172202 ], [ 51.4202202, 35.717131 ], [ 51.420046, 35.7171273 ], [ 51.4200248, 35.717145 ], [ 51.4200219, 35.7171957 ], [ 51.4199836, 35.717346 ], [ 51.4201184, 35.7173491 ] ] ] ] } },
{ "type": "Feature", "properties": { "full_id": "w671614528", "osm_id": "671614528", "osm_type": "way", "building": "yes", "building:flats": null, "nat_name": null, "height": null, "craft": null, "image": null, "email": null, "name:en": null, "building:levels": null, "website": null, "phone": null, "opening_hours": null, "office": null, "description": null, "addr:street": null, "addr:postcode": null, "addr:housenumber": null, "addr:city": null, "zone": "11", "region": "6", "Perimeter": "64.32545", "name": null, "healthcare": null, "emergency": null, "amenity": null }, "geometry": { "type": "MultiPolygon", "coordinates": [ [ [ [ 51.4202857, 35.717356 ], [ 51.4203391, 35.7173571 ], [ 51.4203411, 35.7173402 ], [ 51.4203417, 35.7173353 ], [ 51.4203604, 35.717226 ], [ 51.4203771, 35.717135 ], [ 51.4202976, 35.717134 ], [ 51.4202877, 35.7172036 ], [ 51.4202627, 35.7173294 ], [ 51.4202571, 35.7173555 ], [ 51.4202857, 35.717356 ] ] ] ] } },
{ "type": "Feature", "properties": { "full_id": "w671614527", "osm_id": "671614527", "osm_type": "way", "building": "yes", "building:flats": null, "nat_name": null, "height": null, "craft": null, "image": null, "email": null, "name:en": null, "building:levels": null, "website": null, "phone": null, "opening_hours": null, "office": null, "description": null, "addr:street": null, "addr:postcode": null, "addr:housenumber": null, "addr:city": null, "zone": "11", "region": "6", "Perimeter": "63.48824", "name": null, "healthcare": null, "emergency": null, "amenity": null }, "geometry": { "type": "MultiPolygon", "coordinates": [ [ [ [ 51.4201818, 35.7173525 ], [ 51.4202154, 35.7173542 ], [ 51.4202571, 35.7173555 ], [ 51.4202627, 35.7173294 ], [ 51.4202877, 35.7172036 ], [ 51.4202976, 35.717134 ], [ 51.4202202, 35.717131 ], [ 51.4202025, 35.7172202 ], [ 51.4201855, 35.7173218 ], [ 51.4201818, 35.7173525 ] ] ] ] } },
{ "type": "Feature", "properties": { "full_id": "w671614530", "osm_id": "671614530", "osm_type": "way", "building": "yes", "building:flats": null, "nat_name": null, "height": null, "craft": null, "image": null, "email": null, "name:en": null, "building:levels": null, "website": null, "phone": null, "opening_hours": null, "office": null, "description": null, "addr:street": null, "addr:postcode": null, "addr:housenumber": null, "addr:city": null, "zone": "11", "region": "6", "Perimeter": "63.91323", "name": null, "healthcare": null, "emergency": null, "amenity": null }, "geometry": { "type": "MultiPolygon", "coordinates": [ [ [ [ 51.4204264, 35.717361 ], [ 51.420451, 35.7173614 ], [ 51.4204891, 35.7173622 ], [ 51.4205151, 35.717212 ], [ 51.4205279, 35.7171401 ], [ 51.4204505, 35.7171375 ], [ 51.4204441, 35.7172044 ], [ 51.4204379, 35.7172366 ], [ 51.4204223, 35.7173092 ], [ 51.4204114, 35.7173605 ], [ 51.4204264, 35.717361 ] ] ] ] } },
{ "type": "Feature", "properties": { "full_id": "w671614529", "osm_id": "671614529", "osm_type": "way", "building": "yes", "building:flats": null, "nat_name": null, "height": null, "craft": null, "image": null, "email": null, "name:en": null, "building:levels": null, "website": null, "phone": null, "opening_hours": null, "office": null, "description": null, "addr:street": null, "addr:postcode": null, "addr:housenumber": null, "addr:city": null, "zone": "11", "region": "6", "Perimeter": "63.06559", "name": null, "healthcare": null, "emergency": null, "amenity": null }, "geometry": { "type": "MultiPolygon", "coordinates": [ [ [ [ 51.4203391, 35.7173571 ], [ 51.4203747, 35.7173589 ], [ 51.4204114, 35.7173605 ], [ 51.4204223, 35.7173092 ], [ 51.4204379, 35.7172366 ], [ 51.4204441, 35.7172044 ], [ 51.4204505, 35.7171375 ], [ 51.4203771, 35.717135 ], [ 51.4203604, 35.717226 ], [ 51.4203417, 35.7173353 ], [ 51.4203411, 35.7173402 ], [ 51.4203391, 35.7173571 ] ] ] ] } },
{ "type": "Feature", "properties": { "full_id": "w671614532", "osm_id": "671614532", "osm_type": "way", "building": "yes", "building:flats": null, "nat_name": null, "height": null, "craft": null, "image": null, "email": null, "name:en": null, "building:levels": null, "website": null, "phone": null, "opening_hours": null, "office": null, "description": null, "addr:street": null, "addr:postcode": null, "addr:housenumber": null, "addr:city": null, "zone": "11", "region": "6", "Perimeter": "77.42071", "name": null, "healthcare": null, "emergency": null, "amenity": null }, "geometry": { "type": "MultiPolygon", "coordinates": [ [ [ [ 51.4206843, 35.7173666 ], [ 51.4206994, 35.7173672 ], [ 51.4207683, 35.7173699 ], [ 51.4207783, 35.7173705 ], [ 51.420799, 35.7173717 ], [ 51.4208014, 35.7173551 ], [ 51.4208255, 35.7172183 ], [ 51.4208332, 35.7171487 ], [ 51.4206811, 35.7171435 ], [ 51.4206752, 35.7172038 ], [ 51.4206707, 35.7172294 ], [ 51.4206458, 35.7173656 ], [ 51.4206843, 35.7173666 ] ] ] ] } },
{ "type": "Feature", "properties": { "full_id": "w671614531", "osm_id": "671614531", "osm_type": "way", "building": "yes", "building:flats": null, "nat_name": null, "height": null, "craft": null, "image": null, "email": null, "name:en": null, "building:levels": null, "website": null, "phone": null, "opening_hours": null, "office": null, "description": null, "addr:street": null, "addr:postcode": null, "addr:housenumber": null, "addr:city": null, "zone": "11", "region": "6", "Perimeter": "77.76852", "name": null, "healthcare": null, "emergency": null, "amenity": null }, "geometry": { "type": "MultiPolygon", "coordinates": [ [ [ [ 51.4206075, 35.7173646 ], [ 51.4206458, 35.7173656 ], [ 51.4206707, 35.7172294 ], [ 51.4206752, 35.7172038 ], [ 51.4206811, 35.7171435 ], [ 51.4205279, 35.7171401 ], [ 51.4205151, 35.717212 ], [ 51.4204891, 35.7173622 ], [ 51.4205153, 35.7173627 ], [ 51.4206075, 35.7173646 ] ] ] ] } },
{ "type": "Feature", "properties": { "full_id": "w882981078", "osm_id": "882981078", "osm_type": "way", "building": "office", "building:flats": null, "nat_name": null, "height": null, "craft": null, "image": null, "email": null, "name:en": "Mofid Securities", "building:levels": null, "website": null, "phone": null, "opening_hours": null, "office": "company", "description": null, "addr:street": "اول", "addr:postcode": null, "addr:housenumber": null, "addr:city": "تهران", "zone": null, "region": null, "Perimeter": null, "name": "کارگزاری مفید", "healthcare": null, "emergency": null, "amenity": null }, "geometry": { "type": "MultiPolygon", "coordinates": [ [ [ [ 51.4239292, 35.7163701 ], [ 51.4241463, 35.7163755 ], [ 51.4241622, 35.7164028 ], [ 51.4241137, 35.7164664 ], [ 51.423926, 35.7164633 ], [ 51.4239292, 35.7163701 ] ] ] ] } },
{ "type": "Feature", "properties": { "full_id": "w671614584", "osm_id": "671614584", "osm_type": "way", "building": "yes", "building:flats": null, "nat_name": null, "height": null, "craft": null, "image": null, "email": null, "name:en": null, "building:levels": null, "website": null, "phone": null, "opening_hours": null, "office": null, "description": null, "addr:street": null, "addr:postcode": null, "addr:housenumber": null, "addr:city": null, "zone": "11", "region": "6", "Perimeter": "77.47625", "name": null, "healthcare": null, "emergency": null, "amenity": null }, "geometry": { "type": "MultiPolygon", "coordinates": [ [ [ [ 51.4208094, 35.71759 ], [ 51.4208617, 35.7175994 ], [ 51.4209105, 35.7176084 ], [ 51.4209504, 35.7176157 ], [ 51.4209664, 35.7175544 ], [ 51.4209886, 35.717467 ], [ 51.4210113, 35.7173789 ], [ 51.420999, 35.7173785 ], [ 51.4209556, 35.7173779 ], [ 51.4208749, 35.7173782 ], [ 51.4208631, 35.7173766 ], [ 51.4208488, 35.7174378 ], [ 51.4208435, 35.7174585 ], [ 51.4208407, 35.7174693 ], [ 51.4208094, 35.71759 ] ] ] ] } },
{ "type": "Feature", "properties": { "full_id": "w671614582", "osm_id": "671614582", "osm_type": "way", "building": "yes", "building:flats": null, "nat_name": null, "height": null, "craft": null, "image": null, "email": null, "name:en": null, "building:levels": null, "website": null, "phone": null, "opening_hours": null, "office": null, "description": null, "addr:street": null, "addr:postcode": null, "addr:housenumber": null, "addr:city": null, "zone": "11", "region": "6", "Perimeter": "78.03481", "name": null, "healthcare": null, "emergency": null, "amenity": null }, "geometry": { "type": "MultiPolygon", "coordinates": [ [ [ [ 51.4206379, 35.7175593 ], [ 51.4208094, 35.71759 ], [ 51.4208407, 35.7174693 ], [ 51.4208435, 35.7174585 ], [ 51.4208488, 35.7174378 ], [ 51.4208631, 35.7173766 ], [ 51.420799, 35.7173717 ], [ 51.4207783, 35.7173705 ], [ 51.4207683, 35.7173699 ], [ 51.4206994, 35.7173672 ], [ 51.4206843, 35.7173666 ], [ 51.4206683, 35.7174276 ], [ 51.4206657, 35.7174377 ], [ 51.4206635, 35.7174473 ], [ 51.4206518, 35.7175013 ], [ 51.4206379, 35.7175593 ] ] ] ] } },
{ "type": "Feature", "properties": { "full_id": "w671614587", "osm_id": "671614587", "osm_type": "way", "building": "yes", "building:flats": null, "nat_name": null, "height": null, "craft": null, "image": null, "email": null, "name:en": null, "building:levels": null, "website": null, "phone": null, "opening_hours": null, "office": null, "description": null, "addr:street": null, "addr:postcode": null, "addr:housenumber": null, "addr:city": null, "zone": "11", "region": "6", "Perimeter": "80.45672", "name": null, "healthcare": null, "emergency": null, "amenity": null }, "geometry": { "type": "MultiPolygon", "coordinates": [ [ [ [ 51.4209504, 35.7176157 ], [ 51.421009, 35.7176263 ], [ 51.4210837, 35.7176401 ], [ 51.4210928, 35.7176046 ], [ 51.421117, 35.7175092 ], [ 51.4211211, 35.717493 ], [ 51.4211226, 35.7174778 ], [ 51.4211464, 35.7173836 ], [ 51.4211067, 35.7173822 ], [ 51.4210681, 35.7173808 ], [ 51.4210113, 35.7173789 ], [ 51.4209886, 35.717467 ], [ 51.4209664, 35.7175544 ], [ 51.4209504, 35.7176157 ] ] ] ] } },
{ "type": "Feature", "properties": { "full_id": "w671614586", "osm_id": "671614586", "osm_type": "way", "building": "yes", "building:flats": null, "nat_name": null, "height": null, "craft": null, "image": null, "email": null, "name:en": null, "building:levels": null, "website": null, "phone": null, "opening_hours": null, "office": null, "description": null, "addr:street": null, "addr:postcode": null, "addr:housenumber": null, "addr:city": null, "zone": "11", "region": "6", "Perimeter": "47.32867", "name": null, "healthcare": null, "emergency": null, "amenity": null }, "geometry": { "type": "MultiPolygon", "coordinates": [ [ [ [ 51.4199095, 35.7176185 ], [ 51.4200551, 35.7176427 ], [ 51.4200777, 35.7175541 ], [ 51.4199312, 35.7175275 ], [ 51.4199095, 35.7176185 ] ] ] ] } },
{ "type": "Feature", "properties": { "full_id": "w671614570", "osm_id": "671614570", "osm_type": "way", "building": "yes", "building:flats": null, "nat_name": null, "height": null, "craft": null, "image": null, "email": null, "name:en": null, "building:levels": null, "website": null, "phone": null, "opening_hours": null, "office": null, "description": null, "addr:street": null, "addr:postcode": null, "addr:housenumber": null, "addr:city": null, "zone": "11", "region": "6", "Perimeter": "56.67274", "name": null, "healthcare": null, "emergency": null, "amenity": null }, "geometry": { "type": "MultiPolygon", "coordinates": [ [ [ [ 51.4204774, 35.7175324 ], [ 51.4205704, 35.717548 ], [ 51.4205827, 35.7174914 ], [ 51.4205932, 35.7174375 ], [ 51.4206002, 35.7174018 ], [ 51.4206075, 35.7173646 ], [ 51.4205153, 35.7173627 ], [ 51.4205098, 35.7173897 ], [ 51.4205065, 35.717405 ], [ 51.4204774, 35.7175324 ] ] ] ] } },
{ "type": "Feature", "properties": { "full_id": "w671614575", "osm_id": "671614575", "osm_type": "way", "building": "yes", "building:flats": null, "nat_name": null, "height": null, "craft": null, "image": null, "email": null, "name:en": null, "building:levels": null, "website": null, "phone": null, "opening_hours": null, "office": null, "description": null, "addr:street": null, "addr:postcode": null, "addr:housenumber": null, "addr:city": null, "zone": "11", "region": "6", "Perimeter": "55.5677", "name": null, "healthcare": null, "emergency": null, "amenity": null }, "geometry": { "type": "MultiPolygon", "coordinates": [ [ [ [ 51.4205704, 35.717548 ], [ 51.4206022, 35.7175533 ], [ 51.4206379, 35.7175593 ], [ 51.4206518, 35.7175013 ], [ 51.4206635, 35.7174473 ], [ 51.4206657, 35.7174377 ], [ 51.4206683, 35.7174276 ], [ 51.4206843, 35.7173666 ], [ 51.4206458, 35.7173656 ], [ 51.4206075, 35.7173646 ], [ 51.4206002, 35.7174018 ], [ 51.4205932, 35.7174375 ], [ 51.4205827, 35.7174914 ], [ 51.4205704, 35.717548 ] ] ] ] } },
{ "type": "Feature", "properties": { "full_id": "w671614565", "osm_id": "671614565", "osm_type": "way", "building": "yes", "building:flats": null, "nat_name": null, "height": null, "craft": null, "image": null, "email": null, "name:en": null, "building:levels": null, "website": null, "phone": null, "opening_hours": null, "office": null, "description": null, "addr:street": null, "addr:postcode": null, "addr:housenumber": null, "addr:city": null, "zone": "11", "region": "6", "Perimeter": "58.69911", "name": null, "healthcare": null, "emergency": null, "amenity": null }, "geometry": { "type": "MultiPolygon", "coordinates": [ [ [ [ 51.4202522, 35.7174941 ], [ 51.4202974, 35.7175017 ], [ 51.4203893, 35.7175174 ], [ 51.4204016, 35.7174682 ], [ 51.4204155, 35.717409 ], [ 51.4204194, 35.717392 ], [ 51.4204264, 35.717361 ], [ 51.4204114, 35.7173605 ], [ 51.4203747, 35.7173589 ], [ 51.4203391, 35.7173571 ], [ 51.4202857, 35.717356 ], [ 51.4202755, 35.7173987 ], [ 51.4202522, 35.7174941 ] ] ] ] } },
{ "type": "Feature", "properties": { "full_id": "w671614569", "osm_id": "671614569", "osm_type": "way", "building": "yes", "building:flats": null, "nat_name": null, "height": null, "craft": null, "image": null, "email": null, "name:en": null, "building:levels": null, "website": null, "phone": null, "opening_hours": null, "office": null, "description": null, "addr:street": null, "addr:postcode": null, "addr:housenumber": null, "addr:city": null, "zone": "11", "region": "6", "Perimeter": "52.99437", "name": null, "healthcare": null, "emergency": null, "amenity": null }, "geometry": { "type": "MultiPolygon", "coordinates": [ [ [ [ 51.4203893, 35.7175174 ], [ 51.4204522, 35.7175282 ], [ 51.4204774, 35.7175324 ], [ 51.4205065, 35.717405 ], [ 51.4205098, 35.7173897 ], [ 51.4205153, 35.7173627 ], [ 51.4204891, 35.7173622 ], [ 51.420451, 35.7173614 ], [ 51.4204264, 35.717361 ], [ 51.4204194, 35.717392 ], [ 51.4204155, 35.717409 ], [ 51.4204016, 35.7174682 ], [ 51.4203893, 35.7175174 ] ] ] ] } },
{ "type": "Feature", "properties": { "full_id": "w671614568", "osm_id": "671614568", "osm_type": "way", "building": "yes", "building:flats": null, "nat_name": null, "height": null, "craft": null, "image": null, "email": null, "name:en": null, "building:levels": null, "website": null, "phone": null, "opening_hours": null, "office": null, "description": null, "addr:street": null, "addr:postcode": null, "addr:housenumber": null, "addr:city": null, "zone": "11", "region": "6", "Perimeter": "35.14113", "name": null, "healthcare": null, "emergency": null, "amenity": null }, "geometry": { "type": "MultiPolygon", "coordinates": [ [ [ [ 51.4222639, 35.7174376 ], [ 51.4222651, 35.7175173 ], [ 51.4223621, 35.7175171 ], [ 51.4223608, 35.7174381 ], [ 51.4222639, 35.7174376 ] ] ] ] } },
{ "type": "Feature", "properties": { "full_id": "w671614552", "osm_id": "671614552", "osm_type": "way", "building": "yes", "building:flats": null, "nat_name": null, "height": null, "craft": null, "image": null, "email": null, "name:en": null, "building:levels": null, "website": null, "phone": null, "opening_hours": null, "office": null, "description": null, "addr:street": null, "addr:postcode": null, "addr:housenumber": null, "addr:city": null, "zone": "11", "region": "6", "Perimeter": "83.7671", "name": null, "healthcare": null, "emergency": null, "amenity": null }, "geometry": { "type": "MultiPolygon", "coordinates": [ [ [ [ 51.4227153, 35.7174178 ], [ 51.4227454, 35.7174183 ], [ 51.422816, 35.71742 ], [ 51.4228463, 35.7174205 ], [ 51.4228476, 35.7173647 ], [ 51.4228483, 35.7173307 ], [ 51.4228492, 35.7172846 ], [ 51.4228496, 35.7172614 ], [ 51.4228501, 35.7172271 ], [ 51.4228511, 35.7171531 ], [ 51.4227833, 35.7171526 ], [ 51.4227834, 35.7171487 ], [ 51.4227199, 35.7171481 ], [ 51.4227189, 35.7172232 ], [ 51.4227183, 35.7172599 ], [ 51.4227179, 35.7172826 ], [ 51.4227174, 35.7173042 ], [ 51.4227158, 35.7173986 ], [ 51.4227153, 35.7174178 ] ] ] ] } },
{ "type": "Feature", "properties": { "full_id": "w671614551", "osm_id": "671614551", "osm_type": "way", "building": "yes", "building:flats": null, "nat_name": null, "height": null, "craft": null, "image": null, "email": null, "name:en": null, "building:levels": null, "website": null, "phone": null, "opening_hours": null, "office": null, "description": null, "addr:street": null, "addr:postcode": null, "addr:housenumber": null, "addr:city": null, "zone": "11", "region": "6", "Perimeter": "83.39948", "name": null, "healthcare": null, "emergency": null, "amenity": null }, "geometry": { "type": "MultiPolygon", "coordinates": [ [ [ [ 51.4226501, 35.7174166 ], [ 51.4227153, 35.7174178 ], [ 51.4227158, 35.7173986 ], [ 51.4227174, 35.7173042 ], [ 51.4227179, 35.7172826 ], [ 51.4227183, 35.7172599 ], [ 51.4227189, 35.7172232 ], [ 51.4227199, 35.7171481 ], [ 51.4226763, 35.7171477 ], [ 51.4225919, 35.7171462 ], [ 51.4225913, 35.7171653 ], [ 51.422588, 35.7172486 ], [ 51.4225869, 35.7172799 ], [ 51.4225862, 35.7173016 ], [ 51.4225859, 35.7173083 ], [ 51.4225846, 35.7173464 ], [ 51.4225838, 35.7173676 ], [ 51.422583, 35.7173962 ], [ 51.4225823, 35.7174153 ], [ 51.4226501, 35.7174166 ] ] ] ] } },
{ "type": "Feature", "properties": { "full_id": "w671614554", "osm_id": "671614554", "osm_type": "way", "building": "yes", "building:flats": null, "nat_name": null, "height": null, "craft": null, "image": null, "email": null, "name:en": null, "building:levels": null, "website": null, "phone": null, "opening_hours": null, "office": null, "description": null, "addr:street": null, "addr:postcode": null, "addr:housenumber": null, "addr:city": null, "zone": "11", "region": "6", "Perimeter": "79.08995", "name": null, "healthcare": null, "emergency": null, "amenity": null }, "geometry": { "type": "MultiPolygon", "coordinates": [ [ [ [ 51.4229763, 35.7174228 ], [ 51.4230918, 35.7174246 ], [ 51.4233023, 35.7174297 ], [ 51.4233233, 35.7174042 ], [ 51.4233467, 35.7173757 ], [ 51.423338, 35.7173614 ], [ 51.4230944, 35.7173533 ], [ 51.4229771, 35.7173512 ], [ 51.4229763, 35.7174228 ] ] ] ] } },
{ "type": "Feature", "properties": { "full_id": "w671614553", "osm_id": "671614553", "osm_type": "way", "building": "yes", "building:flats": null, "nat_name": null, "height": null, "craft": null, "image": null, "email": null, "name:en": null, "building:levels": null, "website": null, "phone": null, "opening_hours": null, "office": null, "description": null, "addr:street": null, "addr:postcode": null, "addr:housenumber": null, "addr:city": null, "zone": "11", "region": "6", "Perimeter": "81.65924", "name": null, "healthcare": null, "emergency": null, "amenity": null }, "geometry": { "type": "MultiPolygon", "coordinates": [ [ [ [ 51.4228463, 35.7174205 ], [ 51.4229534, 35.7174226 ], [ 51.4229763, 35.7174228 ], [ 51.4229771, 35.7173512 ], [ 51.4229687, 35.7173511 ], [ 51.4229698, 35.717235 ], [ 51.4229705, 35.7171713 ], [ 51.4229491, 35.7171539 ], [ 51.4228511, 35.7171531 ], [ 51.4228501, 35.7172271 ], [ 51.4228496, 35.7172614 ], [ 51.4228492, 35.7172846 ], [ 51.4228483, 35.7173307 ], [ 51.4228476, 35.7173647 ], [ 51.4228463, 35.7174205 ] ] ] ] } },
{ "type": "Feature", "properties": { "full_id": "w671614557", "osm_id": "671614557", "osm_type": "way", "building": "yes", "building:flats": null, "nat_name": null, "height": null, "craft": null, "image": null, "email": null, "name:en": null, "building:levels": null, "website": null, "phone": null, "opening_hours": null, "office": null, "description": null, "addr:street": null, "addr:postcode": null, "addr:housenumber": null, "addr:city": null, "zone": "11", "region": "6", "Perimeter": "59.49645", "name": null, "healthcare": null, "emergency": null, "amenity": null }, "geometry": { "type": "MultiPolygon", "coordinates": [ [ [ [ 51.4200829, 35.7174631 ], [ 51.420146, 35.7174753 ], [ 51.4202522, 35.7174941 ], [ 51.4202755, 35.7173987 ], [ 51.4202857, 35.717356 ], [ 51.4202571, 35.7173555 ], [ 51.4202154, 35.7173542 ], [ 51.4201818, 35.7173525 ], [ 51.4201472, 35.7173505 ], [ 51.4201184, 35.7173491 ], [ 51.4201111, 35.7173722 ], [ 51.4201091, 35.7173789 ], [ 51.4200968, 35.7174176 ], [ 51.4200829, 35.7174631 ] ] ] ] } },
{ "type": "Feature", "properties": { "full_id": "w671614555", "osm_id": "671614555", "osm_type": "way", "building": "yes", "building:flats": null, "nat_name": null, "height": null, "craft": null, "image": null, "email": null, "name:en": null, "building:levels": null, "website": null, "phone": null, "opening_hours": null, "office": null, "description": null, "addr:street": null, "addr:postcode": null, "addr:housenumber": null, "addr:city": null, "zone": "11", "region": "6", "Perimeter": "48.08733", "name": null, "healthcare": null, "emergency": null, "amenity": null }, "geometry": { "type": "MultiPolygon", "coordinates": [ [ [ [ 51.4200829, 35.7174631 ], [ 51.4200968, 35.7174176 ], [ 51.4201091, 35.7173789 ], [ 51.4201111, 35.7173722 ], [ 51.4201184, 35.7173491 ], [ 51.4199836, 35.717346 ], [ 51.4199721, 35.7173458 ], [ 51.4199682, 35.7173625 ], [ 51.4199539, 35.717425 ], [ 51.4199695, 35.7174416 ], [ 51.4200022, 35.7174475 ], [ 51.4200829, 35.7174631 ] ] ] ] } },
{ "type": "Feature", "properties": { "full_id": "w671614838", "osm_id": "671614838", "osm_type": "way", "building": "yes", "building:flats": null, "nat_name": null, "height": null, "craft": null, "image": null, "email": null, "name:en": null, "building:levels": null, "website": null, "phone": null, "opening_hours": null, "office": null, "description": null, "addr:street": null, "addr:postcode": null, "addr:housenumber": null, "addr:city": null, "zone": "11", "region": "6", "Perimeter": "64.35988", "name": null, "healthcare": null, "emergency": null, "amenity": null }, "geometry": { "type": "MultiPolygon", "coordinates": [ [ [ [ 51.4207415, 35.7186834 ], [ 51.4207738, 35.7186886 ], [ 51.4207885, 35.7186911 ], [ 51.420818, 35.7186962 ], [ 51.4208303, 35.7186454 ], [ 51.4208437, 35.7185886 ], [ 51.4208573, 35.7185297 ], [ 51.4208597, 35.7185195 ], [ 51.4208706, 35.7184748 ], [ 51.420831, 35.7184681 ], [ 51.4207919, 35.7184616 ], [ 51.4207787, 35.7185174 ], [ 51.4207702, 35.7185549 ], [ 51.4207631, 35.7185868 ], [ 51.4207415, 35.7186834 ] ] ] ] } },
{ "type": "Feature", "properties": { "full_id": "w671614843", "osm_id": "671614843", "osm_type": "way", "building": "yes", "building:flats": null, "nat_name": null, "height": null, "craft": null, "image": null, "email": null, "name:en": null, "building:levels": null, "website": null, "phone": null, "opening_hours": null, "office": null, "description": null, "addr:street": null, "addr:postcode": null, "addr:housenumber": null, "addr:city": null, "zone": "11", "region": "6", "Perimeter": "63.35911", "name": null, "healthcare": null, "emergency": null, "amenity": null }, "geometry": { "type": "MultiPolygon", "coordinates": [ [ [ [ 51.420818, 35.7186962 ], [ 51.4208898, 35.7187082 ], [ 51.4209302, 35.718542 ], [ 51.4209327, 35.7185314 ], [ 51.4209438, 35.7184875 ], [ 51.4209003, 35.71848 ], [ 51.4208781, 35.7184761 ], [ 51.4208706, 35.7184748 ], [ 51.4208597, 35.7185195 ], [ 51.4208573, 35.7185297 ], [ 51.4208437, 35.7185886 ], [ 51.4208303, 35.7186454 ], [ 51.420818, 35.7186962 ] ] ] ] } },
{ "type": "Feature", "properties": { "full_id": "w671614845", "osm_id": "671614845", "osm_type": "way", "building": "yes", "building:flats": null, "nat_name": null, "height": null, "craft": null, "image": null, "email": null, "name:en": null, "building:levels": null, "website": null, "phone": null, "opening_hours": null, "office": null, "description": null, "addr:street": null, "addr:postcode": null, "addr:housenumber": null, "addr:city": null, "zone": "11", "region": "6", "Perimeter": "93.57655", "name": null, "healthcare": null, "emergency": null, "amenity": null }, "geometry": { "type": "MultiPolygon", "coordinates": [ [ [ [ 51.4222095, 35.7186512 ], [ 51.4222084, 35.7186839 ], [ 51.4222555, 35.7187109 ], [ 51.4222917, 35.7186706 ], [ 51.4223448, 35.7186127 ], [ 51.4223455, 35.718586 ], [ 51.4223499, 35.7184195 ], [ 51.4223504, 35.7183953 ], [ 51.4223512, 35.7183682 ], [ 51.4222137, 35.7183661 ], [ 51.4222132, 35.7184156 ], [ 51.4222128, 35.7184621 ], [ 51.4222108, 35.7186082 ], [ 51.4222107, 35.7186128 ], [ 51.4222095, 35.7186512 ] ] ] ] } },
{ "type": "Feature", "properties": { "full_id": "w671614846", "osm_id": "671614846", "osm_type": "way", "building": "yes", "building:flats": null, "nat_name": null, "height": null, "craft": null, "image": null, "email": null, "name:en": null, "building:levels": null, "website": null, "phone": null, "opening_hours": null, "office": null, "description": null, "addr:street": null, "addr:postcode": null, "addr:housenumber": null, "addr:city": null, "zone": "11", "region": "6", "Perimeter": "77.86417", "name": null, "healthcare": null, "emergency": null, "amenity": null }, "geometry": { "type": "MultiPolygon", "coordinates": [ [ [ [ 51.4208898, 35.7187082 ], [ 51.4210415, 35.7187337 ], [ 51.4210763, 35.7185906 ], [ 51.4210822, 35.7185663 ], [ 51.421095, 35.7185131 ], [ 51.4210308, 35.7185025 ], [ 51.4209438, 35.7184875 ], [ 51.4209327, 35.7185314 ], [ 51.4209302, 35.718542 ], [ 51.4208898, 35.7187082 ] ] ] ] } },
{ "type": "Feature", "properties": { "full_id": "w671614817", "osm_id": "671614817", "osm_type": "way", "building": "yes", "building:flats": null, "nat_name": null, "height": null, "craft": null, "image": null, "email": null, "name:en": null, "building:levels": null, "website": null, "phone": null, "opening_hours": null, "office": null, "description": null, "addr:street": null, "addr:postcode": null, "addr:housenumber": null, "addr:city": null, "zone": "11", "region": "6", "Perimeter": "78.2181", "name": null, "healthcare": null, "emergency": null, "amenity": null }, "geometry": { "type": "MultiPolygon", "coordinates": [ [ [ [ 51.4204345, 35.7186308 ], [ 51.4205882, 35.7186573 ], [ 51.4206014, 35.7186026 ], [ 51.4206172, 35.7185318 ], [ 51.4206383, 35.7184363 ], [ 51.4205775, 35.7184265 ], [ 51.4204835, 35.7184108 ], [ 51.4204664, 35.7184833 ], [ 51.4204603, 35.718511 ], [ 51.4204553, 35.7185348 ], [ 51.4204345, 35.7186308 ] ] ] ] } },
{ "type": "Feature", "properties": { "full_id": "w1086942798", "osm_id": "1086942798", "osm_type": "way", "building": "yes", "building:flats": null, "nat_name": null, "height": null, "craft": null, "image": null, "email": null, "name:en": null, "building:levels": null, "website": null, "phone": null, "opening_hours": null, "office": "advertising_agency", "description": null, "addr:street": null, "addr:postcode": null, "addr:housenumber": null, "addr:city": null, "zone": null, "region": null, "Perimeter": null, "name": null, "healthcare": null, "emergency": null, "amenity": null }, "geometry": { "type": "MultiPolygon", "coordinates": [ [ [ [ 51.4238023, 35.7158978 ], [ 51.4238747, 35.7158957 ], [ 51.4238747, 35.7159697 ], [ 51.4237862, 35.7159806 ], [ 51.4238023, 35.7158978 ] ] ] ] } },
{ "type": "Feature", "properties": { "full_id": "w671614819", "osm_id": "671614819", "osm_type": "way", "building": "yes", "building:flats": null, "nat_name": null, "height": null, "craft": null, "image": null, "email": null, "name:en": null, "building:levels": null, "website": null, "phone": null, "opening_hours": null, "office": null, "description": null, "addr:street": null, "addr:postcode": null, "addr:housenumber": null, "addr:city": null, "zone": "11", "region": "6", "Perimeter": "78.27903", "name": null, "healthcare": null, "emergency": null, "amenity": null }, "geometry": { "type": "MultiPolygon", "coordinates": [ [ [ [ 51.4205882, 35.7186573 ], [ 51.4207143, 35.718679 ], [ 51.4207415, 35.7186834 ], [ 51.4207631, 35.7185868 ], [ 51.4207702, 35.7185549 ], [ 51.4207787, 35.7185174 ], [ 51.4207919, 35.7184616 ], [ 51.4207594, 35.7184563 ], [ 51.4207313, 35.7184516 ], [ 51.4206383, 35.7184363 ], [ 51.4206172, 35.7185318 ], [ 51.4206014, 35.7186026 ], [ 51.4205882, 35.7186573 ] ] ] ] } },
{ "type": "Feature", "properties": { "full_id": "w1200676904", "osm_id": "1200676904", "osm_type": "way", "building": "yes", "building:flats": null, "nat_name": null, "height": null, "craft": null, "image": null, "email": null, "name:en": null, "building:levels": null, "website": null, "phone": null, "opening_hours": null, "office": null, "description": null, "addr:street": null, "addr:postcode": null, "addr:housenumber": null, "addr:city": null, "zone": null, "region": null, "Perimeter": null, "name": null, "healthcare": null, "emergency": null, "amenity": null }, "geometry": { "type": "MultiPolygon", "coordinates": [ [ [ [ 51.4239202, 35.716599 ], [ 51.4239952, 35.7166016 ], [ 51.4241137, 35.7164664 ], [ 51.423926, 35.7164633 ], [ 51.4239202, 35.716599 ] ] ] ] } },
{ "type": "Feature", "properties": { "full_id": "w671614807", "osm_id": "671614807", "osm_type": "way", "building": "yes", "building:flats": null, "nat_name": null, "height": null, "craft": null, "image": null, "email": null, "name:en": null, "building:levels": null, "website": null, "phone": null, "opening_hours": null, "office": null, "description": null, "addr:street": null, "addr:postcode": null, "addr:housenumber": null, "addr:city": null, "zone": "11", "region": "6", "Perimeter": "65.31524", "name": null, "healthcare": null, "emergency": null, "amenity": null }, "geometry": { "type": "MultiPolygon", "coordinates": [ [ [ [ 51.4217708, 35.7185856 ], [ 51.4218068, 35.7185912 ], [ 51.4218462, 35.7185974 ], [ 51.4218464, 35.7185806 ], [ 51.4218472, 35.71845 ], [ 51.4218474, 35.7184382 ], [ 51.4218485, 35.7183605 ], [ 51.4217712, 35.7183594 ], [ 51.4217701, 35.7184376 ], [ 51.4217707, 35.7185686 ], [ 51.4217708, 35.7185856 ] ] ] ] } },
{ "type": "Feature", "properties": { "full_id": "w671614805", "osm_id": "671614805", "osm_type": "way", "building": "yes", "building:flats": null, "nat_name": null, "height": null, "craft": null, "image": null, "email": null, "name:en": null, "building:levels": null, "website": null, "phone": null, "opening_hours": null, "office": null, "description": null, "addr:street": null, "addr:postcode": null, "addr:housenumber": null, "addr:city": null, "zone": "11", "region": "6", "Perimeter": "62.93249", "name": null, "healthcare": null, "emergency": null, "amenity": null }, "geometry": { "type": "MultiPolygon", "coordinates": [ [ [ [ 51.4217487, 35.7185823 ], [ 51.4217708, 35.7185856 ], [ 51.4217707, 35.7185686 ], [ 51.4217701, 35.7184376 ], [ 51.4217712, 35.7183594 ], [ 51.4216956, 35.7183583 ], [ 51.4216942, 35.7184324 ], [ 51.4216941, 35.7184372 ], [ 51.4216938, 35.7185204 ], [ 51.4216937, 35.7185442 ], [ 51.4216936, 35.7185738 ], [ 51.42173, 35.7185794 ], [ 51.4217487, 35.7185823 ] ] ] ] } },
{ "type": "Feature", "properties": { "full_id": "w671614809", "osm_id": "671614809", "osm_type": "way", "building": "yes", "building:flats": null, "nat_name": null, "height": null, "craft": null, "image": null, "email": null, "name:en": null, "building:levels": null, "website": null, "phone": null, "opening_hours": null, "office": null, "description": null, "addr:street": null, "addr:postcode": null, "addr:housenumber": null, "addr:city": null, "zone": "11", "region": "6", "Perimeter": "67.82872", "name": null, "healthcare": null, "emergency": null, "amenity": null }, "geometry": { "type": "MultiPolygon", "coordinates": [ [ [ [ 51.4218855, 35.7186038 ], [ 51.4219222, 35.7186098 ], [ 51.4219225, 35.718596 ], [ 51.421925, 35.7184583 ], [ 51.4219251, 35.7184506 ], [ 51.4219259, 35.7183616 ], [ 51.4218485, 35.7183605 ], [ 51.4218474, 35.7184382 ], [ 51.4218472, 35.71845 ], [ 51.4218464, 35.7185806 ], [ 51.4218462, 35.7185974 ], [ 51.4218855, 35.7186038 ] ] ] ] } },
{ "type": "Feature", "properties": { "full_id": "w671614808", "osm_id": "671614808", "osm_type": "way", "building": "yes", "building:flats": null, "nat_name": null, "height": null, "craft": null, "image": null, "email": null, "name:en": null, "building:levels": null, "website": null, "phone": null, "opening_hours": null, "office": null, "description": null, "addr:street": null, "addr:postcode": null, "addr:housenumber": null, "addr:city": null, "zone": "11", "region": "6", "Perimeter": "77.99809", "name": null, "healthcare": null, "emergency": null, "amenity": null }, "geometry": { "type": "MultiPolygon", "coordinates": [ [ [ [ 51.4201296, 35.7185809 ], [ 51.4201765, 35.7185887 ], [ 51.4202398, 35.718599 ], [ 51.4202835, 35.7186061 ], [ 51.4202964, 35.7185518 ], [ 51.4203009, 35.7185318 ], [ 51.4203045, 35.7185153 ], [ 51.4203159, 35.7184611 ], [ 51.4203178, 35.7184527 ], [ 51.4203225, 35.718433 ], [ 51.4203342, 35.7183854 ], [ 51.4202877, 35.7183778 ], [ 51.4202341, 35.7183689 ], [ 51.4201825, 35.7183606 ], [ 51.4201713, 35.7184085 ], [ 51.4201666, 35.7184283 ], [ 51.4201648, 35.7184357 ], [ 51.4201599, 35.7184566 ], [ 51.4201296, 35.7185809 ] ] ] ] } },
{ "type": "Feature", "properties": { "full_id": "w671614811", "osm_id": "671614811", "osm_type": "way", "building": "yes", "building:flats": null, "nat_name": null, "height": null, "craft": null, "image": null, "email": null, "name:en": null, "building:levels": null, "website": null, "phone": null, "opening_hours": null, "office": null, "description": null, "addr:street": null, "addr:postcode": null, "addr:housenumber": null, "addr:city": null, "zone": "11", "region": "6", "Perimeter": "77.42905", "name": null, "healthcare": null, "emergency": null, "amenity": null }, "geometry": { "type": "MultiPolygon", "coordinates": [ [ [ [ 51.4202835, 35.7186061 ], [ 51.4203553, 35.718618 ], [ 51.4204345, 35.7186308 ], [ 51.4204553, 35.7185348 ], [ 51.4204603, 35.718511 ], [ 51.4204664, 35.7184833 ], [ 51.4204835, 35.7184108 ], [ 51.4204385, 35.7184033 ], [ 51.4203669, 35.718391 ], [ 51.4203342, 35.7183854 ], [ 51.4203225, 35.718433 ], [ 51.4203178, 35.7184527 ], [ 51.4203159, 35.7184611 ], [ 51.4203045, 35.7185153 ], [ 51.4203009, 35.7185318 ], [ 51.4202964, 35.7185518 ], [ 51.4202835, 35.7186061 ] ] ] ] } },
{ "type": "Feature", "properties": { "full_id": "w671614810", "osm_id": "671614810", "osm_type": "way", "building": "yes", "building:flats": null, "nat_name": null, "height": null, "craft": null, "image": null, "email": null, "name:en": null, "building:levels": null, "website": null, "phone": null, "opening_hours": null, "office": null, "description": null, "addr:street": null, "addr:postcode": null, "addr:housenumber": null, "addr:city": null, "zone": "11", "region": "6", "Perimeter": "69.88412", "name": null, "healthcare": null, "emergency": null, "amenity": null }, "geometry": { "type": "MultiPolygon", "coordinates": [ [ [ [ 51.4219222, 35.7186098 ], [ 51.421957, 35.7186154 ], [ 51.4219975, 35.7186219 ], [ 51.4219985, 35.7185707 ], [ 51.4219985, 35.7184589 ], [ 51.4219994, 35.7183626 ], [ 51.4219259, 35.7183616 ], [ 51.4219251, 35.7184506 ], [ 51.421925, 35.7184583 ], [ 51.4219225, 35.718596 ], [ 51.4219222, 35.7186098 ] ] ] ] } },
{ "type": "Feature", "properties": { "full_id": "w671614816", "osm_id": "671614816", "osm_type": "way", "building": "yes", "building:flats": null, "nat_name": null, "height": null, "craft": null, "image": null, "email": null, "name:en": null, "building:levels": null, "website": null, "phone": null, "opening_hours": null, "office": null, "description": null, "addr:street": null, "addr:postcode": null, "addr:housenumber": null, "addr:city": null, "zone": "11", "region": "6", "Perimeter": "87.13983", "name": null, "healthcare": null, "emergency": null, "amenity": null }, "geometry": { "type": "MultiPolygon", "coordinates": [ [ [ [ 51.4221598, 35.7186455 ], [ 51.4221697, 35.7186466 ], [ 51.4222095, 35.7186512 ], [ 51.4222107, 35.7186128 ], [ 51.4222108, 35.7186082 ], [ 51.4222128, 35.7184621 ], [ 51.4222132, 35.7184156 ], [ 51.4222137, 35.7183661 ], [ 51.4220734, 35.7183637 ], [ 51.4220716, 35.7184599 ], [ 51.4220685, 35.7186048 ], [ 51.422068, 35.718622 ], [ 51.4220678, 35.7186326 ], [ 51.4221192, 35.71864 ], [ 51.4221598, 35.7186455 ] ] ] ] } },
{ "type": "Feature", "properties": { "full_id": "w671614813", "osm_id": "671614813", "osm_type": "way", "building": "yes", "building:flats": null, "nat_name": null, "height": null, "craft": null, "image": null, "email": null, "name:en": null, "building:levels": null, "website": null, "phone": null, "opening_hours": null, "office": null, "description": null, "addr:street": null, "addr:postcode": null, "addr:housenumber": null, "addr:city": null, "zone": "11", "region": "6", "Perimeter": "71.75693", "name": null, "healthcare": null, "emergency": null, "amenity": null }, "geometry": { "type": "MultiPolygon", "coordinates": [ [ [ [ 51.4220187, 35.7186252 ], [ 51.4220678, 35.7186326 ], [ 51.422068, 35.718622 ], [ 51.4220685, 35.7186048 ], [ 51.4220716, 35.7184599 ], [ 51.4220734, 35.7183637 ], [ 51.4219994, 35.7183626 ], [ 51.4219985, 35.7184589 ], [ 51.4219985, 35.7185707 ], [ 51.4219975, 35.7186219 ], [ 51.4220187, 35.7186252 ] ] ] ] } },
{ "type": "Feature", "properties": { "full_id": "w671614793", "osm_id": "671614793", "osm_type": "way", "building": "yes", "building:flats": null, "nat_name": null, "height": null, "craft": null, "image": null, "email": null, "name:en": null, "building:levels": null, "website": null, "phone": null, "opening_hours": null, "office": null, "description": null, "addr:street": null, "addr:postcode": null, "addr:housenumber": null, "addr:city": null, "zone": "11", "region": "6", "Perimeter": "77.07308", "name": null, "healthcare": null, "emergency": null, "amenity": null }, "geometry": { "type": "MultiPolygon", "coordinates": [ [ [ [ 51.419826, 35.7185317 ], [ 51.4199044, 35.7185444 ], [ 51.4199769, 35.7185559 ], [ 51.4199992, 35.7184604 ], [ 51.4200106, 35.7184116 ], [ 51.4200141, 35.7183973 ], [ 51.4200165, 35.7183875 ], [ 51.4200289, 35.7183365 ], [ 51.4199547, 35.7183246 ], [ 51.419882, 35.7183125 ], [ 51.4198701, 35.7183571 ], [ 51.4198533, 35.7184207 ], [ 51.4198505, 35.7184318 ], [ 51.4198457, 35.7184503 ], [ 51.419826, 35.7185317 ] ] ] ] } },
{ "type": "Feature", "properties": { "full_id": "w671614798", "osm_id": "671614798", "osm_type": "way", "building": "yes", "building:flats": null, "nat_name": null, "height": null, "craft": null, "image": null, "email": null, "name:en": null, "building:levels": null, "website": null, "phone": null, "opening_hours": null, "office": null, "description": null, "addr:street": null, "addr:postcode": null, "addr:housenumber": null, "addr:city": null, "zone": "11", "region": "6", "Perimeter": "60.71272", "name": null, "healthcare": null, "emergency": null, "amenity": null }, "geometry": { "type": "MultiPolygon", "coordinates": [ [ [ [ 51.4216164, 35.7185615 ], [ 51.4216577, 35.7185682 ], [ 51.4216936, 35.7185738 ], [ 51.4216937, 35.7185442 ], [ 51.4216938, 35.7185204 ], [ 51.4216941, 35.7184372 ], [ 51.4216942, 35.7184324 ], [ 51.4216956, 35.7183583 ], [ 51.421618, 35.7183571 ], [ 51.4216166, 35.7184316 ], [ 51.4216164, 35.7185203 ], [ 51.4216164, 35.7185409 ], [ 51.4216164, 35.7185615 ] ] ] ] } },
{ "type": "Feature", "properties": { "full_id": "w671614796", "osm_id": "671614796", "osm_type": "way", "building": "yes", "building:flats": null, "nat_name": null, "height": null, "craft": null, "image": null, "email": null, "name:en": null, "building:levels": null, "website": null, "phone": null, "opening_hours": null, "office": null, "description": null, "addr:street": null, "addr:postcode": null, "addr:housenumber": null, "addr:city": null, "zone": "11", "region": "6", "Perimeter": "66.57522", "name": null, "healthcare": null, "emergency": null, "amenity": null }, "geometry": { "type": "MultiPolygon", "coordinates": [ [ [ [ 51.4214829, 35.7185406 ], [ 51.4216164, 35.7185615 ], [ 51.4216164, 35.7185409 ], [ 51.4216164, 35.7185203 ], [ 51.4216166, 35.7184316 ], [ 51.421618, 35.7183571 ], [ 51.4215097, 35.7183558 ], [ 51.4214914, 35.7184286 ], [ 51.4214942, 35.7184288 ], [ 51.4215037, 35.7184296 ], [ 51.4214829, 35.7185406 ] ] ] ] } },
{ "type": "Feature", "properties": { "full_id": "w671614799", "osm_id": "671614799", "osm_type": "way", "building": "yes", "building:flats": null, "nat_name": null, "height": null, "craft": null, "image": null, "email": null, "name:en": null, "building:levels": null, "website": null, "phone": null, "opening_hours": null, "office": null, "description": null, "addr:street": null, "addr:postcode": null, "addr:housenumber": null, "addr:city": null, "zone": "11", "region": "6", "Perimeter": "77.92156", "name": null, "healthcare": null, "emergency": null, "amenity": null }, "geometry": { "type": "MultiPolygon", "coordinates": [ [ [ [ 51.4199769, 35.7185559 ], [ 51.4200491, 35.7185677 ], [ 51.4200872, 35.718574 ], [ 51.4201296, 35.7185809 ], [ 51.4201599, 35.7184566 ], [ 51.4201648, 35.7184357 ], [ 51.4201666, 35.7184283 ], [ 51.4201713, 35.7184085 ], [ 51.4201825, 35.7183606 ], [ 51.4201489, 35.7183552 ], [ 51.4201149, 35.7183499 ], [ 51.4200772, 35.718344 ], [ 51.4200289, 35.7183365 ], [ 51.4200165, 35.7183875 ], [ 51.4200141, 35.7183973 ], [ 51.4200106, 35.7184116 ], [ 51.4199992, 35.7184604 ], [ 51.4199769, 35.7185559 ] ] ] ] } },
{ "type": "Feature", "properties": { "full_id": "w671614883", "osm_id": "671614883", "osm_type": "way", "building": "yes", "building:flats": null, "nat_name": null, "height": null, "craft": null, "image": null, "email": null, "name:en": null, "building:levels": null, "website": null, "phone": null, "opening_hours": null, "office": null, "description": null, "addr:street": null, "addr:postcode": null, "addr:housenumber": null, "addr:city": null, "zone": "11", "region": "6", "Perimeter": "76.81928", "name": null, "healthcare": null, "emergency": null, "amenity": null }, "geometry": { "type": "MultiPolygon", "coordinates": [ [ [ [ 51.4202851, 35.7189277 ], [ 51.4203588, 35.7189406 ], [ 51.4203621, 35.7189267 ], [ 51.4203863, 35.7188214 ], [ 51.4203909, 35.7188021 ], [ 51.4204099, 35.7187211 ], [ 51.4203594, 35.7187131 ], [ 51.4202628, 35.7186975 ], [ 51.4202524, 35.7187389 ], [ 51.4202417, 35.7187813 ], [ 51.4202377, 35.7187973 ], [ 51.4202104, 35.7189044 ], [ 51.4202079, 35.718914 ], [ 51.4202851, 35.7189277 ] ] ] ] } },
{ "type": "Feature", "properties": { "full_id": "w671614885", "osm_id": "671614885", "osm_type": "way", "building": "yes", "building:flats": null, "nat_name": null, "height": null, "craft": null, "image": null, "email": null, "name:en": null, "building:levels": null, "website": null, "phone": null, "opening_hours": null, "office": null, "description": null, "addr:street": null, "addr:postcode": null, "addr:housenumber": null, "addr:city": null, "zone": "11", "region": "6", "Perimeter": "99.87412", "name": null, "healthcare": null, "emergency": null, "amenity": null }, "geometry": { "type": "MultiPolygon", "coordinates": [ [ [ [ 51.4218243, 35.7189129 ], [ 51.421939, 35.7189506 ], [ 51.4219825, 35.7188874 ], [ 51.422008, 35.7188508 ], [ 51.4220592, 35.7187787 ], [ 51.4220768, 35.7187549 ], [ 51.4221598, 35.7186455 ], [ 51.4221192, 35.71864 ], [ 51.4220678, 35.7186326 ], [ 51.4220187, 35.7186252 ], [ 51.4219423, 35.7187383 ], [ 51.4218973, 35.7188051 ], [ 51.4218747, 35.7188384 ], [ 51.4218634, 35.7188552 ], [ 51.4218243, 35.7189129 ] ] ] ] } },
{ "type": "Feature", "properties": { "full_id": "w671614889", "osm_id": "671614889", "osm_type": "way", "building": "yes", "building:flats": null, "nat_name": null, "height": null, "craft": null, "image": null, "email": null, "name:en": null, "building:levels": null, "website": null, "phone": null, "opening_hours": null, "office": null, "description": null, "addr:street": null, "addr:postcode": null, "addr:housenumber": null, "addr:city": null, "zone": "11", "region": "6", "Perimeter": "78.17792", "name": null, "healthcare": null, "emergency": null, "amenity": null }, "geometry": { "type": "MultiPolygon", "coordinates": [ [ [ [ 51.4203588, 35.7189406 ], [ 51.4205066, 35.718966 ], [ 51.4205107, 35.7189505 ], [ 51.4205224, 35.7189052 ], [ 51.4205412, 35.718834 ], [ 51.4205452, 35.7188188 ], [ 51.4205662, 35.7187422 ], [ 51.4204099, 35.7187211 ], [ 51.4203909, 35.7188021 ], [ 51.4203863, 35.7188214 ], [ 51.4203621, 35.7189267 ], [ 51.4203588, 35.7189406 ] ] ] ] } },
{ "type": "Feature", "properties": { "full_id": "w671614892", "osm_id": "671614892", "osm_type": "way", "building": "yes", "building:flats": null, "nat_name": null, "height": null, "craft": null, "image": null, "email": null, "name:en": null, "building:levels": null, "website": null, "phone": null, "opening_hours": null, "office": null, "description": null, "addr:street": null, "addr:postcode": null, "addr:housenumber": null, "addr:city": null, "zone": "11", "region": "6", "Perimeter": "79.14551", "name": null, "healthcare": null, "emergency": null, "amenity": null }, "geometry": { "type": "MultiPolygon", "coordinates": [ [ [ [ 51.4205066, 35.718966 ], [ 51.4206614, 35.7189931 ], [ 51.4206655, 35.7189771 ], [ 51.4206684, 35.7189662 ], [ 51.4206923, 35.7188706 ], [ 51.4206958, 35.7188573 ], [ 51.420719, 35.7187702 ], [ 51.4206183, 35.7187518 ], [ 51.4205662, 35.7187422 ], [ 51.4205452, 35.7188188 ], [ 51.4205412, 35.718834 ], [ 51.4205224, 35.7189052 ], [ 51.4205107, 35.7189505 ], [ 51.4205066, 35.718966 ] ] ] ] } },
{ "type": "Feature", "properties": { "full_id": "w671614891", "osm_id": "671614891", "osm_type": "way", "building": "yes", "building:flats": null, "nat_name": null, "height": null, "craft": null, "image": null, "email": null, "name:en": null, "building:levels": null, "website": null, "phone": null, "opening_hours": null, "office": null, "description": null, "addr:street": null, "addr:postcode": null, "addr:housenumber": null, "addr:city": null, "zone": "11", "region": "6", "Perimeter": "98.64984", "name": null, "healthcare": null, "emergency": null, "amenity": null }, "geometry": { "type": "MultiPolygon", "coordinates": [ [ [ [ 51.421939, 35.7189506 ], [ 51.4220344, 35.7189829 ], [ 51.4220603, 35.7189733 ], [ 51.4221758, 35.7188075 ], [ 51.4222555, 35.7187109 ], [ 51.4222084, 35.7186839 ], [ 51.4222095, 35.7186512 ], [ 51.4221697, 35.7186466 ], [ 51.4221598, 35.7186455 ], [ 51.4220768, 35.7187549 ], [ 51.4220592, 35.7187787 ], [ 51.422008, 35.7188508 ], [ 51.4219825, 35.7188874 ], [ 51.421939, 35.7189506 ] ] ] ] } },
{ "type": "Feature", "properties": { "full_id": "w671614874", "osm_id": "671614874", "osm_type": "way", "building": "yes", "building:flats": null, "nat_name": null, "height": null, "craft": null, "image": null, "email": null, "name:en": null, "building:levels": null, "website": null, "phone": null, "opening_hours": null, "office": null, "description": null, "addr:street": null, "addr:postcode": null, "addr:housenumber": null, "addr:city": null, "zone": "11", "region": "6", "Perimeter": "95.90116", "name": null, "healthcare": null, "emergency": null, "amenity": null }, "geometry": { "type": "MultiPolygon", "coordinates": [ [ [ [ 51.421561, 35.7188511 ], [ 51.421616, 35.7188701 ], [ 51.4216836, 35.7188934 ], [ 51.4216942, 35.7188786 ], [ 51.4216986, 35.7188724 ], [ 51.4217426, 35.7188111 ], [ 51.4217775, 35.718762 ], [ 51.4217812, 35.7187568 ], [ 51.4218087, 35.7187171 ], [ 51.4218855, 35.7186038 ], [ 51.4218462, 35.7185974 ], [ 51.4218068, 35.7185912 ], [ 51.4217708, 35.7185856 ], [ 51.4217487, 35.7185823 ], [ 51.4216983, 35.7186548 ], [ 51.4216648, 35.7187027 ], [ 51.4216299, 35.7187526 ], [ 51.4215816, 35.7188216 ], [ 51.421561, 35.7188511 ] ] ] ] } },
{ "type": "Feature", "properties": { "full_id": "w671614878", "osm_id": "671614878", "osm_type": "way", "building": "yes", "building:flats": null, "nat_name": null, "height": null, "craft": null, "image": null, "email": null, "name:en": null, "building:levels": null, "website": null, "phone": null, "opening_hours": null, "office": null, "description": null, "addr:street": null, "addr:postcode": null, "addr:housenumber": null, "addr:city": null, "zone": "11", "region": "6", "Perimeter": "76.85766", "name": null, "healthcare": null, "emergency": null, "amenity": null }, "geometry": { "type": "MultiPolygon", "coordinates": [ [ [ [ 51.4201312, 35.7189006 ], [ 51.4202079, 35.718914 ], [ 51.4202104, 35.7189044 ], [ 51.4202377, 35.7187973 ], [ 51.4202417, 35.7187813 ], [ 51.4202524, 35.7187389 ], [ 51.4202628, 35.7186975 ], [ 51.4202047, 35.7186878 ], [ 51.4201133, 35.7186723 ], [ 51.420092, 35.7187533 ], [ 51.4200554, 35.7188873 ], [ 51.4201312, 35.7189006 ] ] ] ] } },
{ "type": "Feature", "properties": { "full_id": "w671614881", "osm_id": "671614881", "osm_type": "way", "building": "yes", "building:flats": null, "nat_name": null, "height": null, "craft": null, "image": null, "email": null, "name:en": null, "building:levels": null, "website": null, "phone": null, "opening_hours": null, "office": null, "description": null, "addr:street": null, "addr:postcode": null, "addr:housenumber": null, "addr:city": null, "zone": "11", "region": "6", "Perimeter": "95.19259", "name": null, "healthcare": null, "emergency": null, "amenity": null }, "geometry": { "type": "MultiPolygon", "coordinates": [ [ [ [ 51.4216986, 35.7188724 ], [ 51.4218243, 35.7189129 ], [ 51.4218634, 35.7188552 ], [ 51.4218747, 35.7188384 ], [ 51.4218973, 35.7188051 ], [ 51.4219423, 35.7187383 ], [ 51.4220187, 35.7186252 ], [ 51.4219975, 35.7186219 ], [ 51.421957, 35.7186154 ], [ 51.4219222, 35.7186098 ], [ 51.4218855, 35.7186038 ], [ 51.4218087, 35.7187171 ], [ 51.4217812, 35.7187568 ], [ 51.4217775, 35.718762 ], [ 51.4217426, 35.7188111 ], [ 51.4216986, 35.7188724 ] ] ] ] } },
{ "type": "Feature", "properties": { "full_id": "w671614865", "osm_id": "671614865", "osm_type": "way", "building": "yes", "building:flats": null, "nat_name": null, "height": null, "craft": null, "image": null, "email": null, "name:en": null, "building:levels": null, "website": null, "phone": null, "opening_hours": null, "office": null, "description": null, "addr:street": null, "addr:postcode": null, "addr:housenumber": null, "addr:city": null, "zone": "11", "region": "6", "Perimeter": "101.76093", "name": null, "healthcare": null, "emergency": null, "amenity": null }, "geometry": { "type": "MultiPolygon", "coordinates": [ [ [ [ 51.421561, 35.7188511 ], [ 51.4215816, 35.7188216 ], [ 51.4216299, 35.7187526 ], [ 51.4216648, 35.7187027 ], [ 51.4216983, 35.7186548 ], [ 51.4217487, 35.7185823 ], [ 51.42173, 35.7185794 ], [ 51.4216936, 35.7185738 ], [ 51.4216577, 35.7185682 ], [ 51.4216164, 35.7185615 ], [ 51.4214829, 35.7185406 ], [ 51.4214643, 35.7186118 ], [ 51.421418, 35.7187832 ], [ 51.4214379, 35.7188087 ], [ 51.4214747, 35.7188213 ], [ 51.4215084, 35.718833 ], [ 51.421561, 35.7188511 ] ] ] ] } },
{ "type": "Feature", "properties": { "full_id": "w671614867", "osm_id": "671614867", "osm_type": "way", "building": "yes", "building:flats": null, "nat_name": null, "height": null, "craft": null, "image": null, "email": null, "name:en": null, "building:levels": null, "website": null, "phone": null, "opening_hours": null, "office": null, "description": null, "addr:street": null, "addr:postcode": null, "addr:housenumber": null, "addr:city": null, "zone": "11", "region": "6", "Perimeter": "75.56576", "name": null, "healthcare": null, "emergency": null, "amenity": null }, "geometry": { "type": "MultiPolygon", "coordinates": [ [ [ [ 51.4197916, 35.7188408 ], [ 51.4199021, 35.7188601 ], [ 51.4199365, 35.7187277 ], [ 51.4199371, 35.7187254 ], [ 51.4199578, 35.7186459 ], [ 51.4198096, 35.7186214 ], [ 51.4197936, 35.7186866 ], [ 51.41979, 35.7187013 ], [ 51.4197565, 35.7188347 ], [ 51.4197916, 35.7188408 ] ] ] ] } },
{ "type": "Feature", "properties": { "full_id": "w671614869", "osm_id": "671614869", "osm_type": "way", "building": "yes", "building:flats": null, "nat_name": null, "height": null, "craft": null, "image": null, "email": null, "name:en": null, "building:levels": null, "website": null, "phone": null, "opening_hours": null, "office": null, "description": null, "addr:street": null, "addr:postcode": null, "addr:housenumber": null, "addr:city": null, "zone": "11", "region": "6", "Perimeter": "77.27193", "name": null, "healthcare": null, "emergency": null, "amenity": null }, "geometry": { "type": "MultiPolygon", "coordinates": [ [ [ [ 51.4199021, 35.7188601 ], [ 51.4200554, 35.7188873 ], [ 51.420092, 35.7187533 ], [ 51.4201133, 35.7186723 ], [ 51.4200774, 35.718666 ], [ 51.4199578, 35.7186459 ], [ 51.4199371, 35.7187254 ], [ 51.4199365, 35.7187277 ], [ 51.4199021, 35.7188601 ] ] ] ] } },
{ "type": "Feature", "properties": { "full_id": "w671614848", "osm_id": "671614848", "osm_type": "way", "building": "yes", "building:flats": null, "nat_name": null, "height": null, "craft": null, "image": null, "email": null, "name:en": null, "building:levels": null, "website": null, "phone": null, "opening_hours": null, "office": null, "description": null, "addr:street": null, "addr:postcode": null, "addr:housenumber": null, "addr:city": null, "zone": "11", "region": "6", "Perimeter": "79.07722", "name": null, "healthcare": null, "emergency": null, "amenity": null }, "geometry": { "type": "MultiPolygon", "coordinates": [ [ [ [ 51.4210415, 35.7187337 ], [ 51.4211992, 35.7187601 ], [ 51.4212348, 35.7186166 ], [ 51.4212542, 35.7185405 ], [ 51.4212113, 35.718533 ], [ 51.4211585, 35.7185238 ], [ 51.421095, 35.7185131 ], [ 51.4210822, 35.7185663 ], [ 51.4210763, 35.7185906 ], [ 51.4210415, 35.7187337 ] ] ] ] } },
{ "type": "Feature", "properties": { "full_id": "w671614855", "osm_id": "671614855", "osm_type": "way", "building": "yes", "building:flats": null, "nat_name": null, "height": null, "craft": null, "image": null, "email": null, "name:en": null, "building:levels": null, "website": null, "phone": null, "opening_hours": null, "office": null, "description": null, "addr:street": null, "addr:postcode": null, "addr:housenumber": null, "addr:city": null, "zone": "11", "region": "6", "Perimeter": "85.46687", "name": null, "healthcare": null, "emergency": null, "amenity": null }, "geometry": { "type": "MultiPolygon", "coordinates": [ [ [ [ 51.4194522, 35.7187799 ], [ 51.419563, 35.7188003 ], [ 51.4196055, 35.7188079 ], [ 51.4196086, 35.7187963 ], [ 51.4196424, 35.7186623 ], [ 51.4196586, 35.7185964 ], [ 51.419523, 35.7185742 ], [ 51.4195114, 35.7185758 ], [ 51.4195015, 35.7185807 ], [ 51.4194682, 35.7186349 ], [ 51.4194569, 35.7186595 ], [ 51.4194481, 35.7186568 ], [ 51.4194363, 35.7186823 ], [ 51.4194316, 35.7186986 ], [ 51.4194209, 35.7186992 ], [ 51.4194076, 35.7187156 ], [ 51.4194041, 35.7187305 ], [ 51.4193957, 35.7187292 ], [ 51.4193901, 35.718752 ], [ 51.4193753, 35.7187655 ], [ 51.4194522, 35.7187799 ] ] ] ] } },
{ "type": "Feature", "properties": { "full_id": "w671614859", "osm_id": "671614859", "osm_type": "way", "building": "yes", "building:flats": null, "nat_name": null, "height": null, "craft": null, "image": null, "email": null, "name:en": null, "building:levels": null, "website": null, "phone": null, "opening_hours": null, "office": null, "description": null, "addr:street": null, "addr:postcode": null, "addr:housenumber": null, "addr:city": null, "zone": "11", "region": "6", "Perimeter": "75.99674", "name": null, "healthcare": null, "emergency": null, "amenity": null }, "geometry": { "type": "MultiPolygon", "coordinates": [ [ [ [ 51.4196791, 35.7188212 ], [ 51.4196952, 35.7188241 ], [ 51.4197565, 35.7188347 ], [ 51.41979, 35.7187013 ], [ 51.4197936, 35.7186866 ], [ 51.4198096, 35.7186214 ], [ 51.4196586, 35.7185964 ], [ 51.4196424, 35.7186623 ], [ 51.4196086, 35.7187963 ], [ 51.4196055, 35.7188079 ], [ 51.4196791, 35.7188212 ] ] ] ] } },
{ "type": "Feature", "properties": { "full_id": "w671614722", "osm_id": "671614722", "osm_type": "way", "building": "yes", "building:flats": null, "nat_name": null, "height": null, "craft": null, "image": null, "email": null, "name:en": null, "building:levels": null, "website": null, "phone": null, "opening_hours": null, "office": null, "description": null, "addr:street": null, "addr:postcode": null, "addr:housenumber": null, "addr:city": null, "zone": "11", "region": "6", "Perimeter": "84.88429", "name": null, "healthcare": null, "emergency": null, "amenity": null }, "geometry": { "type": "MultiPolygon", "coordinates": [ [ [ [ 51.4218034, 35.7182769 ], [ 51.4218032, 35.718285 ], [ 51.4218027, 35.718302 ], [ 51.4219383, 35.7183049 ], [ 51.4219444, 35.7181357 ], [ 51.421945, 35.7181186 ], [ 51.4219476, 35.7180337 ], [ 51.4218195, 35.7180316 ], [ 51.4218094, 35.7180314 ], [ 51.4218093, 35.7180352 ], [ 51.4218073, 35.718116 ], [ 51.4218063, 35.7181577 ], [ 51.4218034, 35.7182769 ] ] ] ] } },
{ "type": "Feature", "properties": { "full_id": "w671614719", "osm_id": "671614719", "osm_type": "way", "building": "yes", "building:flats": null, "nat_name": null, "height": null, "craft": null, "image": null, "email": null, "name:en": null, "building:levels": null, "website": null, "phone": null, "opening_hours": null, "office": null, "description": null, "addr:street": null, "addr:postcode": null, "addr:housenumber": null, "addr:city": null, "zone": "11", "region": "6", "Perimeter": "95.50414", "name": null, "healthcare": null, "emergency": null, "amenity": null }, "geometry": { "type": "MultiPolygon", "coordinates": [ [ [ [ 51.4218034, 35.7182769 ], [ 51.4218063, 35.7181577 ], [ 51.4218073, 35.718116 ], [ 51.4218093, 35.7180352 ], [ 51.4218094, 35.7180314 ], [ 51.4217758, 35.7180309 ], [ 51.4217315, 35.7180304 ], [ 51.4216212, 35.7180289 ], [ 51.4216162, 35.7180215 ], [ 51.4215946, 35.7181126 ], [ 51.4215942, 35.7181277 ], [ 51.4215933, 35.718167 ], [ 51.4215822, 35.7181743 ], [ 51.4215807, 35.7182346 ], [ 51.4215925, 35.7182395 ], [ 51.4215915, 35.7182713 ], [ 51.4216507, 35.7182725 ], [ 51.4216655, 35.7182728 ], [ 51.4217196, 35.7182737 ], [ 51.4217234, 35.7182827 ], [ 51.421726, 35.7182887 ], [ 51.4217437, 35.7182904 ], [ 51.4217565, 35.7182842 ], [ 51.4217585, 35.7182761 ], [ 51.4218034, 35.7182769 ] ] ] ] } },
{ "type": "Feature", "properties": { "full_id": "w671614725", "osm_id": "671614725", "osm_type": "way", "building": "yes", "building:flats": null, "nat_name": null, "height": null, "craft": null, "image": null, "email": null, "name:en": null, "building:levels": null, "website": null, "phone": null, "opening_hours": null, "office": null, "description": null, "addr:street": null, "addr:postcode": null, "addr:housenumber": null, "addr:city": null, "zone": "11", "region": "6", "Perimeter": "84.07616", "name": null, "healthcare": null, "emergency": null, "amenity": null }, "geometry": { "type": "MultiPolygon", "coordinates": [ [ [ [ 51.4219383, 35.7183049 ], [ 51.4220708, 35.7183074 ], [ 51.4220735, 35.7181892 ], [ 51.4220743, 35.7181628 ], [ 51.4220754, 35.7181391 ], [ 51.4220804, 35.7180372 ], [ 51.4220391, 35.7180359 ], [ 51.4219956, 35.7180348 ], [ 51.4219476, 35.7180337 ], [ 51.421945, 35.7181186 ], [ 51.4219444, 35.7181357 ], [ 51.4219383, 35.7183049 ] ] ] ] } },
{ "type": "Feature", "properties": { "full_id": "w671614723", "osm_id": "671614723", "osm_type": "way", "building": "yes", "building:flats": null, "nat_name": null, "height": null, "craft": null, "image": null, "email": null, "name:en": null, "building:levels": null, "website": null, "phone": null, "opening_hours": null, "office": null, "description": null, "addr:street": null, "addr:postcode": null, "addr:housenumber": null, "addr:city": null, "zone": "11", "region": "6", "Perimeter": "82.65343", "name": null, "healthcare": null, "emergency": null, "amenity": null }, "geometry": { "type": "MultiPolygon", "coordinates": [ [ [ [ 51.4222086, 35.7183021 ], [ 51.4223465, 35.7183039 ], [ 51.4223469, 35.7182735 ], [ 51.4223477, 35.7181951 ], [ 51.4223485, 35.7181416 ], [ 51.4223489, 35.7181288 ], [ 51.422351, 35.7180435 ], [ 51.4222881, 35.7180421 ], [ 51.4222153, 35.7180405 ], [ 51.4222146, 35.7180641 ], [ 51.4222143, 35.7180762 ], [ 51.4222129, 35.7181262 ], [ 51.4222128, 35.7181312 ], [ 51.422212, 35.7181649 ], [ 51.4222114, 35.7181915 ], [ 51.4222086, 35.7183021 ] ] ] ] } },
{ "type": "Feature", "properties": { "full_id": "w671614727", "osm_id": "671614727", "osm_type": "way", "building": "yes", "building:flats": null, "nat_name": null, "height": null, "craft": null, "image": null, "email": null, "name:en": null, "building:levels": null, "website": null, "phone": null, "opening_hours": null, "office": null, "description": null, "addr:street": null, "addr:postcode": null, "addr:housenumber": null, "addr:city": null, "zone": "11", "region": "6", "Perimeter": "84.51881", "name": null, "healthcare": null, "emergency": null, "amenity": null }, "geometry": { "type": "MultiPolygon", "coordinates": [ [ [ [ 51.4220708, 35.7183074 ], [ 51.4222085, 35.7183097 ], [ 51.4222086, 35.7183021 ], [ 51.4222114, 35.7181915 ], [ 51.422212, 35.7181649 ], [ 51.4222128, 35.7181312 ], [ 51.4222129, 35.7181262 ], [ 51.4222143, 35.7180762 ], [ 51.4222146, 35.7180641 ], [ 51.4222153, 35.7180405 ], [ 51.4221543, 35.7180391 ], [ 51.4220804, 35.7180372 ], [ 51.4220754, 35.7181391 ], [ 51.4220743, 35.7181628 ], [ 51.4220735, 35.7181892 ], [ 51.4220708, 35.7183074 ] ] ] ] } },
{ "type": "Feature", "properties": { "full_id": "w671614707", "osm_id": "671614707", "osm_type": "way", "building": "yes", "building:flats": null, "nat_name": null, "height": null, "craft": null, "image": null, "email": null, "name:en": null, "building:levels": null, "website": null, "phone": null, "opening_hours": null, "office": null, "description": null, "addr:street": null, "addr:postcode": null, "addr:housenumber": null, "addr:city": null, "zone": "11", "region": "6", "Perimeter": "77.69131", "name": null, "healthcare": null, "emergency": null, "amenity": null }, "geometry": { "type": "MultiPolygon", "coordinates": [ [ [ [ 51.4210286, 35.7181848 ], [ 51.4211787, 35.7182115 ], [ 51.4212133, 35.7180842 ], [ 51.4212169, 35.7180708 ], [ 51.4212183, 35.7180656 ], [ 51.4212378, 35.7179912 ], [ 51.4211837, 35.7179819 ], [ 51.421137, 35.7179737 ], [ 51.4210888, 35.717965 ], [ 51.4210668, 35.718043 ], [ 51.4210623, 35.7180596 ], [ 51.4210481, 35.7181116 ], [ 51.4210286, 35.7181848 ] ] ] ] } },
{ "type": "Feature", "properties": { "full_id": "w671614711", "osm_id": "671614711", "osm_type": "way", "building": "yes", "building:flats": null, "nat_name": null, "height": null, "craft": null, "image": null, "email": null, "name:en": null, "building:levels": null, "website": null, "phone": null, "opening_hours": null, "office": null, "description": null, "addr:street": null, "addr:postcode": null, "addr:housenumber": null, "addr:city": null, "zone": "11", "region": "6", "Perimeter": "68.09635", "name": null, "healthcare": null, "emergency": null, "amenity": null }, "geometry": { "type": "MultiPolygon", "coordinates": [ [ [ [ 51.4225425, 35.7182276 ], [ 51.4225481, 35.7182276 ], [ 51.4226429, 35.7182273 ], [ 51.4227026, 35.718154 ], [ 51.4227182, 35.7181349 ], [ 51.422784, 35.7180547 ], [ 51.4227762, 35.7180504 ], [ 51.4227046, 35.7180488 ], [ 51.422653, 35.7180477 ], [ 51.4226234, 35.718047 ], [ 51.4225995, 35.7181004 ], [ 51.422591, 35.7181193 ], [ 51.4225628, 35.7181822 ], [ 51.4225425, 35.7182276 ] ] ] ] } },
{ "type": "Feature", "properties": { "full_id": "w671614710", "osm_id": "671614710", "osm_type": "way", "building": "yes", "building:flats": null, "nat_name": null, "height": null, "craft": null, "image": null, "email": null, "name:en": null, "building:levels": null, "website": null, "phone": null, "opening_hours": null, "office": null, "description": null, "addr:street": null, "addr:postcode": null, "addr:housenumber": null, "addr:city": null, "zone": "11", "region": "6", "Perimeter": "67.74618", "name": null, "healthcare": null, "emergency": null, "amenity": null }, "geometry": { "type": "MultiPolygon", "coordinates": [ [ [ [ 51.4224375, 35.7182272 ], [ 51.4224664, 35.7182275 ], [ 51.4225425, 35.7182276 ], [ 51.4225628, 35.7181822 ], [ 51.422591, 35.7181193 ], [ 51.4225995, 35.7181004 ], [ 51.4226234, 35.718047 ], [ 51.422572, 35.718046 ], [ 51.422492, 35.7180446 ], [ 51.4224399, 35.718044 ], [ 51.422439, 35.7181082 ], [ 51.4224387, 35.7181271 ], [ 51.4224381, 35.7181864 ], [ 51.4224379, 35.7181983 ], [ 51.4224375, 35.7182272 ] ] ] ] } },
{ "type": "Feature", "properties": { "full_id": "w671614714", "osm_id": "671614714", "osm_type": "way", "building": "yes", "building:flats": null, "nat_name": null, "height": null, "craft": null, "image": null, "email": null, "name:en": null, "building:levels": null, "website": null, "phone": null, "opening_hours": null, "office": null, "description": null, "addr:street": null, "addr:postcode": null, "addr:housenumber": null, "addr:city": null, "zone": "11", "region": "6", "Perimeter": "77.68716", "name": null, "healthcare": null, "emergency": null, "amenity": null }, "geometry": { "type": "MultiPolygon", "coordinates": [ [ [ [ 51.4211787, 35.7182115 ], [ 51.421321, 35.718237 ], [ 51.4213277, 35.7182342 ], [ 51.4213349, 35.7182263 ], [ 51.4213565, 35.7181438 ], [ 51.4213651, 35.7181107 ], [ 51.42137, 35.7180925 ], [ 51.4213896, 35.7180174 ], [ 51.4212378, 35.7179912 ], [ 51.4212183, 35.7180656 ], [ 51.4212169, 35.7180708 ], [ 51.4212133, 35.7180842 ], [ 51.4211787, 35.7182115 ] ] ] ] } },
{ "type": "Feature", "properties": { "full_id": "w671614698", "osm_id": "671614698", "osm_type": "way", "building": "yes", "building:flats": null, "nat_name": null, "height": null, "craft": null, "image": null, "email": null, "name:en": null, "building:levels": null, "website": null, "phone": null, "opening_hours": null, "office": null, "description": null, "addr:street": null, "addr:postcode": null, "addr:housenumber": null, "addr:city": null, "zone": "11", "region": "6", "Perimeter": "64.32343", "name": null, "healthcare": null, "emergency": null, "amenity": null }, "geometry": { "type": "MultiPolygon", "coordinates": [ [ [ [ 51.4207989, 35.7181442 ], [ 51.4208754, 35.7181577 ], [ 51.420905, 35.7180463 ], [ 51.4209114, 35.7180229 ], [ 51.4209179, 35.7179994 ], [ 51.420935, 35.7179369 ], [ 51.4208583, 35.7179233 ], [ 51.4208418, 35.7179856 ], [ 51.4207989, 35.7181442 ] ] ] ] } },
{ "type": "Feature", "properties": { "full_id": "w671614697", "osm_id": "671614697", "osm_type": "way", "building": "yes", "building:flats": null, "nat_name": null, "height": null, "craft": null, "image": null, "email": null, "name:en": null, "building:levels": null, "website": null, "phone": null, "opening_hours": null, "office": null, "description": null, "addr:street": null, "addr:postcode": null, "addr:housenumber": null, "addr:city": null, "zone": "11", "region": "6", "Perimeter": "63.99973", "name": null, "healthcare": null, "emergency": null, "amenity": null }, "geometry": { "type": "MultiPolygon", "coordinates": [ [ [ [ 51.4207238, 35.7181312 ], [ 51.4207989, 35.7181442 ], [ 51.4208418, 35.7179856 ], [ 51.4208583, 35.7179233 ], [ 51.4208485, 35.7179216 ], [ 51.4208068, 35.7179147 ], [ 51.4207832, 35.7179107 ], [ 51.4207672, 35.7179723 ], [ 51.4207624, 35.7179896 ], [ 51.4207238, 35.7181312 ] ] ] ] } },
{ "type": "Feature", "properties": { "full_id": "w671614705", "osm_id": "671614705", "osm_type": "way", "building": "yes", "building:flats": null, "nat_name": null, "height": null, "craft": null, "image": null, "email": null, "name:en": null, "building:levels": null, "website": null, "phone": null, "opening_hours": null, "office": null, "description": null, "addr:street": null, "addr:postcode": null, "addr:housenumber": null, "addr:city": null, "zone": "11", "region": "6", "Perimeter": "78.47896", "name": null, "healthcare": null, "emergency": null, "amenity": null }, "geometry": { "type": "MultiPolygon", "coordinates": [ [ [ [ 51.4208754, 35.7181577 ], [ 51.4210286, 35.7181848 ], [ 51.4210481, 35.7181116 ], [ 51.4210623, 35.7180596 ], [ 51.4210668, 35.718043 ], [ 51.4210888, 35.717965 ], [ 51.4210114, 35.7179507 ], [ 51.4209738, 35.7179439 ], [ 51.420935, 35.7179369 ], [ 51.4209179, 35.7179994 ], [ 51.4209114, 35.7180229 ], [ 51.420905, 35.7180463 ], [ 51.4208754, 35.7181577 ] ] ] ] } },
{ "type": "Feature", "properties": { "full_id": "w671614689", "osm_id": "671614689", "osm_type": "way", "building": "yes", "building:flats": null, "nat_name": null, "height": null, "craft": null, "image": null, "email": null, "name:en": null, "building:levels": null, "website": null, "phone": null, "opening_hours": null, "office": null, "description": null, "addr:street": null, "addr:postcode": null, "addr:housenumber": null, "addr:city": null, "zone": "11", "region": "6", "Perimeter": "78.58544", "name": null, "healthcare": null, "emergency": null, "amenity": null }, "geometry": { "type": "MultiPolygon", "coordinates": [ [ [ [ 51.4204215, 35.7180814 ], [ 51.420572, 35.718106 ], [ 51.4206089, 35.7179697 ], [ 51.4206114, 35.7179609 ], [ 51.4206327, 35.7178841 ], [ 51.4205919, 35.7178769 ], [ 51.4204794, 35.717858 ], [ 51.4204573, 35.7179423 ], [ 51.4204548, 35.7179514 ], [ 51.4204215, 35.7180814 ] ] ] ] } },
{ "type": "Feature", "properties": { "full_id": "w671614694", "osm_id": "671614694", "osm_type": "way", "building": "yes", "building:flats": null, "nat_name": null, "height": null, "craft": null, "image": null, "email": null, "name:en": null, "building:levels": null, "website": null, "phone": null, "opening_hours": null, "office": null, "description": null, "addr:street": null, "addr:postcode": null, "addr:housenumber": null, "addr:city": null, "zone": "11", "region": "6", "Perimeter": "78.19918", "name": null, "healthcare": null, "emergency": null, "amenity": null }, "geometry": { "type": "MultiPolygon", "coordinates": [ [ [ [ 51.420572, 35.718106 ], [ 51.4207238, 35.7181312 ], [ 51.4207624, 35.7179896 ], [ 51.4207672, 35.7179723 ], [ 51.4207832, 35.7179107 ], [ 51.4207607, 35.7179068 ], [ 51.4207171, 35.7178993 ], [ 51.420664, 35.7178898 ], [ 51.4206327, 35.7178841 ], [ 51.4206114, 35.7179609 ], [ 51.4206089, 35.7179697 ], [ 51.420572, 35.718106 ] ] ] ] } },
{ "type": "Feature", "properties": { "full_id": "w671614785", "osm_id": "671614785", "osm_type": "way", "building": "yes", "building:flats": null, "nat_name": null, "height": null, "craft": null, "image": null, "email": null, "name:en": null, "building:levels": null, "website": null, "phone": null, "opening_hours": null, "office": null, "description": null, "addr:street": null, "addr:postcode": null, "addr:housenumber": null, "addr:city": null, "zone": "11", "region": "6", "Perimeter": "76.41629", "name": null, "healthcare": null, "emergency": null, "amenity": null }, "geometry": { "type": "MultiPolygon", "coordinates": [ [ [ [ 51.4209438, 35.7184875 ], [ 51.4210308, 35.7185025 ], [ 51.421095, 35.7185131 ], [ 51.4211199, 35.7184088 ], [ 51.4211308, 35.718364 ], [ 51.421133, 35.7183551 ], [ 51.4211479, 35.718298 ], [ 51.4209991, 35.7182726 ], [ 51.4209844, 35.7183287 ], [ 51.4209825, 35.718336 ], [ 51.4209811, 35.7183414 ], [ 51.4209678, 35.718393 ], [ 51.4209559, 35.7184396 ], [ 51.4209489, 35.7184676 ], [ 51.4209438, 35.7184875 ] ] ] ] } },
{ "type": "Feature", "properties": { "full_id": "w671614789", "osm_id": "671614789", "osm_type": "way", "building": "yes", "building:flats": null, "nat_name": null, "height": null, "craft": null, "image": null, "email": null, "name:en": null, "building:levels": null, "website": null, "phone": null, "opening_hours": null, "office": null, "description": null, "addr:street": null, "addr:postcode": null, "addr:housenumber": null, "addr:city": null, "zone": "11", "region": "6", "Perimeter": "89.47005", "name": null, "healthcare": null, "emergency": null, "amenity": null }, "geometry": { "type": "MultiPolygon", "coordinates": [ [ [ [ 51.419826, 35.7185317 ], [ 51.4198457, 35.7184503 ], [ 51.4198505, 35.7184318 ], [ 51.4198533, 35.7184207 ], [ 51.4198701, 35.7183571 ], [ 51.419882, 35.7183125 ], [ 51.4198571, 35.7183083 ], [ 51.4197069, 35.7182823 ], [ 51.4196811, 35.7183203 ], [ 51.4196498, 35.7183652 ], [ 51.4196294, 35.7183929 ], [ 51.4196096, 35.7184197 ], [ 51.4196028, 35.718429 ], [ 51.4195943, 35.7184447 ], [ 51.4195777, 35.7184753 ], [ 51.4195896, 35.7184927 ], [ 51.4196946, 35.7185101 ], [ 51.4197777, 35.7185239 ], [ 51.419826, 35.7185317 ] ] ] ] } },
{ "type": "Feature", "properties": { "full_id": "w671614791", "osm_id": "671614791", "osm_type": "way", "building": "yes", "building:flats": null, "nat_name": null, "height": null, "craft": null, "image": null, "email": null, "name:en": null, "building:levels": null, "website": null, "phone": null, "opening_hours": null, "office": null, "description": null, "addr:street": null, "addr:postcode": null, "addr:housenumber": null, "addr:city": null, "zone": "11", "region": "6", "Perimeter": "83.90218", "name": null, "healthcare": null, "emergency": null, "amenity": null }, "geometry": { "type": "MultiPolygon", "coordinates": [ [ [ [ 51.421095, 35.7185131 ], [ 51.4211585, 35.7185238 ], [ 51.4212113, 35.718533 ], [ 51.4212542, 35.7185405 ], [ 51.4212566, 35.7185312 ], [ 51.4212707, 35.7185336 ], [ 51.4212766, 35.7185107 ], [ 51.4212654, 35.7185089 ], [ 51.4212781, 35.7184589 ], [ 51.4212874, 35.7184605 ], [ 51.4212978, 35.7184195 ], [ 51.4212868, 35.7184192 ], [ 51.4213118, 35.718321 ], [ 51.4212697, 35.7183138 ], [ 51.4212685, 35.7183186 ], [ 51.4211479, 35.718298 ], [ 51.421133, 35.7183551 ], [ 51.4211308, 35.718364 ], [ 51.4211199, 35.7184088 ], [ 51.421095, 35.7185131 ] ] ] ] } },
{ "type": "Feature", "properties": { "full_id": "w671614774", "osm_id": "671614774", "osm_type": "way", "building": "yes", "building:flats": null, "nat_name": null, "height": null, "craft": null, "image": null, "email": null, "name:en": null, "building:levels": null, "website": null, "phone": null, "opening_hours": null, "office": null, "description": null, "addr:street": null, "addr:postcode": null, "addr:housenumber": null, "addr:city": null, "zone": "11", "region": "6", "Perimeter": "60.00689", "name": null, "healthcare": null, "emergency": null, "amenity": null }, "geometry": { "type": "MultiPolygon", "coordinates": [ [ [ [ 51.4207313, 35.7184516 ], [ 51.4207594, 35.7184563 ], [ 51.4207919, 35.7184616 ], [ 51.4207941, 35.7184525 ], [ 51.4208004, 35.7184254 ], [ 51.4208084, 35.7183948 ], [ 51.4208219, 35.7183451 ], [ 51.4208257, 35.7183309 ], [ 51.4208298, 35.7183153 ], [ 51.4208477, 35.7182466 ], [ 51.4207868, 35.7182362 ], [ 51.4207651, 35.7183204 ], [ 51.4207614, 35.7183344 ], [ 51.4207599, 35.7183403 ], [ 51.4207484, 35.7183843 ], [ 51.420735, 35.7184369 ], [ 51.4207313, 35.7184516 ] ] ] ] } },
{ "type": "Feature", "properties": { "full_id": "w671614781", "osm_id": "671614781", "osm_type": "way", "building": "yes", "building:flats": null, "nat_name": null, "height": null, "craft": null, "image": null, "email": null, "name:en": null, "building:levels": null, "website": null, "phone": null, "opening_hours": null, "office": null, "description": null, "addr:street": null, "addr:postcode": null, "addr:housenumber": null, "addr:city": null, "zone": "11", "region": "6", "Perimeter": "76.77283", "name": null, "healthcare": null, "emergency": null, "amenity": null }, "geometry": { "type": "MultiPolygon", "coordinates": [ [ [ [ 51.4208706, 35.7184748 ], [ 51.4208781, 35.7184761 ], [ 51.4209003, 35.71848 ], [ 51.4209438, 35.7184875 ], [ 51.4209489, 35.7184676 ], [ 51.4209559, 35.7184396 ], [ 51.4209678, 35.718393 ], [ 51.4209811, 35.7183414 ], [ 51.4209825, 35.718336 ], [ 51.4209844, 35.7183287 ], [ 51.4209991, 35.7182726 ], [ 51.4208477, 35.7182466 ], [ 51.4208298, 35.7183153 ], [ 51.4208257, 35.7183309 ], [ 51.4208219, 35.7183451 ], [ 51.4208084, 35.7183948 ], [ 51.4208004, 35.7184254 ], [ 51.4207941, 35.7184525 ], [ 51.4207919, 35.7184616 ], [ 51.420831, 35.7184681 ], [ 51.4208706, 35.7184748 ] ] ] ] } },
{ "type": "Feature", "properties": { "full_id": "w671614771", "osm_id": "671614771", "osm_type": "way", "building": "yes", "building:flats": null, "nat_name": null, "height": null, "craft": null, "image": null, "email": null, "name:en": null, "building:levels": null, "website": null, "phone": null, "opening_hours": null, "office": null, "description": null, "addr:street": null, "addr:postcode": null, "addr:housenumber": null, "addr:city": null, "zone": "11", "region": "6", "Perimeter": "66.17434", "name": null, "healthcare": null, "emergency": null, "amenity": null }, "geometry": { "type": "MultiPolygon", "coordinates": [ [ [ [ 51.4206383, 35.7184363 ], [ 51.4207313, 35.7184516 ], [ 51.420735, 35.7184369 ], [ 51.4207484, 35.7183843 ], [ 51.4207599, 35.7183403 ], [ 51.4207614, 35.7183344 ], [ 51.4207651, 35.7183204 ], [ 51.4207868, 35.7182362 ], [ 51.4206927, 35.7182201 ], [ 51.4206756, 35.7182861 ], [ 51.4206685, 35.7183138 ], [ 51.4206613, 35.7183424 ], [ 51.4206404, 35.7184276 ], [ 51.4206383, 35.7184363 ] ] ] ] } },
{ "type": "Feature", "properties": { "full_id": "w671614773", "osm_id": "671614773", "osm_type": "way", "building": "yes", "building:flats": null, "nat_name": null, "height": null, "craft": null, "image": null, "email": null, "name:en": null, "building:levels": null, "website": null, "phone": null, "opening_hours": null, "office": null, "description": null, "addr:street": null, "addr:postcode": null, "addr:housenumber": null, "addr:city": null, "zone": "11", "region": "6", "Perimeter": "74.96475", "name": null, "healthcare": null, "emergency": null, "amenity": null }, "geometry": { "type": "MultiPolygon", "coordinates": [ [ [ [ 51.4225425, 35.7182276 ], [ 51.4224664, 35.7182275 ], [ 51.4224375, 35.7182272 ], [ 51.4224354, 35.7183456 ], [ 51.4224339, 35.7184194 ], [ 51.4224333, 35.718447 ], [ 51.4224631, 35.7184473 ], [ 51.4224861, 35.7184192 ], [ 51.4226429, 35.7182273 ], [ 51.4225481, 35.7182276 ], [ 51.4225425, 35.7182276 ] ] ] ] } },
{ "type": "Feature", "properties": { "full_id": "w671614740", "osm_id": "671614740", "osm_type": "way", "building": "yes", "building:flats": null, "nat_name": null, "height": null, "craft": null, "image": null, "email": null, "name:en": null, "building:levels": null, "website": null, "phone": null, "opening_hours": null, "office": null, "description": null, "addr:street": null, "addr:postcode": null, "addr:housenumber": null, "addr:city": null, "zone": "11", "region": "6", "Perimeter": "78.42358", "name": null, "healthcare": null, "emergency": null, "amenity": null }, "geometry": { "type": "MultiPolygon", "coordinates": [ [ [ [ 51.4200289, 35.7183365 ], [ 51.4200772, 35.718344 ], [ 51.4201149, 35.7183499 ], [ 51.4201489, 35.7183552 ], [ 51.4201825, 35.7183606 ], [ 51.4201973, 35.7182994 ], [ 51.4202071, 35.7182596 ], [ 51.420222, 35.7181998 ], [ 51.4202367, 35.7181422 ], [ 51.4201304, 35.718124 ], [ 51.420079, 35.718115 ], [ 51.4200598, 35.7181957 ], [ 51.4200532, 35.7182257 ], [ 51.4200348, 35.7183104 ], [ 51.4200316, 35.7183248 ], [ 51.4200289, 35.7183365 ] ] ] ] } },
{ "type": "Feature", "properties": { "full_id": "w671614732", "osm_id": "671614732", "osm_type": "way", "building": "yes", "building:flats": null, "nat_name": null, "height": null, "craft": null, "image": null, "email": null, "name:en": null, "building:levels": null, "website": null, "phone": null, "opening_hours": null, "office": null, "description": null, "addr:street": null, "addr:postcode": null, "addr:housenumber": null, "addr:city": null, "zone": "11", "region": "6", "Perimeter": "103.48674", "name": null, "healthcare": null, "emergency": null, "amenity": null }, "geometry": { "type": "MultiPolygon", "coordinates": [ [ [ [ 51.419882, 35.7183125 ], [ 51.4199547, 35.7183246 ], [ 51.4200289, 35.7183365 ], [ 51.4200316, 35.7183248 ], [ 51.4200348, 35.7183104 ], [ 51.4200532, 35.7182257 ], [ 51.4200598, 35.7181957 ], [ 51.420079, 35.718115 ], [ 51.4199429, 35.7180943 ], [ 51.4199207, 35.7180867 ], [ 51.4198974, 35.7180818 ], [ 51.4198734, 35.7180797 ], [ 51.4198494, 35.7180808 ], [ 51.4198258, 35.7180847 ], [ 51.4198033, 35.7180916 ], [ 51.4198021, 35.7181126 ], [ 51.419798, 35.7181333 ], [ 51.4197909, 35.7181534 ], [ 51.4197811, 35.7181729 ], [ 51.4197685, 35.7181912 ], [ 51.4197069, 35.7182823 ], [ 51.4198571, 35.7183083 ], [ 51.419882, 35.7183125 ] ] ] ] } },
{ "type": "Feature", "properties": { "full_id": "w671614750", "osm_id": "671614750", "osm_type": "way", "building": "yes", "building:flats": null, "nat_name": null, "height": null, "craft": null, "image": null, "email": null, "name:en": null, "building:levels": null, "website": null, "phone": null, "opening_hours": null, "office": null, "description": null, "addr:street": null, "addr:postcode": null, "addr:housenumber": null, "addr:city": null, "zone": "11", "region": "6", "Perimeter": "76.98553", "name": null, "healthcare": null, "emergency": null, "amenity": null }, "geometry": { "type": "MultiPolygon", "coordinates": [ [ [ [ 51.4201825, 35.7183606 ], [ 51.4202341, 35.7183689 ], [ 51.4202877, 35.7183778 ], [ 51.4203342, 35.7183854 ], [ 51.4203341, 35.7183712 ], [ 51.4203501, 35.7183075 ], [ 51.4203558, 35.7182844 ], [ 51.4203704, 35.7182242 ], [ 51.4203843, 35.7181675 ], [ 51.4202367, 35.7181422 ], [ 51.420222, 35.7181998 ], [ 51.4202071, 35.7182596 ], [ 51.4201973, 35.7182994 ], [ 51.4201825, 35.7183606 ] ] ] ] } },
{ "type": "Feature", "properties": { "full_id": "w671614758", "osm_id": "671614758", "osm_type": "way", "building": "yes", "building:flats": null, "nat_name": null, "height": null, "craft": null, "image": null, "email": null, "name:en": null, "building:levels": null, "website": null, "phone": null, "opening_hours": null, "office": null, "description": null, "addr:street": null, "addr:postcode": null, "addr:housenumber": null, "addr:city": null, "zone": "11", "region": "6", "Perimeter": "77.54992", "name": null, "healthcare": null, "emergency": null, "amenity": null }, "geometry": { "type": "MultiPolygon", "coordinates": [ [ [ [ 51.4204835, 35.7184108 ], [ 51.4205775, 35.7184265 ], [ 51.4206383, 35.7184363 ], [ 51.4206404, 35.7184276 ], [ 51.4206613, 35.7183424 ], [ 51.4206685, 35.7183138 ], [ 51.4206756, 35.7182861 ], [ 51.4206927, 35.7182201 ], [ 51.4206485, 35.7182126 ], [ 51.4205393, 35.7181938 ], [ 51.4205222, 35.7182602 ], [ 51.4205163, 35.7182831 ], [ 51.4204976, 35.7183547 ], [ 51.420487, 35.7183963 ], [ 51.4204835, 35.7184108 ] ] ] ] } },
{ "type": "Feature", "properties": { "full_id": "w671614755", "osm_id": "671614755", "osm_type": "way", "building": "yes", "building:flats": null, "nat_name": null, "height": null, "craft": null, "image": null, "email": null, "name:en": null, "building:levels": null, "website": null, "phone": null, "opening_hours": null, "office": null, "description": null, "addr:street": null, "addr:postcode": null, "addr:housenumber": null, "addr:city": null, "zone": "11", "region": "6", "Perimeter": "77.32096", "name": null, "healthcare": null, "emergency": null, "amenity": null }, "geometry": { "type": "MultiPolygon", "coordinates": [ [ [ [ 51.4203342, 35.7183854 ], [ 51.4203669, 35.718391 ], [ 51.4204385, 35.7184033 ], [ 51.4204835, 35.7184108 ], [ 51.420487, 35.7183963 ], [ 51.4204976, 35.7183547 ], [ 51.4205163, 35.7182831 ], [ 51.4205222, 35.7182602 ], [ 51.4205393, 35.7181938 ], [ 51.4204035, 35.7181708 ], [ 51.4203843, 35.7181675 ], [ 51.4203704, 35.7182242 ], [ 51.4203558, 35.7182844 ], [ 51.4203501, 35.7183075 ], [ 51.4203341, 35.7183712 ], [ 51.4203342, 35.7183854 ] ] ] ] } },
{ "type": "Feature", "properties": { "full_id": "w671615030", "osm_id": "671615030", "osm_type": "way", "building": "yes", "building:flats": null, "nat_name": null, "height": null, "craft": null, "image": null, "email": null, "name:en": null, "building:levels": null, "website": null, "phone": null, "opening_hours": null, "office": null, "description": null, "addr:street": null, "addr:postcode": null, "addr:housenumber": null, "addr:city": null, "zone": "11", "region": "6", "Perimeter": "47.69868", "name": null, "healthcare": null, "emergency": null, "amenity": null }, "geometry": { "type": "MultiPolygon", "coordinates": [ [ [ [ 51.4198029, 35.7195268 ], [ 51.4198782, 35.7195279 ], [ 51.4198805, 35.7194455 ], [ 51.4198806, 35.7194417 ], [ 51.4198819, 35.7194022 ], [ 51.4198224, 35.7194007 ], [ 51.419773, 35.7193996 ], [ 51.4197711, 35.7194602 ], [ 51.4197706, 35.719477 ], [ 51.4197696, 35.7195263 ], [ 51.4198029, 35.7195268 ] ] ] ] } },
{ "type": "Feature", "properties": { "full_id": "w671615029", "osm_id": "671615029", "osm_type": "way", "building": "yes", "building:flats": null, "nat_name": null, "height": null, "craft": null, "image": null, "email": null, "name:en": null, "building:levels": null, "website": null, "phone": null, "opening_hours": null, "office": null, "description": null, "addr:street": null, "addr:postcode": null, "addr:housenumber": null, "addr:city": null, "zone": "11", "region": "6", "Perimeter": "80.63296", "name": null, "healthcare": null, "emergency": null, "amenity": null }, "geometry": { "type": "MultiPolygon", "coordinates": [ [ [ [ 51.4215738, 35.7194663 ], [ 51.4216684, 35.7195044 ], [ 51.4217247, 35.7194907 ], [ 51.4217495, 35.7194529 ], [ 51.4217552, 35.7194554 ], [ 51.4218314, 35.7193396 ], [ 51.4218442, 35.7192952 ], [ 51.4217197, 35.7192425 ], [ 51.4216955, 35.7192792 ], [ 51.4216691, 35.7193181 ], [ 51.4216176, 35.719396 ], [ 51.4215738, 35.7194663 ] ] ] ] } },
{ "type": "Feature", "properties": { "full_id": "w671615031", "osm_id": "671615031", "osm_type": "way", "building": "yes", "building:flats": null, "nat_name": null, "height": null, "craft": null, "image": null, "email": null, "name:en": null, "building:levels": null, "website": null, "phone": null, "opening_hours": null, "office": null, "description": null, "addr:street": null, "addr:postcode": null, "addr:housenumber": null, "addr:city": null, "zone": "11", "region": "6", "Perimeter": "99.4053", "name": null, "healthcare": null, "emergency": null, "amenity": null }, "geometry": { "type": "MultiPolygon", "coordinates": [ [ [ [ 51.4199551, 35.7195294 ], [ 51.4200042, 35.7195305 ], [ 51.4200047, 35.7195182 ], [ 51.4200052, 35.719503 ], [ 51.4200068, 35.7194615 ], [ 51.4200095, 35.7193873 ], [ 51.4200116, 35.7193418 ], [ 51.4200201, 35.7191953 ], [ 51.4199546, 35.7191843 ], [ 51.4198949, 35.7191744 ], [ 51.4198912, 35.719214 ], [ 51.4198852, 35.7193098 ], [ 51.4198825, 35.7193842 ], [ 51.4198819, 35.7194022 ], [ 51.4198806, 35.7194417 ], [ 51.4198805, 35.7194455 ], [ 51.4198782, 35.7195279 ], [ 51.4199252, 35.7195288 ], [ 51.4199551, 35.7195294 ] ] ] ] } },
{ "type": "Feature", "properties": { "full_id": "w671615034", "osm_id": "671615034", "osm_type": "way", "building": "yes", "building:flats": null, "nat_name": null, "height": null, "craft": null, "image": null, "email": null, "name:en": null, "building:levels": null, "website": null, "phone": null, "opening_hours": null, "office": null, "description": null, "addr:street": null, "addr:postcode": null, "addr:housenumber": null, "addr:city": null, "zone": "11", "region": "6", "Perimeter": "93.93369", "name": null, "healthcare": null, "emergency": null, "amenity": null }, "geometry": { "type": "MultiPolygon", "coordinates": [ [ [ [ 51.4201897, 35.7195359 ], [ 51.4202638, 35.7195381 ], [ 51.4202799, 35.7195385 ], [ 51.4202816, 35.7194888 ], [ 51.4202832, 35.7194325 ], [ 51.4202837, 35.7194121 ], [ 51.4202846, 35.7193725 ], [ 51.4202893, 35.7192454 ], [ 51.4201455, 35.7192189 ], [ 51.4201406, 35.7193454 ], [ 51.42014, 35.7193711 ], [ 51.4201391, 35.7194102 ], [ 51.4201366, 35.7194982 ], [ 51.4201363, 35.7195067 ], [ 51.4201351, 35.7195342 ], [ 51.4201897, 35.7195359 ] ] ] ] } },
{ "type": "Feature", "properties": { "full_id": "w671615033", "osm_id": "671615033", "osm_type": "way", "building": "yes", "building:flats": null, "nat_name": null, "height": null, "craft": null, "image": null, "email": null, "name:en": null, "building:levels": null, "website": null, "phone": null, "opening_hours": null, "office": null, "description": null, "addr:street": null, "addr:postcode": null, "addr:housenumber": null, "addr:city": null, "zone": "11", "region": "6", "Perimeter": "95.67243", "name": null, "healthcare": null, "emergency": null, "amenity": null }, "geometry": { "type": "MultiPolygon", "coordinates": [ [ [ [ 51.4201133, 35.7195335 ], [ 51.4201351, 35.7195342 ], [ 51.4201363, 35.7195067 ], [ 51.4201366, 35.7194982 ], [ 51.4201391, 35.7194102 ], [ 51.42014, 35.7193711 ], [ 51.4201406, 35.7193454 ], [ 51.4201455, 35.7192189 ], [ 51.4201186, 35.7192139 ], [ 51.4200829, 35.7192071 ], [ 51.4200201, 35.7191953 ], [ 51.4200116, 35.7193418 ], [ 51.4200095, 35.7193873 ], [ 51.4200068, 35.7194615 ], [ 51.4200052, 35.719503 ], [ 51.4200047, 35.7195182 ], [ 51.4200042, 35.7195305 ], [ 51.4200357, 35.7195314 ], [ 51.4201133, 35.7195335 ] ] ] ] } },
{ "type": "Feature", "properties": { "full_id": "w671614313", "osm_id": "671614313", "osm_type": "way", "building": "yes", "building:flats": null, "nat_name": null, "height": null, "craft": null, "image": null, "email": null, "name:en": null, "building:levels": null, "website": null, "phone": null, "opening_hours": null, "office": null, "description": null, "addr:street": null, "addr:postcode": null, "addr:housenumber": null, "addr:city": null, "zone": "11", "region": "6", "Perimeter": "78.19485", "name": null, "healthcare": null, "emergency": null, "amenity": null }, "geometry": { "type": "MultiPolygon", "coordinates": [ [ [ [ 51.4204583, 35.7162854 ], [ 51.4204931, 35.7162864 ], [ 51.420534, 35.7162874 ], [ 51.4205969, 35.7162887 ], [ 51.4205977, 35.7162594 ], [ 51.4206, 35.716204 ], [ 51.4206022, 35.7161461 ], [ 51.4206053, 35.7160636 ], [ 51.4205903, 35.716059 ], [ 51.4205741, 35.7160566 ], [ 51.4205579, 35.7160568 ], [ 51.4205419, 35.7160595 ], [ 51.4205269, 35.7160647 ], [ 51.4205133, 35.716072 ], [ 51.4203919, 35.7162828 ], [ 51.4204583, 35.7162854 ] ] ] ] } },
{ "type": "Feature", "properties": { "full_id": "w671615017", "osm_id": "671615017", "osm_type": "way", "building": "yes", "building:flats": null, "nat_name": null, "height": null, "craft": null, "image": null, "email": null, "name:en": null, "building:levels": null, "website": null, "phone": null, "opening_hours": null, "office": null, "description": null, "addr:street": null, "addr:postcode": null, "addr:housenumber": null, "addr:city": null, "zone": "11", "region": "6", "Perimeter": "62.56388", "name": null, "healthcare": null, "emergency": null, "amenity": null }, "geometry": { "type": "MultiPolygon", "coordinates": [ [ [ [ 51.4194716, 35.7194712 ], [ 51.4195752, 35.7194736 ], [ 51.4195776, 35.7193949 ], [ 51.4195791, 35.7193401 ], [ 51.4195809, 35.7192759 ], [ 51.4195688, 35.7192757 ], [ 51.4195405, 35.7192751 ], [ 51.4195019, 35.7192745 ], [ 51.419477, 35.7192742 ], [ 51.4194755, 35.7193383 ], [ 51.4194752, 35.7193477 ], [ 51.4194742, 35.7193857 ], [ 51.4194716, 35.7194712 ] ] ] ] } },
{ "type": "Feature", "properties": { "full_id": "w671614312", "osm_id": "671614312", "osm_type": "way", "building": "yes", "building:flats": null, "nat_name": null, "height": null, "craft": null, "image": null, "email": null, "name:en": null, "building:levels": null, "website": null, "phone": null, "opening_hours": null, "office": null, "description": null, "addr:street": null, "addr:postcode": null, "addr:housenumber": null, "addr:city": null, "zone": "11", "region": "6", "Perimeter": "68.3395", "name": null, "healthcare": null, "emergency": null, "amenity": null }, "geometry": { "type": "MultiPolygon", "coordinates": [ [ [ [ 51.4235555, 35.7162737 ], [ 51.4236257, 35.7162757 ], [ 51.4236269, 35.7162289 ], [ 51.4236292, 35.7161313 ], [ 51.4236294, 35.7161233 ], [ 51.4236305, 35.7160623 ], [ 51.423628, 35.7160226 ], [ 51.4235542, 35.7160286 ], [ 51.4235558, 35.7160653 ], [ 51.4235569, 35.7161306 ], [ 51.4235568, 35.7161479 ], [ 51.4235561, 35.7162281 ], [ 51.4235555, 35.7162737 ] ] ] ] } },
{ "type": "Feature", "properties": { "full_id": "w671614315", "osm_id": "671614315", "osm_type": "way", "building": "yes", "building:flats": null, "nat_name": null, "height": null, "craft": null, "image": null, "email": null, "name:en": null, "building:levels": null, "website": null, "phone": null, "opening_hours": null, "office": null, "description": null, "addr:street": null, "addr:postcode": null, "addr:housenumber": null, "addr:city": null, "zone": "11", "region": "6", "Perimeter": "65.14574", "name": null, "healthcare": null, "emergency": null, "amenity": null }, "geometry": { "type": "MultiPolygon", "coordinates": [ [ [ [ 51.4205969, 35.7162887 ], [ 51.4206829, 35.7162897 ], [ 51.4206834, 35.7162588 ], [ 51.4206847, 35.7162059 ], [ 51.4206862, 35.7161469 ], [ 51.4206879, 35.7160651 ], [ 51.4206053, 35.7160636 ], [ 51.4206022, 35.7161461 ], [ 51.4206, 35.716204 ], [ 51.4205977, 35.7162594 ], [ 51.4205969, 35.7162887 ] ] ] ] } },
{ "type": "Feature", "properties": { "full_id": "w671615019", "osm_id": "671615019", "osm_type": "way", "building": "yes", "building:flats": null, "nat_name": null, "height": null, "craft": null, "image": null, "email": null, "name:en": null, "building:levels": null, "website": null, "phone": null, "opening_hours": null, "office": null, "description": null, "addr:street": null, "addr:postcode": null, "addr:housenumber": null, "addr:city": null, "zone": "11", "region": "6", "Perimeter": "79.12615", "name": null, "healthcare": null, "emergency": null, "amenity": null }, "geometry": { "type": "MultiPolygon", "coordinates": [ [ [ [ 51.4195752, 35.7194736 ], [ 51.4196293, 35.7194746 ], [ 51.4197706, 35.719477 ], [ 51.4197711, 35.7194602 ], [ 51.419773, 35.7193996 ], [ 51.4197748, 35.7193437 ], [ 51.419776, 35.7193068 ], [ 51.4197771, 35.7192808 ], [ 51.4197474, 35.7192799 ], [ 51.4197131, 35.719279 ], [ 51.4196733, 35.719278 ], [ 51.4196403, 35.7192772 ], [ 51.4196178, 35.7192767 ], [ 51.4195809, 35.7192759 ], [ 51.4195791, 35.7193401 ], [ 51.4195776, 35.7193949 ], [ 51.4195752, 35.7194736 ] ] ] ] } },
{ "type": "Feature", "properties": { "full_id": "w671614314", "osm_id": "671614314", "osm_type": "way", "building": "yes", "building:flats": null, "nat_name": null, "height": null, "craft": null, "image": null, "email": null, "name:en": null, "building:levels": null, "website": null, "phone": null, "opening_hours": null, "office": null, "description": null, "addr:street": null, "addr:postcode": null, "addr:housenumber": null, "addr:city": null, "zone": "11", "region": "6", "Perimeter": "82.53814", "name": null, "healthcare": null, "emergency": null, "amenity": null }, "geometry": { "type": "MultiPolygon", "coordinates": [ [ [ [ 51.4236257, 35.7162757 ], [ 51.4237632, 35.7162787 ], [ 51.4237646, 35.7161756 ], [ 51.423765, 35.7161246 ], [ 51.4237651, 35.71612 ], [ 51.4237651, 35.7160392 ], [ 51.4237645, 35.7160208 ], [ 51.4237639, 35.7160114 ], [ 51.423628, 35.7160226 ], [ 51.4236305, 35.7160623 ], [ 51.4236294, 35.7161233 ], [ 51.4236292, 35.7161313 ], [ 51.4236269, 35.7162289 ], [ 51.4236257, 35.7162757 ] ] ] ] } },
{ "type": "Feature", "properties": { "full_id": "w671614317", "osm_id": "671614317", "osm_type": "way", "building": "yes", "building:flats": null, "nat_name": null, "height": null, "craft": null, "image": null, "email": null, "name:en": null, "building:levels": null, "website": null, "phone": null, "opening_hours": null, "office": null, "description": null, "addr:street": null, "addr:postcode": null, "addr:housenumber": null, "addr:city": null, "zone": "11", "region": "6", "Perimeter": "82.93397", "name": null, "healthcare": null, "emergency": null, "amenity": null }, "geometry": { "type": "MultiPolygon", "coordinates": [ [ [ [ 51.4237632, 35.7162787 ], [ 51.4238845, 35.7162809 ], [ 51.4238856, 35.7161759 ], [ 51.4238862, 35.7161207 ], [ 51.4238863, 35.7161107 ], [ 51.4238864, 35.7160192 ], [ 51.4238856, 35.7159994 ], [ 51.4238637, 35.7160014 ], [ 51.423786, 35.7160093 ], [ 51.4237639, 35.7160114 ], [ 51.4237645, 35.7160208 ], [ 51.4237651, 35.7160392 ], [ 51.4237651, 35.71612 ], [ 51.423765, 35.7161246 ], [ 51.4237646, 35.7161756 ], [ 51.4237632, 35.7162787 ] ] ] ] } },
{ "type": "Feature", "properties": { "full_id": "w671614316", "osm_id": "671614316", "osm_type": "way", "building": "yes", "building:flats": null, "nat_name": null, "height": null, "craft": null, "image": null, "email": null, "name:en": null, "building:levels": null, "website": null, "phone": null, "opening_hours": null, "office": null, "description": null, "addr:street": null, "addr:postcode": null, "addr:housenumber": null, "addr:city": null, "zone": "11", "region": "6", "Perimeter": "64.88228", "name": null, "healthcare": null, "emergency": null, "amenity": null }, "geometry": { "type": "MultiPolygon", "coordinates": [ [ [ [ 51.4207405, 35.7162902 ], [ 51.4207646, 35.7162905 ], [ 51.4207696, 35.7161485 ], [ 51.4207703, 35.7161292 ], [ 51.4207726, 35.716066 ], [ 51.4206879, 35.7160651 ], [ 51.4206862, 35.7161469 ], [ 51.4206847, 35.7162059 ], [ 51.4206834, 35.7162588 ], [ 51.4206829, 35.7162897 ], [ 51.4207213, 35.71629 ], [ 51.4207405, 35.7162902 ] ] ] ] } },
{ "type": "Feature", "properties": { "full_id": "w671614321", "osm_id": "671614321", "osm_type": "way", "building": "yes", "building:flats": null, "nat_name": null, "height": null, "craft": null, "image": null, "email": null, "name:en": null, "building:levels": null, "website": null, "phone": null, "opening_hours": null, "office": null, "description": null, "addr:street": null, "addr:postcode": null, "addr:housenumber": null, "addr:city": null, "zone": "11", "region": "6", "Perimeter": "85.39862", "name": null, "healthcare": null, "emergency": null, "amenity": null }, "geometry": { "type": "MultiPolygon", "coordinates": [ [ [ [ 51.4238845, 35.7162809 ], [ 51.4240089, 35.7162825 ], [ 51.424009, 35.7162735 ], [ 51.4240091, 35.716268 ], [ 51.4240084, 35.7161801 ], [ 51.424008, 35.7161205 ], [ 51.4240079, 35.7161106 ], [ 51.4240078, 35.7160832 ], [ 51.4240065, 35.7159942 ], [ 51.4239926, 35.7159945 ], [ 51.4238856, 35.7159994 ], [ 51.4238864, 35.7160192 ], [ 51.4238863, 35.7161107 ], [ 51.4238862, 35.7161207 ], [ 51.4238856, 35.7161759 ], [ 51.4238845, 35.7162809 ] ] ] ] } },
{ "type": "Feature", "properties": { "full_id": "w671614319", "osm_id": "671614319", "osm_type": "way", "building": "yes", "building:flats": null, "nat_name": null, "height": null, "craft": null, "image": null, "email": null, "name:en": null, "building:levels": null, "website": null, "phone": null, "opening_hours": null, "office": null, "description": null, "addr:street": null, "addr:postcode": null, "addr:housenumber": null, "addr:city": null, "zone": "11", "region": "6", "Perimeter": "75.76654", "name": null, "healthcare": null, "emergency": null, "amenity": null }, "geometry": { "type": "MultiPolygon", "coordinates": [ [ [ [ 51.420887, 35.716292 ], [ 51.4209094, 35.7162923 ], [ 51.4209132, 35.7161395 ], [ 51.4209134, 35.7161325 ], [ 51.4209149, 35.7160679 ], [ 51.4207726, 35.716066 ], [ 51.4207703, 35.7161292 ], [ 51.4207696, 35.7161485 ], [ 51.4207646, 35.7162905 ], [ 51.420831, 35.7162913 ], [ 51.420887, 35.716292 ] ] ] ] } },
{ "type": "Feature", "properties": { "full_id": "w671615012", "osm_id": "671615012", "osm_type": "way", "building": "yes", "building:flats": null, "nat_name": null, "height": null, "craft": null, "image": null, "email": null, "name:en": null, "building:levels": null, "website": null, "phone": null, "opening_hours": null, "office": null, "description": null, "addr:street": null, "addr:postcode": null, "addr:housenumber": null, "addr:city": null, "zone": "11", "region": "6", "Perimeter": "56.32798", "name": null, "healthcare": null, "emergency": null, "amenity": null }, "geometry": { "type": "MultiPolygon", "coordinates": [ [ [ [ 51.4190988, 35.7194626 ], [ 51.419174, 35.7194645 ], [ 51.4191792, 35.7193221 ], [ 51.4191796, 35.7193086 ], [ 51.4191808, 35.7192707 ], [ 51.4191191, 35.7192698 ], [ 51.4191079, 35.7192695 ], [ 51.4191066, 35.7193069 ], [ 51.4191059, 35.7193223 ], [ 51.4191019, 35.719399 ], [ 51.4190988, 35.7194626 ] ] ] ] } },
{ "type": "Feature", "properties": { "full_id": "w671614307", "osm_id": "671614307", "osm_type": "way", "building": "yes", "building:flats": null, "nat_name": null, "height": null, "craft": null, "image": null, "email": null, "name:en": null, "building:levels": null, "website": null, "phone": null, "opening_hours": null, "office": null, "description": null, "addr:street": null, "addr:postcode": null, "addr:housenumber": null, "addr:city": null, "zone": "11", "region": "6", "Perimeter": "82.64787", "name": null, "healthcare": null, "emergency": null, "amenity": null }, "geometry": { "type": "MultiPolygon", "coordinates": [ [ [ [ 51.4232088, 35.7162676 ], [ 51.4232159, 35.7161447 ], [ 51.4232167, 35.7161314 ], [ 51.4232199, 35.7160833 ], [ 51.4232224, 35.7160429 ], [ 51.4232407, 35.7160435 ], [ 51.4232414, 35.7160222 ], [ 51.4230825, 35.7160208 ], [ 51.4230808, 35.7160786 ], [ 51.4230787, 35.7161262 ], [ 51.4230782, 35.7161403 ], [ 51.4230748, 35.716214 ], [ 51.4230726, 35.7162639 ], [ 51.4231082, 35.7162648 ], [ 51.4231403, 35.7162657 ], [ 51.4231686, 35.7162665 ], [ 51.4232088, 35.7162676 ] ] ] ] } },
{ "type": "Feature", "properties": { "full_id": "w671615011", "osm_id": "671615011", "osm_type": "way", "building": "yes", "building:flats": null, "nat_name": null, "height": null, "craft": null, "image": null, "email": null, "name:en": null, "building:levels": null, "website": null, "phone": null, "opening_hours": null, "office": null, "description": null, "addr:street": null, "addr:postcode": null, "addr:housenumber": null, "addr:city": null, "zone": "11", "region": "6", "Perimeter": "63.10518", "name": null, "healthcare": null, "emergency": null, "amenity": null }, "geometry": { "type": "MultiPolygon", "coordinates": [ [ [ [ 51.4190988, 35.7194626 ], [ 51.4191019, 35.719399 ], [ 51.4191059, 35.7193223 ], [ 51.4191066, 35.7193069 ], [ 51.4191079, 35.7192695 ], [ 51.4190183, 35.7192678 ], [ 51.4189845, 35.7193116 ], [ 51.4189714, 35.7194581 ], [ 51.4190988, 35.7194626 ] ] ] ] } },
{ "type": "Feature", "properties": { "full_id": "w671615014", "osm_id": "671615014", "osm_type": "way", "building": "yes", "building:flats": null, "nat_name": null, "height": null, "craft": null, "image": null, "email": null, "name:en": null, "building:levels": null, "website": null, "phone": null, "opening_hours": null, "office": null, "description": null, "addr:street": null, "addr:postcode": null, "addr:housenumber": null, "addr:city": null, "zone": "11", "region": "6", "Perimeter": "61.48056", "name": null, "healthcare": null, "emergency": null, "amenity": null }, "geometry": { "type": "MultiPolygon", "coordinates": [ [ [ [ 51.4192734, 35.7194668 ], [ 51.4193377, 35.7194682 ], [ 51.4193736, 35.7194689 ], [ 51.4193774, 35.7193351 ], [ 51.4193777, 35.7193256 ], [ 51.4193787, 35.7192728 ], [ 51.4193521, 35.7192725 ], [ 51.4193152, 35.7192722 ], [ 51.4192788, 35.7192719 ], [ 51.4192775, 35.7193239 ], [ 51.4192748, 35.719422 ], [ 51.4192734, 35.7194668 ] ] ] ] } },
{ "type": "Feature", "properties": { "full_id": "w671614309", "osm_id": "671614309", "osm_type": "way", "building": "yes", "building:flats": null, "nat_name": null, "height": null, "craft": null, "image": null, "email": null, "name:en": null, "building:levels": null, "website": null, "phone": null, "opening_hours": null, "office": null, "description": null, "addr:street": null, "addr:postcode": null, "addr:housenumber": null, "addr:city": null, "zone": "11", "region": "6", "Perimeter": "75.65855", "name": null, "healthcare": null, "emergency": null, "amenity": null }, "geometry": { "type": "MultiPolygon", "coordinates": [ [ [ [ 51.4233494, 35.7162707 ], [ 51.4234869, 35.7162729 ], [ 51.4234878, 35.7162157 ], [ 51.4234885, 35.7161476 ], [ 51.4234886, 35.7161324 ], [ 51.4234887, 35.7160659 ], [ 51.423489, 35.7160557 ], [ 51.4234901, 35.7160352 ], [ 51.4233556, 35.7160491 ], [ 51.4233529, 35.7161211 ], [ 51.4233523, 35.7161405 ], [ 51.4233505, 35.7162275 ], [ 51.4233494, 35.7162707 ] ] ] ] } },
{ "type": "Feature", "properties": { "full_id": "w671615013", "osm_id": "671615013", "osm_type": "way", "building": "yes", "building:flats": null, "nat_name": null, "height": null, "craft": null, "image": null, "email": null, "name:en": null, "building:levels": null, "website": null, "phone": null, "opening_hours": null, "office": null, "description": null, "addr:street": null, "addr:postcode": null, "addr:housenumber": null, "addr:city": null, "zone": "11", "region": "6", "Perimeter": "60.97591", "name": null, "healthcare": null, "emergency": null, "amenity": null }, "geometry": { "type": "MultiPolygon", "coordinates": [ [ [ [ 51.419174, 35.7194645 ], [ 51.4192734, 35.7194668 ], [ 51.4192748, 35.719422 ], [ 51.4192775, 35.7193239 ], [ 51.4192788, 35.7192719 ], [ 51.4191808, 35.7192707 ], [ 51.4191796, 35.7193086 ], [ 51.4191792, 35.7193221 ], [ 51.419174, 35.7194645 ] ] ] ] } },
{ "type": "Feature", "properties": { "full_id": "w671614308", "osm_id": "671614308", "osm_type": "way", "building": "yes", "building:flats": null, "nat_name": null, "height": null, "craft": null, "image": null, "email": null, "name:en": null, "building:levels": null, "website": null, "phone": null, "opening_hours": null, "office": null, "description": null, "addr:street": null, "addr:postcode": null, "addr:housenumber": null, "addr:city": null, "zone": "11", "region": "6", "Perimeter": "79.26666", "name": null, "healthcare": null, "emergency": null, "amenity": null }, "geometry": { "type": "MultiPolygon", "coordinates": [ [ [ [ 51.4232088, 35.7162676 ], [ 51.4233494, 35.7162707 ], [ 51.4233505, 35.7162275 ], [ 51.4233523, 35.7161405 ], [ 51.4233529, 35.7161211 ], [ 51.4233556, 35.7160491 ], [ 51.4232781, 35.716056 ], [ 51.4232729, 35.7160444 ], [ 51.4232632, 35.7160225 ], [ 51.4232414, 35.7160222 ], [ 51.4232407, 35.7160435 ], [ 51.4232224, 35.7160429 ], [ 51.4232199, 35.7160833 ], [ 51.4232167, 35.7161314 ], [ 51.4232159, 35.7161447 ], [ 51.4232088, 35.7162676 ] ] ] ] } },
{ "type": "Feature", "properties": { "full_id": "w671615016", "osm_id": "671615016", "osm_type": "way", "building": "yes", "building:flats": null, "nat_name": null, "height": null, "craft": null, "image": null, "email": null, "name:en": null, "building:levels": null, "website": null, "phone": null, "opening_hours": null, "office": null, "description": null, "addr:street": null, "addr:postcode": null, "addr:housenumber": null, "addr:city": null, "zone": "11", "region": "6", "Perimeter": "80.73844", "name": null, "healthcare": null, "emergency": null, "amenity": null }, "geometry": { "type": "MultiPolygon", "coordinates": [ [ [ [ 51.4214553, 35.7194197 ], [ 51.4215738, 35.7194663 ], [ 51.4216176, 35.719396 ], [ 51.4216691, 35.7193181 ], [ 51.4216955, 35.7192792 ], [ 51.4217197, 35.7192425 ], [ 51.4215992, 35.7191917 ], [ 51.4215565, 35.7192579 ], [ 51.4215484, 35.7192709 ], [ 51.4214553, 35.7194197 ] ] ] ] } },
{ "type": "Feature", "properties": { "full_id": "w671614311", "osm_id": "671614311", "osm_type": "way", "building": "yes", "building:flats": null, "nat_name": null, "height": null, "craft": null, "image": null, "email": null, "name:en": null, "building:levels": null, "website": null, "phone": null, "opening_hours": null, "office": null, "description": null, "addr:street": null, "addr:postcode": null, "addr:housenumber": null, "addr:city": null, "zone": "11", "region": "6", "Perimeter": "84.83018", "name": null, "healthcare": null, "emergency": null, "amenity": null }, "geometry": { "type": "MultiPolygon", "coordinates": [ [ [ [ 51.424009, 35.7162735 ], [ 51.4240728, 35.7162738 ], [ 51.4240727, 35.7162654 ], [ 51.4241267, 35.7162654 ], [ 51.4241266, 35.716102 ], [ 51.4241265, 35.7160829 ], [ 51.4241265, 35.7160558 ], [ 51.424126, 35.7159824 ], [ 51.4240065, 35.7159942 ], [ 51.4240078, 35.7160832 ], [ 51.4240079, 35.7161106 ], [ 51.424008, 35.7161205 ], [ 51.4240084, 35.7161801 ], [ 51.4240091, 35.716268 ], [ 51.424009, 35.7162735 ] ] ] ] } },
{ "type": "Feature", "properties": { "full_id": "w671615015", "osm_id": "671615015", "osm_type": "way", "building": "yes", "building:flats": null, "nat_name": null, "height": null, "craft": null, "image": null, "email": null, "name:en": null, "building:levels": null, "website": null, "phone": null, "opening_hours": null, "office": null, "description": null, "addr:street": null, "addr:postcode": null, "addr:housenumber": null, "addr:city": null, "zone": "11", "region": "6", "Perimeter": "61.38185", "name": null, "healthcare": null, "emergency": null, "amenity": null }, "geometry": { "type": "MultiPolygon", "coordinates": [ [ [ [ 51.4193736, 35.7194689 ], [ 51.4194716, 35.7194712 ], [ 51.4194742, 35.7193857 ], [ 51.4194752, 35.7193477 ], [ 51.4194755, 35.7193383 ], [ 51.419477, 35.7192742 ], [ 51.4194499, 35.7192737 ], [ 51.4194175, 35.7192733 ], [ 51.4193851, 35.7192729 ], [ 51.4193787, 35.7192728 ], [ 51.4193777, 35.7193256 ], [ 51.4193774, 35.7193351 ], [ 51.4193736, 35.7194689 ] ] ] ] } },
{ "type": "Feature", "properties": { "full_id": "w671614310", "osm_id": "671614310", "osm_type": "way", "building": "yes", "building:flats": null, "nat_name": null, "height": null, "craft": null, "image": null, "email": null, "name:en": null, "building:levels": null, "website": null, "phone": null, "opening_hours": null, "office": null, "description": null, "addr:street": null, "addr:postcode": null, "addr:housenumber": null, "addr:city": null, "zone": "11", "region": "6", "Perimeter": "65.60293", "name": null, "healthcare": null, "emergency": null, "amenity": null }, "geometry": { "type": "MultiPolygon", "coordinates": [ [ [ [ 51.4234869, 35.7162729 ], [ 51.4235094, 35.7162731 ], [ 51.4235555, 35.7162737 ], [ 51.4235561, 35.7162281 ], [ 51.4235568, 35.7161479 ], [ 51.4235569, 35.7161306 ], [ 51.4235558, 35.7160653 ], [ 51.4235542, 35.7160286 ], [ 51.4234901, 35.7160352 ], [ 51.423489, 35.7160557 ], [ 51.4234887, 35.7160659 ], [ 51.4234886, 35.7161324 ], [ 51.4234885, 35.7161476 ], [ 51.4234878, 35.7162157 ], [ 51.4234869, 35.7162729 ] ] ] ] } },
{ "type": "Feature", "properties": { "full_id": "w671615000", "osm_id": "671615000", "osm_type": "way", "building": "yes", "building:flats": null, "nat_name": null, "height": null, "craft": null, "image": null, "email": null, "name:en": null, "building:levels": null, "website": null, "phone": null, "opening_hours": null, "office": null, "description": null, "addr:street": null, "addr:postcode": null, "addr:housenumber": null, "addr:city": null, "zone": "11", "region": "6", "Perimeter": "72.75788", "name": null, "healthcare": null, "emergency": null, "amenity": null }, "geometry": { "type": "MultiPolygon", "coordinates": [ [ [ [ 51.419773, 35.7193996 ], [ 51.4198224, 35.7194007 ], [ 51.4198819, 35.7194022 ], [ 51.4198825, 35.7193842 ], [ 51.4198852, 35.7193098 ], [ 51.4198912, 35.719214 ], [ 51.4198949, 35.7191744 ], [ 51.4197837, 35.7191536 ], [ 51.4197819, 35.7191827 ], [ 51.4197795, 35.7192276 ], [ 51.4197777, 35.7192665 ], [ 51.4197771, 35.7192808 ], [ 51.419776, 35.7193068 ], [ 51.4197748, 35.7193437 ], [ 51.419773, 35.7193996 ] ] ] ] } },
{ "type": "Feature", "properties": { "full_id": "w671615005", "osm_id": "671615005", "osm_type": "way", "building": "yes", "building:flats": null, "nat_name": null, "height": null, "craft": null, "image": null, "email": null, "name:en": null, "building:levels": null, "website": null, "phone": null, "opening_hours": null, "office": null, "description": null, "addr:street": null, "addr:postcode": null, "addr:housenumber": null, "addr:city": null, "zone": "11", "region": "6", "Perimeter": "81.53206", "name": null, "healthcare": null, "emergency": null, "amenity": null }, "geometry": { "type": "MultiPolygon", "coordinates": [ [ [ [ 51.4213374, 35.7193739 ], [ 51.4214553, 35.7194197 ], [ 51.4215484, 35.7192709 ], [ 51.4215565, 35.7192579 ], [ 51.4215992, 35.7191917 ], [ 51.4215606, 35.7191756 ], [ 51.4215154, 35.7191574 ], [ 51.4214737, 35.7191411 ], [ 51.4214337, 35.7192075 ], [ 51.4214256, 35.7192209 ], [ 51.4213374, 35.7193739 ] ] ] ] } },
{ "type": "Feature", "properties": { "full_id": "w671615066", "osm_id": "671615066", "osm_type": "way", "building": "yes", "building:flats": null, "nat_name": null, "height": null, "craft": null, "image": null, "email": null, "name:en": null, "building:levels": null, "website": null, "phone": null, "opening_hours": null, "office": null, "description": null, "addr:street": null, "addr:postcode": null, "addr:housenumber": null, "addr:city": null, "zone": "11", "region": "6", "Perimeter": "51.31765", "name": null, "healthcare": null, "emergency": null, "amenity": null }, "geometry": { "type": "MultiPolygon", "coordinates": [ [ [ [ 51.4211795, 35.7196827 ], [ 51.4212584, 35.7197152 ], [ 51.4212814, 35.7196788 ], [ 51.4213015, 35.719648 ], [ 51.4213131, 35.7196304 ], [ 51.4213362, 35.7195957 ], [ 51.4212109, 35.7195442 ], [ 51.4211982, 35.7196003 ], [ 51.4211795, 35.7196827 ] ] ] ] } },
{ "type": "Feature", "properties": { "full_id": "w671614288", "osm_id": "671614288", "osm_type": "way", "building": "yes", "building:flats": null, "nat_name": null, "height": null, "craft": null, "image": null, "email": null, "name:en": null, "building:levels": null, "website": null, "phone": null, "opening_hours": null, "office": null, "description": null, "addr:street": null, "addr:postcode": null, "addr:housenumber": null, "addr:city": null, "zone": "11", "region": "6", "Perimeter": "75.67772", "name": null, "healthcare": null, "emergency": null, "amenity": null }, "geometry": { "type": "MultiPolygon", "coordinates": [ [ [ [ 51.4229042, 35.7160198 ], [ 51.4229886, 35.7160204 ], [ 51.4230281, 35.7160205 ], [ 51.4230534, 35.7160207 ], [ 51.4230536, 35.7159863 ], [ 51.4230534, 35.7159269 ], [ 51.423053, 35.7158534 ], [ 51.4230537, 35.7158019 ], [ 51.4229561, 35.715799 ], [ 51.4229073, 35.7157974 ], [ 51.4229053, 35.7158614 ], [ 51.4229047, 35.7159351 ], [ 51.4229046, 35.7159578 ], [ 51.4229042, 35.7160198 ] ] ] ] } },
{ "type": "Feature", "properties": { "full_id": "w671614287", "osm_id": "671614287", "osm_type": "way", "building": "yes", "building:flats": null, "nat_name": null, "height": null, "craft": null, "image": null, "email": null, "name:en": null, "building:levels": null, "website": null, "phone": null, "opening_hours": null, "office": null, "description": null, "addr:street": null, "addr:postcode": null, "addr:housenumber": null, "addr:city": null, "zone": "11", "region": "6", "Perimeter": "76.22295", "name": null, "healthcare": null, "emergency": null, "amenity": null }, "geometry": { "type": "MultiPolygon", "coordinates": [ [ [ [ 51.4227588, 35.7160191 ], [ 51.4227831, 35.7160192 ], [ 51.4228091, 35.7160193 ], [ 51.4229042, 35.7160198 ], [ 51.4229046, 35.7159578 ], [ 51.4229047, 35.7159351 ], [ 51.4229053, 35.7158614 ], [ 51.4229073, 35.7157974 ], [ 51.4228195, 35.7157942 ], [ 51.422761, 35.7157922 ], [ 51.422759, 35.71586 ], [ 51.4227587, 35.715946 ], [ 51.4227588, 35.7160031 ], [ 51.4227588, 35.7160191 ] ] ] ] } },
{ "type": "Feature", "properties": { "full_id": "w671614289", "osm_id": "671614289", "osm_type": "way", "building": "yes", "building:flats": null, "nat_name": null, "height": null, "craft": null, "image": null, "email": null, "name:en": null, "building:levels": null, "website": null, "phone": null, "opening_hours": null, "office": null, "description": null, "addr:street": null, "addr:postcode": null, "addr:housenumber": null, "addr:city": null, "zone": "11", "region": "6", "Perimeter": "128.29922", "name": null, "healthcare": null, "emergency": null, "amenity": null }, "geometry": { "type": "MultiPolygon", "coordinates": [ [ [ [ 51.4232414, 35.7160222 ], [ 51.4232632, 35.7160225 ], [ 51.4231982, 35.7158774 ], [ 51.4231755, 35.7158323 ], [ 51.4231637, 35.7158097 ], [ 51.4231625, 35.7157759 ], [ 51.4231609, 35.7157433 ], [ 51.4231527, 35.7155779 ], [ 51.4230863, 35.7155753 ], [ 51.4230852, 35.7157436 ], [ 51.4230856, 35.7157771 ], [ 51.4230858, 35.7157889 ], [ 51.4230858, 35.7158023 ], [ 51.4230537, 35.7158019 ], [ 51.423053, 35.7158534 ], [ 51.4230534, 35.7159269 ], [ 51.4230536, 35.7159863 ], [ 51.4230534, 35.7160207 ], [ 51.4230825, 35.7160208 ], [ 51.4232414, 35.7160222 ] ] ] ] } },
{ "type": "Feature", "properties": { "full_id": "w671615058", "osm_id": "671615058", "osm_type": "way", "building": "yes", "building:flats": null, "nat_name": null, "height": null, "craft": null, "image": null, "email": null, "name:en": null, "building:levels": null, "website": null, "phone": null, "opening_hours": null, "office": null, "description": null, "addr:street": null, "addr:postcode": null, "addr:housenumber": null, "addr:city": null, "zone": "11", "region": "6", "Perimeter": "39.68632", "name": null, "healthcare": null, "emergency": null, "amenity": null }, "geometry": { "type": "MultiPolygon", "coordinates": [ [ [ [ 51.4192562, 35.7196456 ], [ 51.4193018, 35.7196464 ], [ 51.4193345, 35.719647 ], [ 51.419335, 35.7196288 ], [ 51.4193382, 35.7195518 ], [ 51.4193392, 35.7195329 ], [ 51.4192615, 35.7195293 ], [ 51.4192603, 35.7195495 ], [ 51.4192575, 35.7196094 ], [ 51.4192565, 35.7196355 ], [ 51.4192562, 35.7196456 ] ] ] ] } },
{ "type": "Feature", "properties": { "full_id": "w671615060", "osm_id": "671615060", "osm_type": "way", "building": "yes", "building:flats": null, "nat_name": null, "height": null, "craft": null, "image": null, "email": null, "name:en": null, "building:levels": null, "website": null, "phone": null, "opening_hours": null, "office": null, "description": null, "addr:street": null, "addr:postcode": null, "addr:housenumber": null, "addr:city": null, "zone": "11", "region": "6", "Perimeter": "56.60254", "name": null, "healthcare": null, "emergency": null, "amenity": null }, "geometry": { "type": "MultiPolygon", "coordinates": [ [ [ [ 51.4194927, 35.7196527 ], [ 51.4195022, 35.719653 ], [ 51.4195687, 35.7196545 ], [ 51.4195695, 35.7196304 ], [ 51.4195725, 35.7195407 ], [ 51.419573, 35.7195239 ], [ 51.4194206, 35.7195204 ], [ 51.4194198, 35.7195362 ], [ 51.4194193, 35.7195475 ], [ 51.4194154, 35.7196506 ], [ 51.4194927, 35.7196527 ] ] ] ] } },
{ "type": "Feature", "properties": { "full_id": "w671614373", "osm_id": "671614373", "osm_type": "way", "building": "yes", "building:flats": null, "nat_name": null, "height": null, "craft": null, "image": null, "email": null, "name:en": null, "building:levels": null, "website": null, "phone": null, "opening_hours": null, "office": null, "description": null, "addr:street": null, "addr:postcode": null, "addr:housenumber": null, "addr:city": null, "zone": "11", "region": "6", "Perimeter": "75.2536", "name": null, "healthcare": null, "emergency": null, "amenity": null }, "geometry": { "type": "MultiPolygon", "coordinates": [ [ [ [ 51.4204429, 35.7165085 ], [ 51.4205888, 35.7165115 ], [ 51.4205925, 35.7164005 ], [ 51.4205935, 35.7163782 ], [ 51.4205948, 35.7163487 ], [ 51.4205969, 35.7162887 ], [ 51.420534, 35.7162874 ], [ 51.4204931, 35.7162864 ], [ 51.4204583, 35.7162854 ], [ 51.420455, 35.7163445 ], [ 51.4204511, 35.7164006 ], [ 51.4204486, 35.7164308 ], [ 51.4204454, 35.7164667 ], [ 51.4204429, 35.7165085 ] ] ] ] } },
{ "type": "Feature", "properties": { "full_id": "w671615059", "osm_id": "671615059", "osm_type": "way", "building": "yes", "building:flats": null, "nat_name": null, "height": null, "craft": null, "image": null, "email": null, "name:en": null, "building:levels": null, "website": null, "phone": null, "opening_hours": null, "office": null, "description": null, "addr:street": null, "addr:postcode": null, "addr:housenumber": null, "addr:city": null, "zone": "11", "region": "6", "Perimeter": "40.18218", "name": null, "healthcare": null, "emergency": null, "amenity": null }, "geometry": { "type": "MultiPolygon", "coordinates": [ [ [ [ 51.4193345, 35.719647 ], [ 51.4193596, 35.7196475 ], [ 51.419378, 35.7196479 ], [ 51.419378, 35.7196497 ], [ 51.4194154, 35.7196506 ], [ 51.4194193, 35.7195475 ], [ 51.4194198, 35.7195362 ], [ 51.4193392, 35.7195329 ], [ 51.4193382, 35.7195518 ], [ 51.419335, 35.7196288 ], [ 51.4193345, 35.719647 ] ] ] ] } },
{ "type": "Feature", "properties": { "full_id": "w671614372", "osm_id": "671614372", "osm_type": "way", "building": "yes", "building:flats": null, "nat_name": null, "height": null, "craft": null, "image": null, "email": null, "name:en": null, "building:levels": null, "website": null, "phone": null, "opening_hours": null, "office": null, "description": null, "addr:street": null, "addr:postcode": null, "addr:housenumber": null, "addr:city": null, "zone": "11", "region": "6", "Perimeter": "72.05066", "name": null, "healthcare": null, "emergency": null, "amenity": null }, "geometry": { "type": "MultiPolygon", "coordinates": [ [ [ [ 51.4204429, 35.7165085 ], [ 51.4204454, 35.7164667 ], [ 51.4204486, 35.7164308 ], [ 51.4204511, 35.7164006 ], [ 51.420455, 35.7163445 ], [ 51.4204583, 35.7162854 ], [ 51.4203919, 35.7162828 ], [ 51.4202727, 35.71649 ], [ 51.4203013, 35.7165047 ], [ 51.4204429, 35.7165085 ] ] ] ] } },
{ "type": "Feature", "properties": { "full_id": "w671614375", "osm_id": "671614375", "osm_type": "way", "building": "yes", "building:flats": null, "nat_name": null, "height": null, "craft": null, "image": null, "email": null, "name:en": null, "building:levels": null, "website": null, "phone": null, "opening_hours": null, "office": null, "description": null, "addr:street": null, "addr:postcode": null, "addr:housenumber": null, "addr:city": null, "zone": "11", "region": "6", "Perimeter": "76.04163", "name": null, "healthcare": null, "emergency": null, "amenity": null }, "geometry": { "type": "MultiPolygon", "coordinates": [ [ [ [ 51.4207328, 35.7165138 ], [ 51.4208756, 35.7165177 ], [ 51.4208784, 35.7164673 ], [ 51.4208791, 35.7164555 ], [ 51.4208818, 35.7164091 ], [ 51.4208826, 35.716394 ], [ 51.4208846, 35.7163551 ], [ 51.420887, 35.716292 ], [ 51.420831, 35.7162913 ], [ 51.4207646, 35.7162905 ], [ 51.4207405, 35.7162902 ], [ 51.4207383, 35.7163689 ], [ 51.4207379, 35.7163783 ], [ 51.4207371, 35.716397 ], [ 51.4207346, 35.7164578 ], [ 51.4207328, 35.7165138 ] ] ] ] } },
{ "type": "Feature", "properties": { "full_id": "w671614374", "osm_id": "671614374", "osm_type": "way", "building": "yes", "building:flats": null, "nat_name": null, "height": null, "craft": null, "image": null, "email": null, "name:en": null, "building:levels": null, "website": null, "phone": null, "opening_hours": null, "office": null, "description": null, "addr:street": null, "addr:postcode": null, "addr:housenumber": null, "addr:city": null, "zone": "11", "region": "6", "Perimeter": "75.5437", "name": null, "healthcare": null, "emergency": null, "amenity": null }, "geometry": { "type": "MultiPolygon", "coordinates": [ [ [ [ 51.4205888, 35.7165115 ], [ 51.4207328, 35.7165138 ], [ 51.4207346, 35.7164578 ], [ 51.4207371, 35.716397 ], [ 51.4207379, 35.7163783 ], [ 51.4207383, 35.7163689 ], [ 51.4207405, 35.7162902 ], [ 51.4207213, 35.71629 ], [ 51.4206829, 35.7162897 ], [ 51.4205969, 35.7162887 ], [ 51.4205948, 35.7163487 ], [ 51.4205935, 35.7163782 ], [ 51.4205925, 35.7164005 ], [ 51.4205888, 35.7165115 ] ] ] ] } },
{ "type": "Feature", "properties": { "full_id": "w671615044", "osm_id": "671615044", "osm_type": "way", "building": "yes", "building:flats": null, "nat_name": null, "height": null, "craft": null, "image": null, "email": null, "name:en": null, "building:levels": null, "website": null, "phone": null, "opening_hours": null, "office": null, "description": null, "addr:street": null, "addr:postcode": null, "addr:housenumber": null, "addr:city": null, "zone": "11", "region": "6", "Perimeter": "86.8071", "name": null, "healthcare": null, "emergency": null, "amenity": null }, "geometry": { "type": "MultiPolygon", "coordinates": [ [ [ [ 51.4208016, 35.7195542 ], [ 51.4208976, 35.7195569 ], [ 51.4209599, 35.7195589 ], [ 51.4209858, 35.7195597 ], [ 51.4209934, 35.7195345 ], [ 51.4210067, 35.7194921 ], [ 51.4210248, 35.7194346 ], [ 51.4210396, 35.7193779 ], [ 51.4209853, 35.7193711 ], [ 51.4209713, 35.7193693 ], [ 51.4207899, 35.7193364 ], [ 51.4207846, 35.7194208 ], [ 51.4207842, 35.7194272 ], [ 51.4207782, 35.7195281 ], [ 51.4207769, 35.7195535 ], [ 51.4208016, 35.7195542 ] ] ] ] } },
{ "type": "Feature", "properties": { "full_id": "w671615051", "osm_id": "671615051", "osm_type": "way", "building": "yes", "building:flats": null, "nat_name": null, "height": null, "craft": null, "image": null, "email": null, "name:en": null, "building:levels": null, "website": null, "phone": null, "opening_hours": null, "office": null, "description": null, "addr:street": null, "addr:postcode": null, "addr:housenumber": null, "addr:city": null, "zone": "11", "region": "6", "Perimeter": "57.0623", "name": null, "healthcare": null, "emergency": null, "amenity": null }, "geometry": { "type": "MultiPolygon", "coordinates": [ [ [ [ 51.4212109, 35.7195442 ], [ 51.4213362, 35.7195957 ], [ 51.4214096, 35.7194854 ], [ 51.4213163, 35.7194443 ], [ 51.4213181, 35.7194417 ], [ 51.4212738, 35.7194221 ], [ 51.4212353, 35.7194366 ], [ 51.4212109, 35.7195442 ] ] ] ] } },
{ "type": "Feature", "properties": { "full_id": "w671615036", "osm_id": "671615036", "osm_type": "way", "building": "yes", "building:flats": null, "nat_name": null, "height": null, "craft": null, "image": null, "email": null, "name:en": null, "building:levels": null, "website": null, "phone": null, "opening_hours": null, "office": null, "description": null, "addr:street": null, "addr:postcode": null, "addr:housenumber": null, "addr:city": null, "zone": "11", "region": "6", "Perimeter": "75.94969", "name": null, "healthcare": null, "emergency": null, "amenity": null }, "geometry": { "type": "MultiPolygon", "coordinates": [ [ [ [ 51.4203485, 35.7195406 ], [ 51.4203913, 35.7195421 ], [ 51.42043, 35.7195434 ], [ 51.4204322, 35.7194938 ], [ 51.420436, 35.7193941 ], [ 51.4204366, 35.7193757 ], [ 51.4204396, 35.7192726 ], [ 51.4203616, 35.7192586 ], [ 51.4203566, 35.7193739 ], [ 51.4203485, 35.7195406 ] ] ] ] } },
{ "type": "Feature", "properties": { "full_id": "w671614344", "osm_id": "671614344", "osm_type": "way", "building": "yes", "building:flats": null, "nat_name": null, "height": null, "craft": null, "image": null, "email": null, "name:en": null, "building:levels": null, "website": null, "phone": null, "opening_hours": null, "office": null, "description": null, "addr:street": null, "addr:postcode": null, "addr:housenumber": null, "addr:city": null, "zone": "11", "region": "6", "Perimeter": "75.38649", "name": null, "healthcare": null, "emergency": null, "amenity": null }, "geometry": { "type": "MultiPolygon", "coordinates": [ [ [ [ 51.4223977, 35.7163306 ], [ 51.4224472, 35.7163315 ], [ 51.4225342, 35.7163323 ], [ 51.4225345, 35.7163198 ], [ 51.4225348, 35.7163111 ], [ 51.4225398, 35.7161861 ], [ 51.4225401, 35.7161801 ], [ 51.4225434, 35.7161039 ], [ 51.4224081, 35.7161014 ], [ 51.4224052, 35.7161762 ], [ 51.4224042, 35.7161969 ], [ 51.4223977, 35.7163306 ] ] ] ] } },
{ "type": "Feature", "properties": { "full_id": "w671615035", "osm_id": "671615035", "osm_type": "way", "building": "yes", "building:flats": null, "nat_name": null, "height": null, "craft": null, "image": null, "email": null, "name:en": null, "building:levels": null, "website": null, "phone": null, "opening_hours": null, "office": null, "description": null, "addr:street": null, "addr:postcode": null, "addr:housenumber": null, "addr:city": null, "zone": "11", "region": "6", "Perimeter": "76.75628", "name": null, "healthcare": null, "emergency": null, "amenity": null }, "geometry": { "type": "MultiPolygon", "coordinates": [ [ [ [ 51.4202799, 35.7195385 ], [ 51.4203126, 35.7195395 ], [ 51.4203485, 35.7195406 ], [ 51.4203566, 35.7193739 ], [ 51.4203616, 35.7192586 ], [ 51.4202893, 35.7192454 ], [ 51.4202846, 35.7193725 ], [ 51.4202837, 35.7194121 ], [ 51.4202832, 35.7194325 ], [ 51.4202816, 35.7194888 ], [ 51.4202799, 35.7195385 ] ] ] ] } },
{ "type": "Feature", "properties": { "full_id": "w671614342", "osm_id": "671614342", "osm_type": "way", "building": "yes", "building:flats": null, "nat_name": null, "height": null, "craft": null, "image": null, "email": null, "name:en": null, "building:levels": null, "website": null, "phone": null, "opening_hours": null, "office": null, "description": null, "addr:street": null, "addr:postcode": null, "addr:housenumber": null, "addr:city": null, "zone": "11", "region": "6", "Perimeter": "76.18064", "name": null, "healthcare": null, "emergency": null, "amenity": null }, "geometry": { "type": "MultiPolygon", "coordinates": [ [ [ [ 51.4222597, 35.7163289 ], [ 51.4222967, 35.7163293 ], [ 51.4223615, 35.7163299 ], [ 51.4223977, 35.7163306 ], [ 51.4224042, 35.7161969 ], [ 51.4224052, 35.7161762 ], [ 51.4224081, 35.7161014 ], [ 51.4222672, 35.716099 ], [ 51.4222645, 35.716192 ], [ 51.4222637, 35.7162125 ], [ 51.4222597, 35.7163289 ] ] ] ] } },
{ "type": "Feature", "properties": { "full_id": "w671614349", "osm_id": "671614349", "osm_type": "way", "building": "yes", "building:flats": null, "nat_name": null, "height": null, "craft": null, "image": null, "email": null, "name:en": null, "building:levels": null, "website": null, "phone": null, "opening_hours": null, "office": null, "description": null, "addr:street": null, "addr:postcode": null, "addr:housenumber": null, "addr:city": null, "zone": "11", "region": "6", "Perimeter": "64.93565", "name": null, "healthcare": null, "emergency": null, "amenity": null }, "geometry": { "type": "MultiPolygon", "coordinates": [ [ [ [ 51.4226056, 35.7163402 ], [ 51.4226407, 35.7163408 ], [ 51.4226756, 35.7163417 ], [ 51.4226765, 35.716317 ], [ 51.4226816, 35.7161893 ], [ 51.4226819, 35.7161802 ], [ 51.4226828, 35.7161582 ], [ 51.4226846, 35.7161067 ], [ 51.4226134, 35.7161052 ], [ 51.4226117, 35.7161549 ], [ 51.4226107, 35.7161785 ], [ 51.4226104, 35.7161876 ], [ 51.4226058, 35.7163333 ], [ 51.4226056, 35.7163402 ] ] ] ] } },
{ "type": "Feature", "properties": { "full_id": "w671615037", "osm_id": "671615037", "osm_type": "way", "building": "yes", "building:flats": null, "nat_name": null, "height": null, "craft": null, "image": null, "email": null, "name:en": null, "building:levels": null, "website": null, "phone": null, "opening_hours": null, "office": null, "description": null, "addr:street": null, "addr:postcode": null, "addr:housenumber": null, "addr:city": null, "zone": "11", "region": "6", "Perimeter": "75.2392", "name": null, "healthcare": null, "emergency": null, "amenity": null }, "geometry": { "type": "MultiPolygon", "coordinates": [ [ [ [ 51.4204955, 35.7195454 ], [ 51.4205213, 35.719546 ], [ 51.4205216, 35.7195353 ], [ 51.4205229, 35.7195017 ], [ 51.4205266, 35.7193962 ], [ 51.4205269, 35.7193892 ], [ 51.4205306, 35.7192892 ], [ 51.4204396, 35.7192726 ], [ 51.4204366, 35.7193757 ], [ 51.420436, 35.7193941 ], [ 51.4204322, 35.7194938 ], [ 51.42043, 35.7195434 ], [ 51.4204748, 35.7195448 ], [ 51.4204955, 35.7195454 ] ] ] ] } },
{ "type": "Feature", "properties": { "full_id": "w671614347", "osm_id": "671614347", "osm_type": "way", "building": "yes", "building:flats": null, "nat_name": null, "height": null, "craft": null, "image": null, "email": null, "name:en": null, "building:levels": null, "website": null, "phone": null, "opening_hours": null, "office": null, "description": null, "addr:street": null, "addr:postcode": null, "addr:housenumber": null, "addr:city": null, "zone": "11", "region": "6", "Perimeter": "63.46424", "name": null, "healthcare": null, "emergency": null, "amenity": null }, "geometry": { "type": "MultiPolygon", "coordinates": [ [ [ [ 51.4225342, 35.7163323 ], [ 51.4225688, 35.7163327 ], [ 51.4226058, 35.7163333 ], [ 51.4226104, 35.7161876 ], [ 51.4226107, 35.7161785 ], [ 51.4226117, 35.7161549 ], [ 51.4226134, 35.7161052 ], [ 51.4225894, 35.7161048 ], [ 51.4225434, 35.7161039 ], [ 51.4225401, 35.7161801 ], [ 51.4225398, 35.7161861 ], [ 51.4225348, 35.7163111 ], [ 51.4225345, 35.7163198 ], [ 51.4225342, 35.7163323 ] ] ] ] } },
{ "type": "Feature", "properties": { "full_id": "w671615040", "osm_id": "671615040", "osm_type": "way", "building": "yes", "building:flats": null, "nat_name": null, "height": null, "craft": null, "image": null, "email": null, "name:en": null, "building:levels": null, "website": null, "phone": null, "opening_hours": null, "office": null, "description": null, "addr:street": null, "addr:postcode": null, "addr:housenumber": null, "addr:city": null, "zone": "11", "region": "6", "Perimeter": "69.81497", "name": null, "healthcare": null, "emergency": null, "amenity": null }, "geometry": { "type": "MultiPolygon", "coordinates": [ [ [ [ 51.420651, 35.7195497 ], [ 51.4206918, 35.719551 ], [ 51.4206922, 35.7195418 ], [ 51.4206931, 35.7195245 ], [ 51.4206999, 35.7194162 ], [ 51.4207011, 35.7193946 ], [ 51.4207051, 35.7193209 ], [ 51.4206105, 35.7193037 ], [ 51.4206065, 35.7193914 ], [ 51.4205996, 35.719539 ], [ 51.4205994, 35.7195436 ], [ 51.4205992, 35.7195481 ], [ 51.420651, 35.7195497 ] ] ] ] } },
{ "type": "Feature", "properties": { "full_id": "w671614355", "osm_id": "671614355", "osm_type": "way", "building": "yes", "building:flats": null, "nat_name": null, "height": null, "craft": null, "image": null, "email": null, "name:en": null, "building:levels": null, "website": null, "phone": null, "opening_hours": null, "office": null, "description": null, "addr:street": null, "addr:postcode": null, "addr:housenumber": null, "addr:city": null, "zone": "11", "region": "6", "Perimeter": "78.1505", "name": null, "healthcare": null, "emergency": null, "amenity": null }, "geometry": { "type": "MultiPolygon", "coordinates": [ [ [ [ 51.4228122, 35.7163453 ], [ 51.4228949, 35.7163475 ], [ 51.4229582, 35.7163489 ], [ 51.42296, 35.7162888 ], [ 51.4229614, 35.7162408 ], [ 51.4229626, 35.716199 ], [ 51.4229631, 35.7161843 ], [ 51.422964, 35.7161294 ], [ 51.4229389, 35.7161124 ], [ 51.4228164, 35.7161096 ], [ 51.4228145, 35.7161615 ], [ 51.4228135, 35.7161871 ], [ 51.422818, 35.7161872 ], [ 51.4228178, 35.7161956 ], [ 51.4228162, 35.7162381 ], [ 51.4228136, 35.7163096 ], [ 51.4228127, 35.716332 ], [ 51.4228122, 35.7163453 ] ] ] ] } },
{ "type": "Feature", "properties": { "full_id": "w671615039", "osm_id": "671615039", "osm_type": "way", "building": "yes", "building:flats": null, "nat_name": null, "height": null, "craft": null, "image": null, "email": null, "name:en": null, "building:levels": null, "website": null, "phone": null, "opening_hours": null, "office": null, "description": null, "addr:street": null, "addr:postcode": null, "addr:housenumber": null, "addr:city": null, "zone": "11", "region": "6", "Perimeter": "70.08961", "name": null, "healthcare": null, "emergency": null, "amenity": null }, "geometry": { "type": "MultiPolygon", "coordinates": [ [ [ [ 51.4205751, 35.7195474 ], [ 51.4205992, 35.7195481 ], [ 51.4205994, 35.7195436 ], [ 51.4205996, 35.719539 ], [ 51.4206065, 35.7193914 ], [ 51.4206105, 35.7193037 ], [ 51.4205306, 35.7192892 ], [ 51.4205269, 35.7193892 ], [ 51.4205266, 35.7193962 ], [ 51.4205229, 35.7195017 ], [ 51.4205216, 35.7195353 ], [ 51.4205213, 35.719546 ], [ 51.4205751, 35.7195474 ] ] ] ] } },
{ "type": "Feature", "properties": { "full_id": "w671614352", "osm_id": "671614352", "osm_type": "way", "building": "yes", "building:flats": null, "nat_name": null, "height": null, "craft": null, "image": null, "email": null, "name:en": null, "building:levels": null, "website": null, "phone": null, "opening_hours": null, "office": null, "description": null, "addr:street": null, "addr:postcode": null, "addr:housenumber": null, "addr:city": null, "zone": "11", "region": "6", "Perimeter": "76.9262", "name": null, "healthcare": null, "emergency": null, "amenity": null }, "geometry": { "type": "MultiPolygon", "coordinates": [ [ [ [ 51.4226756, 35.7163417 ], [ 51.4227173, 35.7163427 ], [ 51.4228122, 35.7163453 ], [ 51.4228127, 35.716332 ], [ 51.4228136, 35.7163096 ], [ 51.4228162, 35.7162381 ], [ 51.4228178, 35.7161956 ], [ 51.422818, 35.7161872 ], [ 51.4228135, 35.7161871 ], [ 51.4228145, 35.7161615 ], [ 51.4228164, 35.7161096 ], [ 51.4226846, 35.7161067 ], [ 51.4226828, 35.7161582 ], [ 51.4226819, 35.7161802 ], [ 51.4226816, 35.7161893 ], [ 51.4226765, 35.716317 ], [ 51.4226756, 35.7163417 ] ] ] ] } },
{ "type": "Feature", "properties": { "full_id": "w671615042", "osm_id": "671615042", "osm_type": "way", "building": "yes", "building:flats": null, "nat_name": null, "height": null, "craft": null, "image": null, "email": null, "name:en": null, "building:levels": null, "website": null, "phone": null, "opening_hours": null, "office": null, "description": null, "addr:street": null, "addr:postcode": null, "addr:housenumber": null, "addr:city": null, "zone": "11", "region": "6", "Perimeter": "65.2214", "name": null, "healthcare": null, "emergency": null, "amenity": null }, "geometry": { "type": "MultiPolygon", "coordinates": [ [ [ [ 51.4207288, 35.7195519 ], [ 51.4207335, 35.7195521 ], [ 51.4207769, 35.7195535 ], [ 51.4207782, 35.7195281 ], [ 51.4207842, 35.7194272 ], [ 51.4207846, 35.7194208 ], [ 51.4207899, 35.7193364 ], [ 51.4207051, 35.7193209 ], [ 51.4207011, 35.7193946 ], [ 51.4206999, 35.7194162 ], [ 51.4206931, 35.7195245 ], [ 51.4206922, 35.7195418 ], [ 51.4206918, 35.719551 ], [ 51.4207288, 35.7195519 ] ] ] ] } },
{ "type": "Feature", "properties": { "full_id": "w671614326", "osm_id": "671614326", "osm_type": "way", "building": "yes", "building:flats": null, "nat_name": null, "height": null, "craft": null, "image": null, "email": null, "name:en": null, "building:levels": null, "website": null, "phone": null, "opening_hours": null, "office": null, "description": null, "addr:street": null, "addr:postcode": null, "addr:housenumber": null, "addr:city": null, "zone": "11", "region": "6", "Perimeter": "75.36877", "name": null, "healthcare": null, "emergency": null, "amenity": null }, "geometry": { "type": "MultiPolygon", "coordinates": [ [ [ [ 51.4210585, 35.7162935 ], [ 51.4210928, 35.7162933 ], [ 51.421154, 35.7162937 ], [ 51.4212001, 35.7162943 ], [ 51.4212008, 35.7162706 ], [ 51.4212027, 35.7161661 ], [ 51.4212028, 35.7161446 ], [ 51.4212036, 35.7160713 ], [ 51.4210598, 35.7160698 ], [ 51.4210586, 35.7161415 ], [ 51.4210583, 35.7161659 ], [ 51.4210583, 35.7162055 ], [ 51.4210584, 35.7162794 ], [ 51.4210584, 35.7162815 ], [ 51.4210585, 35.7162935 ] ] ] ] } },
{ "type": "Feature", "properties": { "full_id": "w671614936", "osm_id": "671614936", "osm_type": "way", "building": "yes", "building:flats": null, "nat_name": null, "height": null, "craft": null, "image": null, "email": null, "name:en": null, "building:levels": null, "website": null, "phone": null, "opening_hours": null, "office": null, "description": null, "addr:street": null, "addr:postcode": null, "addr:housenumber": null, "addr:city": null, "zone": "11", "region": "6", "Perimeter": "62.48336", "name": null, "healthcare": null, "emergency": null, "amenity": null }, "geometry": { "type": "MultiPolygon", "coordinates": [ [ [ [ 51.4213343, 35.719083 ], [ 51.4213452, 35.7190876 ], [ 51.4213917, 35.7191072 ], [ 51.4214802, 35.7189723 ], [ 51.4214844, 35.7189657 ], [ 51.4215128, 35.7189186 ], [ 51.4214532, 35.7188959 ], [ 51.4214308, 35.71889 ], [ 51.4214319, 35.7189087 ], [ 51.4214349, 35.7189269 ], [ 51.4214259, 35.7189414 ], [ 51.4213538, 35.7190583 ], [ 51.421342, 35.7190535 ], [ 51.4213343, 35.719083 ] ] ] ] } },
{ "type": "Feature", "properties": { "full_id": "w671614324", "osm_id": "671614324", "osm_type": "way", "building": "yes", "building:flats": null, "nat_name": null, "height": null, "craft": null, "image": null, "email": null, "name:en": null, "building:levels": null, "website": null, "phone": null, "opening_hours": null, "office": null, "description": null, "addr:street": null, "addr:postcode": null, "addr:housenumber": null, "addr:city": null, "zone": "11", "region": "6", "Perimeter": "76.29348", "name": null, "healthcare": null, "emergency": null, "amenity": null }, "geometry": { "type": "MultiPolygon", "coordinates": [ [ [ [ 51.4210303, 35.7162936 ], [ 51.4210585, 35.7162935 ], [ 51.4210584, 35.7162815 ], [ 51.4210584, 35.7162794 ], [ 51.4210583, 35.7162055 ], [ 51.4210583, 35.7161659 ], [ 51.4210586, 35.7161415 ], [ 51.4210598, 35.7160698 ], [ 51.4209149, 35.7160679 ], [ 51.4209134, 35.7161325 ], [ 51.4209132, 35.7161395 ], [ 51.4209094, 35.7162923 ], [ 51.4209611, 35.7162931 ], [ 51.4209739, 35.7162932 ], [ 51.4210303, 35.7162936 ] ] ] ] } },
{ "type": "Feature", "properties": { "full_id": "w671614942", "osm_id": "671614942", "osm_type": "way", "building": "yes", "building:flats": null, "nat_name": null, "height": null, "craft": null, "image": null, "email": null, "name:en": null, "building:levels": null, "website": null, "phone": null, "opening_hours": null, "office": null, "description": null, "addr:street": null, "addr:postcode": null, "addr:housenumber": null, "addr:city": null, "zone": "11", "region": "6", "Perimeter": "63.51628", "name": null, "healthcare": null, "emergency": null, "amenity": null }, "geometry": { "type": "MultiPolygon", "coordinates": [ [ [ [ 51.4200766, 35.7191198 ], [ 51.4201207, 35.7191272 ], [ 51.4201509, 35.7191323 ], [ 51.4201909, 35.7189776 ], [ 51.4201934, 35.7189683 ], [ 51.4202079, 35.718914 ], [ 51.4201312, 35.7189006 ], [ 51.4201148, 35.7189648 ], [ 51.4200876, 35.7190751 ], [ 51.4200766, 35.7191198 ] ] ] ] } },
{ "type": "Feature", "properties": { "full_id": "w671614331", "osm_id": "671614331", "osm_type": "way", "building": "yes", "building:flats": null, "nat_name": null, "height": null, "craft": null, "image": null, "email": null, "name:en": null, "building:levels": null, "website": null, "phone": null, "opening_hours": null, "office": null, "description": null, "addr:street": null, "addr:postcode": null, "addr:housenumber": null, "addr:city": null, "zone": "11", "region": "6", "Perimeter": "77.38268", "name": null, "healthcare": null, "emergency": null, "amenity": null }, "geometry": { "type": "MultiPolygon", "coordinates": [ [ [ [ 51.4214778, 35.7163045 ], [ 51.4214892, 35.7163049 ], [ 51.4214899, 35.7162877 ], [ 51.4214906, 35.7162624 ], [ 51.4214919, 35.7162001 ], [ 51.4214929, 35.7161327 ], [ 51.421494, 35.7160756 ], [ 51.4213468, 35.7160734 ], [ 51.4213444, 35.716167 ], [ 51.4213436, 35.7161975 ], [ 51.4213398, 35.7162833 ], [ 51.421339, 35.716299 ], [ 51.4214778, 35.7163045 ] ] ] ] } },
{ "type": "Feature", "properties": { "full_id": "w671614941", "osm_id": "671614941", "osm_type": "way", "building": "yes", "building:flats": null, "nat_name": null, "height": null, "craft": null, "image": null, "email": null, "name:en": null, "building:levels": null, "website": null, "phone": null, "opening_hours": null, "office": null, "description": null, "addr:street": null, "addr:postcode": null, "addr:housenumber": null, "addr:city": null, "zone": "11", "region": "6", "Perimeter": "63.90809", "name": null, "healthcare": null, "emergency": null, "amenity": null }, "geometry": { "type": "MultiPolygon", "coordinates": [ [ [ [ 51.4199985, 35.7191067 ], [ 51.4200766, 35.7191198 ], [ 51.4200876, 35.7190751 ], [ 51.4201148, 35.7189648 ], [ 51.4201312, 35.7189006 ], [ 51.4200554, 35.7188873 ], [ 51.4200318, 35.7189764 ], [ 51.42003, 35.7189836 ], [ 51.4200227, 35.7190119 ], [ 51.4199985, 35.7191067 ] ] ] ] } },
{ "type": "Feature", "properties": { "full_id": "w671614329", "osm_id": "671614329", "osm_type": "way", "building": "yes", "building:flats": null, "nat_name": null, "height": null, "craft": null, "image": null, "email": null, "name:en": null, "building:levels": null, "website": null, "phone": null, "opening_hours": null, "office": null, "description": null, "addr:street": null, "addr:postcode": null, "addr:housenumber": null, "addr:city": null, "zone": "11", "region": "6", "Perimeter": "75.29369", "name": null, "healthcare": null, "emergency": null, "amenity": null }, "geometry": { "type": "MultiPolygon", "coordinates": [ [ [ [ 51.4212001, 35.7162943 ], [ 51.4213116, 35.716298 ], [ 51.421339, 35.716299 ], [ 51.4213398, 35.7162833 ], [ 51.4213436, 35.7161975 ], [ 51.4213444, 35.716167 ], [ 51.4213468, 35.7160734 ], [ 51.4212036, 35.7160713 ], [ 51.4212028, 35.7161446 ], [ 51.4212027, 35.7161661 ], [ 51.4212008, 35.7162706 ], [ 51.4212001, 35.7162943 ] ] ] ] } },
{ "type": "Feature", "properties": { "full_id": "w671614944", "osm_id": "671614944", "osm_type": "way", "building": "yes", "building:flats": null, "nat_name": null, "height": null, "craft": null, "image": null, "email": null, "name:en": null, "building:levels": null, "website": null, "phone": null, "opening_hours": null, "office": null, "description": null, "addr:street": null, "addr:postcode": null, "addr:housenumber": null, "addr:city": null, "zone": "11", "region": "6", "Perimeter": "63.63496", "name": null, "healthcare": null, "emergency": null, "amenity": null }, "geometry": { "type": "MultiPolygon", "coordinates": [ [ [ [ 51.4201509, 35.7191323 ], [ 51.4202272, 35.7191453 ], [ 51.4202705, 35.7189821 ], [ 51.4202851, 35.7189277 ], [ 51.4202079, 35.718914 ], [ 51.4201934, 35.7189683 ], [ 51.4201909, 35.7189776 ], [ 51.4201509, 35.7191323 ] ] ] ] } },
{ "type": "Feature", "properties": { "full_id": "w671614335", "osm_id": "671614335", "osm_type": "way", "building": "yes", "building:flats": null, "nat_name": null, "height": null, "craft": null, "image": null, "email": null, "name:en": null, "building:levels": null, "website": null, "phone": null, "opening_hours": null, "office": null, "description": null, "addr:street": null, "addr:postcode": null, "addr:housenumber": null, "addr:city": null, "zone": "11", "region": "6", "Perimeter": "76.10493", "name": null, "healthcare": null, "emergency": null, "amenity": null }, "geometry": { "type": "MultiPolygon", "coordinates": [ [ [ [ 51.4219868, 35.7163268 ], [ 51.4219995, 35.716327 ], [ 51.4219995, 35.7163167 ], [ 51.4219991, 35.7162389 ], [ 51.421999, 35.7162088 ], [ 51.421999, 35.7161977 ], [ 51.4219989, 35.716181 ], [ 51.4219988, 35.7161296 ], [ 51.4219989, 35.7160979 ], [ 51.4219419, 35.7160977 ], [ 51.4218797, 35.7160973 ], [ 51.4218796, 35.7161126 ], [ 51.4218628, 35.7161124 ], [ 51.4218603, 35.716193 ], [ 51.4218598, 35.7162072 ], [ 51.4218555, 35.7163257 ], [ 51.4219786, 35.7163268 ], [ 51.4219868, 35.7163268 ] ] ] ] } },
{ "type": "Feature", "properties": { "full_id": "w671614333", "osm_id": "671614333", "osm_type": "way", "building": "yes", "building:flats": null, "nat_name": null, "height": null, "craft": null, "image": null, "email": null, "name:en": null, "building:levels": null, "website": null, "phone": null, "opening_hours": null, "office": null, "description": null, "addr:street": null, "addr:postcode": null, "addr:housenumber": null, "addr:city": null, "zone": "11", "region": "6", "Perimeter": "76.47361", "name": null, "healthcare": null, "emergency": null, "amenity": null }, "geometry": { "type": "MultiPolygon", "coordinates": [ [ [ [ 51.4214892, 35.7163049 ], [ 51.4216296, 35.7163084 ], [ 51.4216327, 35.7161779 ], [ 51.4216348, 35.7160778 ], [ 51.421494, 35.7160756 ], [ 51.4214929, 35.7161327 ], [ 51.4214919, 35.7162001 ], [ 51.4214906, 35.7162624 ], [ 51.4214899, 35.7162877 ], [ 51.4214892, 35.7163049 ] ] ] ] } },
{ "type": "Feature", "properties": { "full_id": "w671614340", "osm_id": "671614340", "osm_type": "way", "building": "yes", "building:flats": null, "nat_name": null, "height": null, "craft": null, "image": null, "email": null, "name:en": null, "building:levels": null, "website": null, "phone": null, "opening_hours": null, "office": null, "description": null, "addr:street": null, "addr:postcode": null, "addr:housenumber": null, "addr:city": null, "zone": "11", "region": "6", "Perimeter": "73.69538", "name": null, "healthcare": null, "emergency": null, "amenity": null }, "geometry": { "type": "MultiPolygon", "coordinates": [ [ [ [ 51.4221375, 35.716328 ], [ 51.4222597, 35.7163289 ], [ 51.4222637, 35.7162125 ], [ 51.4222645, 35.716192 ], [ 51.4222672, 35.716099 ], [ 51.4221387, 35.716098 ], [ 51.4221382, 35.7161979 ], [ 51.4221381, 35.7162084 ], [ 51.4221376, 35.7163167 ], [ 51.4221375, 35.716328 ] ] ] ] } },
{ "type": "Feature", "properties": { "full_id": "w671614945", "osm_id": "671614945", "osm_type": "way", "building": "yes", "building:flats": null, "nat_name": null, "height": null, "craft": null, "image": null, "email": null, "name:en": null, "building:levels": null, "website": null, "phone": null, "opening_hours": null, "office": null, "description": null, "addr:street": null, "addr:postcode": null, "addr:housenumber": null, "addr:city": null, "zone": "11", "region": "6", "Perimeter": "64.19756", "name": null, "healthcare": null, "emergency": null, "amenity": null }, "geometry": { "type": "MultiPolygon", "coordinates": [ [ [ [ 51.4213917, 35.7191072 ], [ 51.4214397, 35.7191273 ], [ 51.4214737, 35.7191411 ], [ 51.4214776, 35.7191347 ], [ 51.4214943, 35.7191079 ], [ 51.4214992, 35.7191004 ], [ 51.4215535, 35.7190186 ], [ 51.4215612, 35.7190066 ], [ 51.4215963, 35.7189494 ], [ 51.4215128, 35.7189186 ], [ 51.4214844, 35.7189657 ], [ 51.4214802, 35.7189723 ], [ 51.4213917, 35.7191072 ] ] ] ] } },
{ "type": "Feature", "properties": { "full_id": "w671614338", "osm_id": "671614338", "osm_type": "way", "building": "yes", "building:flats": null, "nat_name": null, "height": null, "craft": null, "image": null, "email": null, "name:en": null, "building:levels": null, "website": null, "phone": null, "opening_hours": null, "office": null, "description": null, "addr:street": null, "addr:postcode": null, "addr:housenumber": null, "addr:city": null, "zone": "11", "region": "6", "Perimeter": "76.05247", "name": null, "healthcare": null, "emergency": null, "amenity": null }, "geometry": { "type": "MultiPolygon", "coordinates": [ [ [ [ 51.4221247, 35.7163279 ], [ 51.4221375, 35.716328 ], [ 51.4221376, 35.7163167 ], [ 51.4221381, 35.7162084 ], [ 51.4221382, 35.7161979 ], [ 51.4221387, 35.716098 ], [ 51.4220444, 35.7160981 ], [ 51.4219989, 35.7160979 ], [ 51.4219988, 35.7161296 ], [ 51.4219989, 35.716181 ], [ 51.421999, 35.7161977 ], [ 51.421999, 35.7162088 ], [ 51.4219991, 35.7162389 ], [ 51.4219995, 35.7163167 ], [ 51.4219995, 35.716327 ], [ 51.4221247, 35.7163279 ] ] ] ] } },
{ "type": "Feature", "properties": { "full_id": "w671614919", "osm_id": "671614919", "osm_type": "way", "building": "yes", "building:flats": null, "nat_name": null, "height": null, "craft": null, "image": null, "email": null, "name:en": null, "building:levels": null, "website": null, "phone": null, "opening_hours": null, "office": null, "description": null, "addr:street": null, "addr:postcode": null, "addr:housenumber": null, "addr:city": null, "zone": "11", "region": "6", "Perimeter": "44.33255", "name": null, "healthcare": null, "emergency": null, "amenity": null }, "geometry": { "type": "MultiPolygon", "coordinates": [ [ [ [ 51.421342, 35.7190535 ], [ 51.4213538, 35.7190583 ], [ 51.4214259, 35.7189414 ], [ 51.4214349, 35.7189269 ], [ 51.4214319, 35.7189087 ], [ 51.4214308, 35.71889 ], [ 51.4214164, 35.718884 ], [ 51.4214069, 35.7188848 ], [ 51.4213838, 35.7188944 ], [ 51.421342, 35.7190535 ] ] ] ] } },
{ "type": "Feature", "properties": { "full_id": "w671614238", "osm_id": "671614238", "osm_type": "way", "building": "yes", "building:flats": null, "nat_name": null, "height": null, "craft": null, "image": null, "email": null, "name:en": null, "building:levels": null, "website": null, "phone": null, "opening_hours": null, "office": null, "description": null, "addr:street": null, "addr:postcode": null, "addr:housenumber": null, "addr:city": null, "zone": "11", "region": "6", "Perimeter": "74.13229", "name": null, "healthcare": null, "emergency": null, "amenity": null }, "geometry": { "type": "MultiPolygon", "coordinates": [ [ [ [ 51.4223107, 35.7157822 ], [ 51.4224057, 35.7157839 ], [ 51.4224063, 35.7157635 ], [ 51.422411, 35.715559 ], [ 51.4223306, 35.7155578 ], [ 51.4222771, 35.7155567 ], [ 51.4222767, 35.7155696 ], [ 51.4222747, 35.7156396 ], [ 51.4222737, 35.7156856 ], [ 51.4222722, 35.7157564 ], [ 51.4222721, 35.7157615 ], [ 51.4222716, 35.7157815 ], [ 51.4223107, 35.7157822 ] ] ] ] } },
{ "type": "Feature", "properties": { "full_id": "w671614917", "osm_id": "671614917", "osm_type": "way", "building": "yes", "building:flats": null, "nat_name": null, "height": null, "craft": null, "image": null, "email": null, "name:en": null, "building:levels": null, "website": null, "phone": null, "opening_hours": null, "office": null, "description": null, "addr:street": null, "addr:postcode": null, "addr:housenumber": null, "addr:city": null, "zone": "11", "region": "6", "Perimeter": "71.47552", "name": null, "healthcare": null, "emergency": null, "amenity": null }, "geometry": { "type": "MultiPolygon", "coordinates": [ [ [ [ 51.4196206, 35.719043 ], [ 51.4197011, 35.7190567 ], [ 51.4197377, 35.7190627 ], [ 51.4197732, 35.7189143 ], [ 51.4197916, 35.7188408 ], [ 51.4197565, 35.7188347 ], [ 51.4196952, 35.7188241 ], [ 51.4196791, 35.7188212 ], [ 51.4196656, 35.7188715 ], [ 51.4196592, 35.7188958 ], [ 51.4196497, 35.7189322 ], [ 51.4196206, 35.719043 ] ] ] ] } },
{ "type": "Feature", "properties": { "full_id": "w671614237", "osm_id": "671614237", "osm_type": "way", "building": "yes", "building:flats": null, "nat_name": null, "height": null, "craft": null, "image": null, "email": null, "name:en": null, "building:levels": null, "website": null, "phone": null, "opening_hours": null, "office": null, "description": null, "addr:street": null, "addr:postcode": null, "addr:housenumber": null, "addr:city": null, "zone": "11", "region": "6", "Perimeter": "75.67331", "name": null, "healthcare": null, "emergency": null, "amenity": null }, "geometry": { "type": "MultiPolygon", "coordinates": [ [ [ [ 51.4221627, 35.7157793 ], [ 51.4222716, 35.7157815 ], [ 51.4222721, 35.7157615 ], [ 51.4222722, 35.7157564 ], [ 51.4222737, 35.7156856 ], [ 51.4222747, 35.7156396 ], [ 51.4222767, 35.7155696 ], [ 51.4222771, 35.7155567 ], [ 51.422134, 35.7155535 ], [ 51.4221335, 35.7155671 ], [ 51.4221305, 35.7157549 ], [ 51.4221301, 35.7157788 ], [ 51.4221627, 35.7157793 ] ] ] ] } },
{ "type": "Feature", "properties": { "full_id": "w671614240", "osm_id": "671614240", "osm_type": "way", "building": "yes", "building:flats": null, "nat_name": null, "height": null, "craft": null, "image": null, "email": null, "name:en": null, "building:levels": null, "website": null, "phone": null, "opening_hours": null, "office": null, "description": null, "addr:street": null, "addr:postcode": null, "addr:housenumber": null, "addr:city": null, "zone": "11", "region": "6", "Perimeter": "74.53525", "name": null, "healthcare": null, "emergency": null, "amenity": null }, "geometry": { "type": "MultiPolygon", "coordinates": [ [ [ [ 51.4226115, 35.7157881 ], [ 51.4226405, 35.7157888 ], [ 51.4226822, 35.7157899 ], [ 51.422685, 35.7157021 ], [ 51.4226885, 35.7155646 ], [ 51.4225533, 35.7155616 ], [ 51.4225457, 35.7157866 ], [ 51.4226012, 35.7157878 ], [ 51.4226115, 35.7157881 ] ] ] ] } },
{ "type": "Feature", "properties": { "full_id": "w671614921", "osm_id": "671614921", "osm_type": "way", "building": "yes", "building:flats": null, "nat_name": null, "height": null, "craft": null, "image": null, "email": null, "name:en": null, "building:levels": null, "website": null, "phone": null, "opening_hours": null, "office": null, "description": null, "addr:street": null, "addr:postcode": null, "addr:housenumber": null, "addr:city": null, "zone": "11", "region": "6", "Perimeter": "76.27939", "name": null, "healthcare": null, "emergency": null, "amenity": null }, "geometry": { "type": "MultiPolygon", "coordinates": [ [ [ [ 51.4209659, 35.7190455 ], [ 51.4209851, 35.7190487 ], [ 51.4210253, 35.7190556 ], [ 51.4211107, 35.71907 ], [ 51.421127, 35.7190069 ], [ 51.4211517, 35.7189135 ], [ 51.4211631, 35.7188707 ], [ 51.4211433, 35.7188465 ], [ 51.4210179, 35.7188243 ], [ 51.4209967, 35.7189043 ], [ 51.4209928, 35.7189191 ], [ 51.4209607, 35.7190446 ], [ 51.4209659, 35.7190455 ] ] ] ] } },
{ "type": "Feature", "properties": { "full_id": "w671614239", "osm_id": "671614239", "osm_type": "way", "building": "yes", "building:flats": null, "nat_name": null, "height": null, "craft": null, "image": null, "email": null, "name:en": null, "building:levels": null, "website": null, "phone": null, "opening_hours": null, "office": null, "description": null, "addr:street": null, "addr:postcode": null, "addr:housenumber": null, "addr:city": null, "zone": "11", "region": "6", "Perimeter": "75.44861", "name": null, "healthcare": null, "emergency": null, "amenity": null }, "geometry": { "type": "MultiPolygon", "coordinates": [ [ [ [ 51.422458, 35.7157848 ], [ 51.4225457, 35.7157866 ], [ 51.4225533, 35.7155616 ], [ 51.422411, 35.715559 ], [ 51.4224063, 35.7157635 ], [ 51.4224057, 35.7157839 ], [ 51.422458, 35.7157848 ] ] ] ] } },
{ "type": "Feature", "properties": { "full_id": "w671614928", "osm_id": "671614928", "osm_type": "way", "building": "yes", "building:flats": null, "nat_name": null, "height": null, "craft": null, "image": null, "email": null, "name:en": null, "building:levels": null, "website": null, "phone": null, "opening_hours": null, "office": null, "description": null, "addr:street": null, "addr:postcode": null, "addr:housenumber": null, "addr:city": null, "zone": "11", "region": "6", "Perimeter": "70.339", "name": null, "healthcare": null, "emergency": null, "amenity": null }, "geometry": { "type": "MultiPolygon", "coordinates": [ [ [ [ 51.4197377, 35.7190627 ], [ 51.4197943, 35.7190722 ], [ 51.4198462, 35.7190809 ], [ 51.4198774, 35.7189578 ], [ 51.4198837, 35.7189324 ], [ 51.4199021, 35.7188601 ], [ 51.4197916, 35.7188408 ], [ 51.4197732, 35.7189143 ], [ 51.4197377, 35.7190627 ] ] ] ] } },
{ "type": "Feature", "properties": { "full_id": "w671614242", "osm_id": "671614242", "osm_type": "way", "building": "yes", "building:flats": null, "nat_name": null, "height": null, "craft": null, "image": null, "email": null, "name:en": null, "building:levels": null, "website": null, "phone": null, "opening_hours": null, "office": null, "description": null, "addr:street": null, "addr:postcode": null, "addr:housenumber": null, "addr:city": null, "zone": "11", "region": "6", "Perimeter": "74.89031", "name": null, "healthcare": null, "emergency": null, "amenity": null }, "geometry": { "type": "MultiPolygon", "coordinates": [ [ [ [ 51.4229073, 35.7157974 ], [ 51.4229561, 35.715799 ], [ 51.4229603, 35.7157095 ], [ 51.4229666, 35.7155727 ], [ 51.4228301, 35.7155685 ], [ 51.4228238, 35.7157054 ], [ 51.4228195, 35.7157942 ], [ 51.4229073, 35.7157974 ] ] ] ] } },
{ "type": "Feature", "properties": { "full_id": "w671614241", "osm_id": "671614241", "osm_type": "way", "building": "yes", "building:flats": null, "nat_name": null, "height": null, "craft": null, "image": null, "email": null, "name:en": null, "building:levels": null, "website": null, "phone": null, "opening_hours": null, "office": null, "description": null, "addr:street": null, "addr:postcode": null, "addr:housenumber": null, "addr:city": null, "zone": "11", "region": "6", "Perimeter": "75.29255", "name": null, "healthcare": null, "emergency": null, "amenity": null }, "geometry": { "type": "MultiPolygon", "coordinates": [ [ [ [ 51.422761, 35.7157922 ], [ 51.4228195, 35.7157942 ], [ 51.4228238, 35.7157054 ], [ 51.4228301, 35.7155685 ], [ 51.4226885, 35.7155646 ], [ 51.422685, 35.7157021 ], [ 51.4226822, 35.7157899 ], [ 51.422761, 35.7157922 ] ] ] ] } },
{ "type": "Feature", "properties": { "full_id": "w671614935", "osm_id": "671614935", "osm_type": "way", "building": "yes", "building:flats": null, "nat_name": null, "height": null, "craft": null, "image": null, "email": null, "name:en": null, "building:levels": null, "website": null, "phone": null, "opening_hours": null, "office": null, "description": null, "addr:street": null, "addr:postcode": null, "addr:housenumber": null, "addr:city": null, "zone": "11", "region": "6", "Perimeter": "78.16066", "name": null, "healthcare": null, "emergency": null, "amenity": null }, "geometry": { "type": "MultiPolygon", "coordinates": [ [ [ [ 51.4198462, 35.7190809 ], [ 51.419893, 35.7190889 ], [ 51.4199985, 35.7191067 ], [ 51.4200227, 35.7190119 ], [ 51.42003, 35.7189836 ], [ 51.4200318, 35.7189764 ], [ 51.4200554, 35.7188873 ], [ 51.4199021, 35.7188601 ], [ 51.4198837, 35.7189324 ], [ 51.4198774, 35.7189578 ], [ 51.4198462, 35.7190809 ] ] ] ] } },
{ "type": "Feature", "properties": { "full_id": "w671614244", "osm_id": "671614244", "osm_type": "way", "building": "yes", "building:flats": null, "nat_name": null, "height": null, "craft": null, "image": null, "email": null, "name:en": null, "building:levels": null, "website": null, "phone": null, "opening_hours": null, "office": null, "description": null, "addr:street": null, "addr:postcode": null, "addr:housenumber": null, "addr:city": null, "zone": "11", "region": "6", "Perimeter": "48.03762", "name": null, "healthcare": null, "emergency": null, "amenity": null }, "geometry": { "type": "MultiPolygon", "coordinates": [ [ [ [ 51.4214834, 35.7158505 ], [ 51.4215346, 35.7158508 ], [ 51.4215451, 35.715851 ], [ 51.4216413, 35.715852 ], [ 51.4216429, 35.7157634 ], [ 51.4215832, 35.7157626 ], [ 51.4214995, 35.7157617 ], [ 51.4214879, 35.7157614 ], [ 51.421487, 35.7158036 ], [ 51.4214864, 35.7158342 ], [ 51.4214863, 35.7158394 ], [ 51.4214834, 35.7158505 ] ] ] ] } },
{ "type": "Feature", "properties": { "full_id": "w671614243", "osm_id": "671614243", "osm_type": "way", "building": "yes", "building:flats": null, "nat_name": null, "height": null, "craft": null, "image": null, "email": null, "name:en": null, "building:levels": null, "website": null, "phone": null, "opening_hours": null, "office": null, "description": null, "addr:street": null, "addr:postcode": null, "addr:housenumber": null, "addr:city": null, "zone": "11", "region": "6", "Perimeter": "72.86648", "name": null, "healthcare": null, "emergency": null, "amenity": null }, "geometry": { "type": "MultiPolygon", "coordinates": [ [ [ [ 51.4229561, 35.715799 ], [ 51.4230537, 35.7158019 ], [ 51.4230858, 35.7158023 ], [ 51.4230858, 35.7157889 ], [ 51.4230856, 35.7157771 ], [ 51.4230852, 35.7157436 ], [ 51.4230863, 35.7155753 ], [ 51.4229666, 35.7155727 ], [ 51.4229603, 35.7157095 ], [ 51.4229561, 35.715799 ] ] ] ] } },
{ "type": "Feature", "properties": { "full_id": "w671614230", "osm_id": "671614230", "osm_type": "way", "building": "yes", "building:flats": null, "nat_name": null, "height": null, "craft": null, "image": null, "email": null, "name:en": null, "building:levels": null, "website": null, "phone": null, "opening_hours": null, "office": null, "description": null, "addr:street": null, "addr:postcode": null, "addr:housenumber": null, "addr:city": null, "zone": "11", "region": "6", "Perimeter": "81.30458", "name": null, "healthcare": null, "emergency": null, "amenity": null }, "geometry": { "type": "MultiPolygon", "coordinates": [ [ [ [ 51.4207504, 35.7157528 ], [ 51.4208149, 35.7157534 ], [ 51.4208536, 35.7157538 ], [ 51.4209121, 35.7157545 ], [ 51.4209131, 35.7157177 ], [ 51.4209153, 35.715661 ], [ 51.4209173, 35.7156131 ], [ 51.4209169, 35.7155736 ], [ 51.4209176, 35.7155215 ], [ 51.420841, 35.7155204 ], [ 51.420831, 35.7155253 ], [ 51.4206964, 35.7157522 ], [ 51.4207504, 35.7157528 ] ] ] ] } },
{ "type": "Feature", "properties": { "full_id": "w671614232", "osm_id": "671614232", "osm_type": "way", "building": "yes", "building:flats": null, "nat_name": null, "height": null, "craft": null, "image": null, "email": null, "name:en": null, "building:levels": null, "website": null, "phone": null, "opening_hours": null, "office": null, "description": null, "addr:street": null, "addr:postcode": null, "addr:housenumber": null, "addr:city": null, "zone": "11", "region": "6", "Perimeter": "76.49311", "name": null, "healthcare": null, "emergency": null, "amenity": null }, "geometry": { "type": "MultiPolygon", "coordinates": [ [ [ [ 51.4210558, 35.7157567 ], [ 51.4210912, 35.7157573 ], [ 51.4211644, 35.715758 ], [ 51.4211992, 35.7157584 ], [ 51.4212016, 35.7156653 ], [ 51.4212032, 35.7156174 ], [ 51.4212037, 35.7156048 ], [ 51.4212067, 35.7155313 ], [ 51.4210662, 35.7155261 ], [ 51.4210614, 35.7156198 ], [ 51.4210569, 35.7157214 ], [ 51.4210558, 35.7157567 ] ] ] ] } },
{ "type": "Feature", "properties": { "full_id": "w671614231", "osm_id": "671614231", "osm_type": "way", "building": "yes", "building:flats": null, "nat_name": null, "height": null, "craft": null, "image": null, "email": null, "name:en": null, "building:levels": null, "website": null, "phone": null, "opening_hours": null, "office": null, "description": null, "addr:street": null, "addr:postcode": null, "addr:housenumber": null, "addr:city": null, "zone": "11", "region": "6", "Perimeter": "77.90724", "name": null, "healthcare": null, "emergency": null, "amenity": null }, "geometry": { "type": "MultiPolygon", "coordinates": [ [ [ [ 51.4209121, 35.7157545 ], [ 51.4209846, 35.7157555 ], [ 51.4210558, 35.7157567 ], [ 51.4210569, 35.7157214 ], [ 51.4210614, 35.7156198 ], [ 51.4210662, 35.7155261 ], [ 51.4209176, 35.7155215 ], [ 51.4209169, 35.7155736 ], [ 51.4209173, 35.7156131 ], [ 51.4209153, 35.715661 ], [ 51.4209131, 35.7157177 ], [ 51.4209121, 35.7157545 ] ] ] ] } },
{ "type": "Feature", "properties": { "full_id": "w671614234", "osm_id": "671614234", "osm_type": "way", "building": "yes", "building:flats": null, "nat_name": null, "height": null, "craft": null, "image": null, "email": null, "name:en": null, "building:levels": null, "website": null, "phone": null, "opening_hours": null, "office": null, "description": null, "addr:street": null, "addr:postcode": null, "addr:housenumber": null, "addr:city": null, "zone": "11", "region": "6", "Perimeter": "71.97758", "name": null, "healthcare": null, "emergency": null, "amenity": null }, "geometry": { "type": "MultiPolygon", "coordinates": [ [ [ [ 51.4218674, 35.7157564 ], [ 51.4220019, 35.7157592 ], [ 51.4220022, 35.7157463 ], [ 51.4220039, 35.7156985 ], [ 51.4219851, 35.715698 ], [ 51.4219883, 35.7156059 ], [ 51.4219888, 35.7155941 ], [ 51.4220051, 35.7155945 ], [ 51.4220068, 35.7155501 ], [ 51.4219083, 35.7155475 ], [ 51.4218724, 35.7155763 ], [ 51.4218674, 35.7157564 ] ] ] ] } },
{ "type": "Feature", "properties": { "full_id": "w671614909", "osm_id": "671614909", "osm_type": "way", "building": "yes", "building:flats": null, "nat_name": null, "height": null, "craft": null, "image": null, "email": null, "name:en": null, "building:levels": null, "website": null, "phone": null, "opening_hours": null, "office": null, "description": null, "addr:street": null, "addr:postcode": null, "addr:housenumber": null, "addr:city": null, "zone": "11", "region": "6", "Perimeter": "63.95664", "name": null, "healthcare": null, "emergency": null, "amenity": null }, "geometry": { "type": "MultiPolygon", "coordinates": [ [ [ [ 51.4195478, 35.7190307 ], [ 51.4196206, 35.719043 ], [ 51.4196497, 35.7189322 ], [ 51.4196592, 35.7188958 ], [ 51.4196656, 35.7188715 ], [ 51.4196791, 35.7188212 ], [ 51.4196055, 35.7188079 ], [ 51.4195917, 35.7188584 ], [ 51.419582, 35.7188933 ], [ 51.4195753, 35.7189197 ], [ 51.4195478, 35.7190307 ] ] ] ] } },
{ "type": "Feature", "properties": { "full_id": "w671614233", "osm_id": "671614233", "osm_type": "way", "building": "yes", "building:flats": null, "nat_name": null, "height": null, "craft": null, "image": null, "email": null, "name:en": null, "building:levels": null, "website": null, "phone": null, "opening_hours": null, "office": null, "description": null, "addr:street": null, "addr:postcode": null, "addr:housenumber": null, "addr:city": null, "zone": "11", "region": "6", "Perimeter": "90.30886", "name": null, "healthcare": null, "emergency": null, "amenity": null }, "geometry": { "type": "MultiPolygon", "coordinates": [ [ [ [ 51.4213412, 35.71576 ], [ 51.4214197, 35.7157607 ], [ 51.4214198, 35.7157508 ], [ 51.4214202, 35.7157141 ], [ 51.4214206, 35.715668 ], [ 51.4214209, 35.7156037 ], [ 51.4214149, 35.7156037 ], [ 51.421415, 35.7155916 ], [ 51.4214191, 35.7155916 ], [ 51.4214193, 35.715582 ], [ 51.4214205, 35.7155362 ], [ 51.4212067, 35.7155313 ], [ 51.4212037, 35.7156048 ], [ 51.4212032, 35.7156174 ], [ 51.4212016, 35.7156653 ], [ 51.4211992, 35.7157584 ], [ 51.4213412, 35.71576 ] ] ] ] } },
{ "type": "Feature", "properties": { "full_id": "w671614236", "osm_id": "671614236", "osm_type": "way", "building": "yes", "building:flats": null, "nat_name": null, "height": null, "craft": null, "image": null, "email": null, "name:en": null, "building:levels": null, "website": null, "phone": null, "opening_hours": null, "office": null, "description": null, "addr:street": null, "addr:postcode": null, "addr:housenumber": null, "addr:city": null, "zone": "11", "region": "6", "Perimeter": "76.01602", "name": null, "healthcare": null, "emergency": null, "amenity": null }, "geometry": { "type": "MultiPolygon", "coordinates": [ [ [ [ 51.4220137, 35.7157767 ], [ 51.4220662, 35.7157776 ], [ 51.4221301, 35.7157788 ], [ 51.4221305, 35.7157549 ], [ 51.4221335, 35.7155671 ], [ 51.422134, 35.7155535 ], [ 51.4220068, 35.7155501 ], [ 51.4220051, 35.7155945 ], [ 51.4219888, 35.7155941 ], [ 51.4219883, 35.7156059 ], [ 51.4219851, 35.715698 ], [ 51.4220039, 35.7156985 ], [ 51.4220022, 35.7157463 ], [ 51.4220019, 35.7157592 ], [ 51.4220066, 35.7157767 ], [ 51.4220137, 35.7157767 ] ] ] ] } },
{ "type": "Feature", "properties": { "full_id": "w671614913", "osm_id": "671614913", "osm_type": "way", "building": "yes", "building:flats": null, "nat_name": null, "height": null, "craft": null, "image": null, "email": null, "name:en": null, "building:levels": null, "website": null, "phone": null, "opening_hours": null, "office": null, "description": null, "addr:street": null, "addr:postcode": null, "addr:housenumber": null, "addr:city": null, "zone": "11", "region": "6", "Perimeter": "77.40668", "name": null, "healthcare": null, "emergency": null, "amenity": null }, "geometry": { "type": "MultiPolygon", "coordinates": [ [ [ [ 51.4208997, 35.7190343 ], [ 51.4209176, 35.7190373 ], [ 51.4209607, 35.7190446 ], [ 51.4209928, 35.7189191 ], [ 51.4209967, 35.7189043 ], [ 51.4210179, 35.7188243 ], [ 51.4208704, 35.7187978 ], [ 51.4208477, 35.7188839 ], [ 51.4208452, 35.7188937 ], [ 51.4208201, 35.7189915 ], [ 51.4208171, 35.7190026 ], [ 51.4208129, 35.7190193 ], [ 51.4208997, 35.7190343 ] ] ] ] } },
{ "type": "Feature", "properties": { "full_id": "w671614235", "osm_id": "671614235", "osm_type": "way", "building": "yes", "building:flats": null, "nat_name": null, "height": null, "craft": null, "image": null, "email": null, "name:en": null, "building:levels": null, "website": null, "phone": null, "opening_hours": null, "office": null, "description": null, "addr:street": null, "addr:postcode": null, "addr:housenumber": null, "addr:city": null, "zone": "11", "region": "6", "Perimeter": "90.71023", "name": null, "healthcare": null, "emergency": null, "amenity": null }, "geometry": { "type": "MultiPolygon", "coordinates": [ [ [ [ 51.4214879, 35.7157614 ], [ 51.4214995, 35.7157617 ], [ 51.4215832, 35.7157626 ], [ 51.4216429, 35.7157634 ], [ 51.4216471, 35.715549 ], [ 51.4216365, 35.7155404 ], [ 51.4214205, 35.7155362 ], [ 51.4214193, 35.715582 ], [ 51.4214191, 35.7155916 ], [ 51.421415, 35.7155916 ], [ 51.4214149, 35.7156037 ], [ 51.4214209, 35.7156037 ], [ 51.4214206, 35.715668 ], [ 51.4214202, 35.7157141 ], [ 51.4214198, 35.7157508 ], [ 51.4214197, 35.7157607 ], [ 51.4214879, 35.7157614 ] ] ] ] } },
{ "type": "Feature", "properties": { "full_id": "w671614896", "osm_id": "671614896", "osm_type": "way", "building": "yes", "building:flats": null, "nat_name": null, "height": null, "craft": null, "image": null, "email": null, "name:en": null, "building:levels": null, "website": null, "phone": null, "opening_hours": null, "office": null, "description": null, "addr:street": null, "addr:postcode": null, "addr:housenumber": null, "addr:city": null, "zone": "11", "region": "6", "Perimeter": "74.42917", "name": null, "healthcare": null, "emergency": null, "amenity": null }, "geometry": { "type": "MultiPolygon", "coordinates": [ [ [ [ 51.419394, 35.7190054 ], [ 51.4194078, 35.7189442 ], [ 51.4194205, 35.7188845 ], [ 51.4194283, 35.7188631 ], [ 51.4194369, 35.7188341 ], [ 51.4194522, 35.7187799 ], [ 51.4193753, 35.7187655 ], [ 51.4193449, 35.718793 ], [ 51.4192315, 35.7189615 ], [ 51.4192441, 35.7189812 ], [ 51.4193642, 35.7190007 ], [ 51.419394, 35.7190054 ] ] ] ] } },
{ "type": "Feature", "properties": { "full_id": "w671614899", "osm_id": "671614899", "osm_type": "way", "building": "yes", "building:flats": null, "nat_name": null, "height": null, "craft": null, "image": null, "email": null, "name:en": null, "building:levels": null, "website": null, "phone": null, "opening_hours": null, "office": null, "description": null, "addr:street": null, "addr:postcode": null, "addr:housenumber": null, "addr:city": null, "zone": "11", "region": "6", "Perimeter": "78.42015", "name": null, "healthcare": null, "emergency": null, "amenity": null }, "geometry": { "type": "MultiPolygon", "coordinates": [ [ [ [ 51.4207337, 35.7190056 ], [ 51.4208129, 35.7190193 ], [ 51.4208171, 35.7190026 ], [ 51.4208201, 35.7189915 ], [ 51.4208452, 35.7188937 ], [ 51.4208477, 35.7188839 ], [ 51.4208704, 35.7187978 ], [ 51.420719, 35.7187702 ], [ 51.4206958, 35.7188573 ], [ 51.4206923, 35.7188706 ], [ 51.4206684, 35.7189662 ], [ 51.4206655, 35.7189771 ], [ 51.4206614, 35.7189931 ], [ 51.4207337, 35.7190056 ] ] ] ] } },
{ "type": "Feature", "properties": { "full_id": "w671614902", "osm_id": "671614902", "osm_type": "way", "building": "yes", "building:flats": null, "nat_name": null, "height": null, "craft": null, "image": null, "email": null, "name:en": null, "building:levels": null, "website": null, "phone": null, "opening_hours": null, "office": null, "description": null, "addr:street": null, "addr:postcode": null, "addr:housenumber": null, "addr:city": null, "zone": "11", "region": "6", "Perimeter": "79.23327", "name": null, "healthcare": null, "emergency": null, "amenity": null }, "geometry": { "type": "MultiPolygon", "coordinates": [ [ [ [ 51.419394, 35.7190054 ], [ 51.4195478, 35.7190307 ], [ 51.4195753, 35.7189197 ], [ 51.419582, 35.7188933 ], [ 51.4195917, 35.7188584 ], [ 51.4196055, 35.7188079 ], [ 51.419563, 35.7188003 ], [ 51.4194522, 35.7187799 ], [ 51.4194369, 35.7188341 ], [ 51.4194283, 35.7188631 ], [ 51.4194205, 35.7188845 ], [ 51.4194078, 35.7189442 ], [ 51.419394, 35.7190054 ] ] ] ] } },
{ "type": "Feature", "properties": { "full_id": "w671614987", "osm_id": "671614987", "osm_type": "way", "building": "yes", "building:flats": null, "nat_name": null, "height": null, "craft": null, "image": null, "email": null, "name:en": null, "building:levels": null, "website": null, "phone": null, "opening_hours": null, "office": null, "description": null, "addr:street": null, "addr:postcode": null, "addr:housenumber": null, "addr:city": null, "zone": "11", "region": "6", "Perimeter": "79.25223", "name": null, "healthcare": null, "emergency": null, "amenity": null }, "geometry": { "type": "MultiPolygon", "coordinates": [ [ [ [ 51.4217197, 35.7192425 ], [ 51.4218442, 35.7192952 ], [ 51.421958, 35.7191197 ], [ 51.4219796, 35.7190884 ], [ 51.4219705, 35.7190649 ], [ 51.4218686, 35.7190252 ], [ 51.4218583, 35.7190411 ], [ 51.421835, 35.7190768 ], [ 51.4218116, 35.7191104 ], [ 51.4217956, 35.7191331 ], [ 51.4217602, 35.7191831 ], [ 51.421732, 35.7192238 ], [ 51.4217197, 35.7192425 ] ] ] ] } },
{ "type": "Feature", "properties": { "full_id": "w671614985", "osm_id": "671614985", "osm_type": "way", "building": "yes", "building:flats": null, "nat_name": null, "height": null, "craft": null, "image": null, "email": null, "name:en": null, "building:levels": null, "website": null, "phone": null, "opening_hours": null, "office": null, "description": null, "addr:street": null, "addr:postcode": null, "addr:housenumber": null, "addr:city": null, "zone": "11", "region": "6", "Perimeter": "75.37983", "name": null, "healthcare": null, "emergency": null, "amenity": null }, "geometry": { "type": "MultiPolygon", "coordinates": [ [ [ [ 51.4209092, 35.7192643 ], [ 51.4210317, 35.7192862 ], [ 51.4210588, 35.7192728 ], [ 51.4211107, 35.71907 ], [ 51.4210253, 35.7190556 ], [ 51.4209851, 35.7190487 ], [ 51.4209659, 35.7190455 ], [ 51.4209515, 35.7191023 ], [ 51.4209451, 35.7191271 ], [ 51.4209384, 35.7191529 ], [ 51.4209273, 35.7191958 ], [ 51.4209092, 35.7192643 ] ] ] ] } },
{ "type": "Feature", "properties": { "full_id": "w671614997", "osm_id": "671614997", "osm_type": "way", "building": "yes", "building:flats": null, "nat_name": null, "height": null, "craft": null, "image": null, "email": null, "name:en": null, "building:levels": null, "website": null, "phone": null, "opening_hours": null, "office": null, "description": null, "addr:street": null, "addr:postcode": null, "addr:housenumber": null, "addr:city": null, "zone": "11", "region": "6", "Perimeter": "80.26997", "name": null, "healthcare": null, "emergency": null, "amenity": null }, "geometry": { "type": "MultiPolygon", "coordinates": [ [ [ [ 51.4213374, 35.7193739 ], [ 51.4214256, 35.7192209 ], [ 51.4214337, 35.7192075 ], [ 51.4214737, 35.7191411 ], [ 51.4214397, 35.7191273 ], [ 51.4213917, 35.7191072 ], [ 51.4213452, 35.7190876 ], [ 51.4213343, 35.719083 ], [ 51.4213034, 35.7191979 ], [ 51.4212667, 35.7193332 ], [ 51.4212819, 35.719359 ], [ 51.4213342, 35.7193793 ], [ 51.4213374, 35.7193739 ] ] ] ] } },
{ "type": "Feature", "properties": { "full_id": "w671614977", "osm_id": "671614977", "osm_type": "way", "building": "yes", "building:flats": null, "nat_name": null, "height": null, "craft": null, "image": null, "email": null, "name:en": null, "building:levels": null, "website": null, "phone": null, "opening_hours": null, "office": null, "description": null, "addr:street": null, "addr:postcode": null, "addr:housenumber": null, "addr:city": null, "zone": "11", "region": "6", "Perimeter": "62.42577", "name": null, "healthcare": null, "emergency": null, "amenity": null }, "geometry": { "type": "MultiPolygon", "coordinates": [ [ [ [ 51.4193787, 35.7192728 ], [ 51.4193851, 35.7192729 ], [ 51.4194175, 35.7192733 ], [ 51.4194189, 35.7192202 ], [ 51.4194213, 35.7191449 ], [ 51.4194219, 35.7191246 ], [ 51.4194232, 35.7190866 ], [ 51.419319, 35.7190668 ], [ 51.4193171, 35.7191223 ], [ 51.4193154, 35.7192562 ], [ 51.4193152, 35.7192722 ], [ 51.4193521, 35.7192725 ], [ 51.4193787, 35.7192728 ] ] ] ] } },
{ "type": "Feature", "properties": { "full_id": "w671614280", "osm_id": "671614280", "osm_type": "way", "building": "yes", "building:flats": null, "nat_name": null, "height": null, "craft": null, "image": null, "email": null, "name:en": null, "building:levels": null, "website": null, "phone": null, "opening_hours": null, "office": null, "description": null, "addr:street": null, "addr:postcode": null, "addr:housenumber": null, "addr:city": null, "zone": "11", "region": "6", "Perimeter": "58.47902", "name": null, "healthcare": null, "emergency": null, "amenity": null }, "geometry": { "type": "MultiPolygon", "coordinates": [ [ [ [ 51.4214827, 35.7159859 ], [ 51.4216384, 35.715988 ], [ 51.4216413, 35.715852 ], [ 51.4215451, 35.715851 ], [ 51.4215346, 35.7158508 ], [ 51.4214834, 35.7158505 ], [ 51.4214833, 35.7158613 ], [ 51.4214832, 35.7159296 ], [ 51.4214827, 35.7159859 ] ] ] ] } },
{ "type": "Feature", "properties": { "full_id": "w671614976", "osm_id": "671614976", "osm_type": "way", "building": "yes", "building:flats": null, "nat_name": null, "height": null, "craft": null, "image": null, "email": null, "name:en": null, "building:levels": null, "website": null, "phone": null, "opening_hours": null, "office": null, "description": null, "addr:street": null, "addr:postcode": null, "addr:housenumber": null, "addr:city": null, "zone": "11", "region": "6", "Perimeter": "95.05049", "name": null, "healthcare": null, "emergency": null, "amenity": null }, "geometry": { "type": "MultiPolygon", "coordinates": [ [ [ [ 51.4192788, 35.7192719 ], [ 51.4193152, 35.7192722 ], [ 51.4193154, 35.7192562 ], [ 51.4193171, 35.7191223 ], [ 51.419319, 35.7190668 ], [ 51.4191341, 35.7190346 ], [ 51.4191159, 35.7191177 ], [ 51.4190899, 35.7191743 ], [ 51.4190183, 35.7192678 ], [ 51.4191079, 35.7192695 ], [ 51.4191191, 35.7192698 ], [ 51.4191808, 35.7192707 ], [ 51.4192788, 35.7192719 ] ] ] ] } },
{ "type": "Feature", "properties": { "full_id": "w671614279", "osm_id": "671614279", "osm_type": "way", "building": "yes", "building:flats": null, "nat_name": null, "height": null, "craft": null, "image": null, "email": null, "name:en": null, "building:levels": null, "website": null, "phone": null, "opening_hours": null, "office": null, "description": null, "addr:street": null, "addr:postcode": null, "addr:housenumber": null, "addr:city": null, "zone": "11", "region": "6", "Perimeter": "75.92751", "name": null, "healthcare": null, "emergency": null, "amenity": null }, "geometry": { "type": "MultiPolygon", "coordinates": [ [ [ [ 51.4213401, 35.7159839 ], [ 51.4214827, 35.7159859 ], [ 51.4214832, 35.7159296 ], [ 51.4214833, 35.7158613 ], [ 51.4214834, 35.7158505 ], [ 51.4214863, 35.7158394 ], [ 51.4214864, 35.7158342 ], [ 51.421487, 35.7158036 ], [ 51.4214879, 35.7157614 ], [ 51.4214197, 35.7157607 ], [ 51.4213412, 35.71576 ], [ 51.4213406, 35.7158339 ], [ 51.4213404, 35.71585 ], [ 51.4213405, 35.7159226 ], [ 51.4213405, 35.7159515 ], [ 51.4213404, 35.7159664 ], [ 51.4213401, 35.7159839 ] ] ] ] } },
{ "type": "Feature", "properties": { "full_id": "w671614979", "osm_id": "671614979", "osm_type": "way", "building": "yes", "building:flats": null, "nat_name": null, "height": null, "craft": null, "image": null, "email": null, "name:en": null, "building:levels": null, "website": null, "phone": null, "opening_hours": null, "office": null, "description": null, "addr:street": null, "addr:postcode": null, "addr:housenumber": null, "addr:city": null, "zone": "11", "region": "6", "Perimeter": "49.19279", "name": null, "healthcare": null, "emergency": null, "amenity": null }, "geometry": { "type": "MultiPolygon", "coordinates": [ [ [ [ 51.4195019, 35.7192745 ], [ 51.4195405, 35.7192751 ], [ 51.4195688, 35.7192757 ], [ 51.4195693, 35.7192601 ], [ 51.4195707, 35.7192147 ], [ 51.4195721, 35.7191741 ], [ 51.419575, 35.7191148 ], [ 51.4195082, 35.7191025 ], [ 51.4195064, 35.719147 ], [ 51.4195054, 35.7191726 ], [ 51.4195038, 35.7192131 ], [ 51.4195035, 35.7192219 ], [ 51.4195022, 35.7192648 ], [ 51.4195019, 35.7192745 ] ] ] ] } },
{ "type": "Feature", "properties": { "full_id": "w671614282", "osm_id": "671614282", "osm_type": "way", "building": "yes", "building:flats": null, "nat_name": null, "height": null, "craft": null, "image": null, "email": null, "name:en": null, "building:levels": null, "website": null, "phone": null, "opening_hours": null, "office": null, "description": null, "addr:street": null, "addr:postcode": null, "addr:housenumber": null, "addr:city": null, "zone": "11", "region": "6", "Perimeter": "77.40944", "name": null, "healthcare": null, "emergency": null, "amenity": null }, "geometry": { "type": "MultiPolygon", "coordinates": [ [ [ [ 51.4220092, 35.7160038 ], [ 51.4221586, 35.7160067 ], [ 51.4221597, 35.7159472 ], [ 51.4221608, 35.7158803 ], [ 51.4221612, 35.7158584 ], [ 51.4221627, 35.7157793 ], [ 51.4221301, 35.7157788 ], [ 51.4220662, 35.7157776 ], [ 51.4220137, 35.7157767 ], [ 51.4220114, 35.7158778 ], [ 51.422011, 35.7159017 ], [ 51.4220104, 35.7159455 ], [ 51.4220092, 35.7160038 ] ] ] ] } },
{ "type": "Feature", "properties": { "full_id": "w671614978", "osm_id": "671614978", "osm_type": "way", "building": "yes", "building:flats": null, "nat_name": null, "height": null, "craft": null, "image": null, "email": null, "name:en": null, "building:levels": null, "website": null, "phone": null, "opening_hours": null, "office": null, "description": null, "addr:street": null, "addr:postcode": null, "addr:housenumber": null, "addr:city": null, "zone": "11", "region": "6", "Perimeter": "55.32996", "name": null, "healthcare": null, "emergency": null, "amenity": null }, "geometry": { "type": "MultiPolygon", "coordinates": [ [ [ [ 51.419477, 35.7192742 ], [ 51.4195019, 35.7192745 ], [ 51.4195022, 35.7192648 ], [ 51.4195035, 35.7192219 ], [ 51.4195038, 35.7192131 ], [ 51.4195054, 35.7191726 ], [ 51.4195064, 35.719147 ], [ 51.4195082, 35.7191025 ], [ 51.4194232, 35.7190866 ], [ 51.4194219, 35.7191246 ], [ 51.4194213, 35.7191449 ], [ 51.4194189, 35.7192202 ], [ 51.4194175, 35.7192733 ], [ 51.4194499, 35.7192737 ], [ 51.419477, 35.7192742 ] ] ] ] } },
{ "type": "Feature", "properties": { "full_id": "w671614281", "osm_id": "671614281", "osm_type": "way", "building": "yes", "building:flats": null, "nat_name": null, "height": null, "craft": null, "image": null, "email": null, "name:en": null, "building:levels": null, "website": null, "phone": null, "opening_hours": null, "office": null, "description": null, "addr:street": null, "addr:postcode": null, "addr:housenumber": null, "addr:city": null, "zone": "11", "region": "6", "Perimeter": "80.34351", "name": null, "healthcare": null, "emergency": null, "amenity": null }, "geometry": { "type": "MultiPolygon", "coordinates": [ [ [ [ 51.4220092, 35.7160038 ], [ 51.4220104, 35.7159455 ], [ 51.422011, 35.7159017 ], [ 51.4220114, 35.7158778 ], [ 51.4220137, 35.7157767 ], [ 51.4220066, 35.7157767 ], [ 51.4220019, 35.7157592 ], [ 51.4218674, 35.7157564 ], [ 51.4218669, 35.7157745 ], [ 51.4218641, 35.7159763 ], [ 51.4218893, 35.7159766 ], [ 51.4218887, 35.7160018 ], [ 51.4220092, 35.7160038 ] ] ] ] } },
{ "type": "Feature", "properties": { "full_id": "w671614981", "osm_id": "671614981", "osm_type": "way", "building": "yes", "building:flats": null, "nat_name": null, "height": null, "craft": null, "image": null, "email": null, "name:en": null, "building:levels": null, "website": null, "phone": null, "opening_hours": null, "office": null, "description": null, "addr:street": null, "addr:postcode": null, "addr:housenumber": null, "addr:city": null, "zone": "11", "region": "6", "Perimeter": "45.15248", "name": null, "healthcare": null, "emergency": null, "amenity": null }, "geometry": { "type": "MultiPolygon", "coordinates": [ [ [ [ 51.4196403, 35.7192772 ], [ 51.4196733, 35.719278 ], [ 51.4197131, 35.719279 ], [ 51.4197136, 35.7192654 ], [ 51.4197152, 35.7192255 ], [ 51.4197178, 35.7191797 ], [ 51.4197201, 35.7191415 ], [ 51.4196475, 35.719128 ], [ 51.4196448, 35.7191766 ], [ 51.4196425, 35.7192232 ], [ 51.4196413, 35.7192519 ], [ 51.4196403, 35.7192772 ] ] ] ] } },
{ "type": "Feature", "properties": { "full_id": "w671614284", "osm_id": "671614284", "osm_type": "way", "building": "yes", "building:flats": null, "nat_name": null, "height": null, "craft": null, "image": null, "email": null, "name:en": null, "building:levels": null, "website": null, "phone": null, "opening_hours": null, "office": null, "description": null, "addr:street": null, "addr:postcode": null, "addr:housenumber": null, "addr:city": null, "zone": "11", "region": "6", "Perimeter": "78.48411", "name": null, "healthcare": null, "emergency": null, "amenity": null }, "geometry": { "type": "MultiPolygon", "coordinates": [ [ [ [ 51.4223065, 35.716015 ], [ 51.4223738, 35.716016 ], [ 51.4224564, 35.7160171 ], [ 51.422457, 35.715969 ], [ 51.422457, 35.7158667 ], [ 51.4224572, 35.715836 ], [ 51.422458, 35.7157848 ], [ 51.4224057, 35.7157839 ], [ 51.4223107, 35.7157822 ], [ 51.4223096, 35.7158349 ], [ 51.4223092, 35.7158604 ], [ 51.4223073, 35.7159762 ], [ 51.4223065, 35.716015 ] ] ] ] } },
{ "type": "Feature", "properties": { "full_id": "w671614980", "osm_id": "671614980", "osm_type": "way", "building": "yes", "building:flats": null, "nat_name": null, "height": null, "craft": null, "image": null, "email": null, "name:en": null, "building:levels": null, "website": null, "phone": null, "opening_hours": null, "office": null, "description": null, "addr:street": null, "addr:postcode": null, "addr:housenumber": null, "addr:city": null, "zone": "11", "region": "6", "Perimeter": "47.60821", "name": null, "healthcare": null, "emergency": null, "amenity": null }, "geometry": { "type": "MultiPolygon", "coordinates": [ [ [ [ 51.4195809, 35.7192759 ], [ 51.4196178, 35.7192767 ], [ 51.4196403, 35.7192772 ], [ 51.4196413, 35.7192519 ], [ 51.4196425, 35.7192232 ], [ 51.4196448, 35.7191766 ], [ 51.4196475, 35.719128 ], [ 51.419575, 35.7191148 ], [ 51.4195721, 35.7191741 ], [ 51.4195707, 35.7192147 ], [ 51.4195693, 35.7192601 ], [ 51.4195688, 35.7192757 ], [ 51.4195809, 35.7192759 ] ] ] ] } },
{ "type": "Feature", "properties": { "full_id": "w671614283", "osm_id": "671614283", "osm_type": "way", "building": "yes", "building:flats": null, "nat_name": null, "height": null, "craft": null, "image": null, "email": null, "name:en": null, "building:levels": null, "website": null, "phone": null, "opening_hours": null, "office": null, "description": null, "addr:street": null, "addr:postcode": null, "addr:housenumber": null, "addr:city": null, "zone": "11", "region": "6", "Perimeter": "78.47857", "name": null, "healthcare": null, "emergency": null, "amenity": null }, "geometry": { "type": "MultiPolygon", "coordinates": [ [ [ [ 51.4221586, 35.7160067 ], [ 51.4221585, 35.7160126 ], [ 51.4223065, 35.716015 ], [ 51.4223073, 35.7159762 ], [ 51.4223092, 35.7158604 ], [ 51.4223096, 35.7158349 ], [ 51.4223107, 35.7157822 ], [ 51.4222716, 35.7157815 ], [ 51.4221627, 35.7157793 ], [ 51.4221612, 35.7158584 ], [ 51.4221608, 35.7158803 ], [ 51.4221597, 35.7159472 ], [ 51.4221586, 35.7160067 ] ] ] ] } },
{ "type": "Feature", "properties": { "full_id": "w671614286", "osm_id": "671614286", "osm_type": "way", "building": "yes", "building:flats": null, "nat_name": null, "height": null, "craft": null, "image": null, "email": null, "name:en": null, "building:levels": null, "website": null, "phone": null, "opening_hours": null, "office": null, "description": null, "addr:street": null, "addr:postcode": null, "addr:housenumber": null, "addr:city": null, "zone": "11", "region": "6", "Perimeter": "77.92823", "name": null, "healthcare": null, "emergency": null, "amenity": null }, "geometry": { "type": "MultiPolygon", "coordinates": [ [ [ [ 51.4226082, 35.716019 ], [ 51.422685, 35.7160198 ], [ 51.4227588, 35.7160191 ], [ 51.4227588, 35.7160031 ], [ 51.4227587, 35.715946 ], [ 51.422759, 35.71586 ], [ 51.422761, 35.7157922 ], [ 51.4226822, 35.7157899 ], [ 51.4226405, 35.7157888 ], [ 51.4226115, 35.7157881 ], [ 51.42261, 35.7158493 ], [ 51.4226098, 35.7158589 ], [ 51.4226092, 35.7159375 ], [ 51.4226091, 35.7159514 ], [ 51.4226082, 35.716019 ] ] ] ] } },
{ "type": "Feature", "properties": { "full_id": "w671614982", "osm_id": "671614982", "osm_type": "way", "building": "yes", "building:flats": null, "nat_name": null, "height": null, "craft": null, "image": null, "email": null, "name:en": null, "building:levels": null, "website": null, "phone": null, "opening_hours": null, "office": null, "description": null, "addr:street": null, "addr:postcode": null, "addr:housenumber": null, "addr:city": null, "zone": "11", "region": "6", "Perimeter": "41.09501", "name": null, "healthcare": null, "emergency": null, "amenity": null }, "geometry": { "type": "MultiPolygon", "coordinates": [ [ [ [ 51.4197131, 35.719279 ], [ 51.4197474, 35.7192799 ], [ 51.4197771, 35.7192808 ], [ 51.4197777, 35.7192665 ], [ 51.4197795, 35.7192276 ], [ 51.4197819, 35.7191827 ], [ 51.4197837, 35.7191536 ], [ 51.4197201, 35.7191415 ], [ 51.4197178, 35.7191797 ], [ 51.4197152, 35.7192255 ], [ 51.4197136, 35.7192654 ], [ 51.4197131, 35.719279 ] ] ] ] } },
{ "type": "Feature", "properties": { "full_id": "w671614285", "osm_id": "671614285", "osm_type": "way", "building": "yes", "building:flats": null, "nat_name": null, "height": null, "craft": null, "image": null, "email": null, "name:en": null, "building:levels": null, "website": null, "phone": null, "opening_hours": null, "office": null, "description": null, "addr:street": null, "addr:postcode": null, "addr:housenumber": null, "addr:city": null, "zone": "11", "region": "6", "Perimeter": "78.99447", "name": null, "healthcare": null, "emergency": null, "amenity": null }, "geometry": { "type": "MultiPolygon", "coordinates": [ [ [ [ 51.4224564, 35.7160171 ], [ 51.4225367, 35.7160182 ], [ 51.4226082, 35.716019 ], [ 51.4226091, 35.7159514 ], [ 51.4226092, 35.7159375 ], [ 51.4226098, 35.7158589 ], [ 51.42261, 35.7158493 ], [ 51.4226115, 35.7157881 ], [ 51.4226012, 35.7157878 ], [ 51.4225457, 35.7157866 ], [ 51.422458, 35.7157848 ], [ 51.4224572, 35.715836 ], [ 51.422457, 35.7158667 ], [ 51.422457, 35.715969 ], [ 51.4224564, 35.7160171 ] ] ] ] } },
{ "type": "Feature", "properties": { "full_id": "w671614967", "osm_id": "671614967", "osm_type": "way", "building": "yes", "building:flats": null, "nat_name": null, "height": null, "craft": null, "image": null, "email": null, "name:en": null, "building:levels": null, "website": null, "phone": null, "opening_hours": null, "office": null, "description": null, "addr:street": null, "addr:postcode": null, "addr:housenumber": null, "addr:city": null, "zone": "11", "region": "6", "Perimeter": "62.78853", "name": null, "healthcare": null, "emergency": null, "amenity": null }, "geometry": { "type": "MultiPolygon", "coordinates": [ [ [ [ 51.4206045, 35.7192104 ], [ 51.420678, 35.7192233 ], [ 51.4207053, 35.7191173 ], [ 51.4207191, 35.7190631 ], [ 51.4207337, 35.7190056 ], [ 51.4206614, 35.7189931 ], [ 51.4206465, 35.7190508 ], [ 51.4206045, 35.7192104 ] ] ] ] } },
{ "type": "Feature", "properties": { "full_id": "w671614274", "osm_id": "671614274", "osm_type": "way", "building": "yes", "building:flats": null, "nat_name": null, "height": null, "craft": null, "image": null, "email": null, "name:en": null, "building:levels": null, "website": null, "phone": null, "opening_hours": null, "office": null, "description": null, "addr:street": null, "addr:postcode": null, "addr:housenumber": null, "addr:city": null, "zone": "11", "region": "6", "Perimeter": "42.86309", "name": null, "healthcare": null, "emergency": null, "amenity": null }, "geometry": { "type": "MultiPolygon", "coordinates": [ [ [ [ 51.4206589, 35.7159738 ], [ 51.4207502, 35.7159757 ], [ 51.4207505, 35.7159635 ], [ 51.4207517, 35.7159202 ], [ 51.4207527, 35.715891 ], [ 51.4207539, 35.7158565 ], [ 51.4206642, 35.7158543 ], [ 51.4206589, 35.7159738 ] ] ] ] } },
{ "type": "Feature", "properties": { "full_id": "w671614970", "osm_id": "671614970", "osm_type": "way", "building": "yes", "building:flats": null, "nat_name": null, "height": null, "craft": null, "image": null, "email": null, "name:en": null, "building:levels": null, "website": null, "phone": null, "opening_hours": null, "office": null, "description": null, "addr:street": null, "addr:postcode": null, "addr:housenumber": null, "addr:city": null, "zone": "11", "region": "6", "Perimeter": "63.95275", "name": null, "healthcare": null, "emergency": null, "amenity": null }, "geometry": { "type": "MultiPolygon", "coordinates": [ [ [ [ 51.420678, 35.7192233 ], [ 51.4207566, 35.7192372 ], [ 51.4207797, 35.7191489 ], [ 51.4207844, 35.7191307 ], [ 51.4207983, 35.7190764 ], [ 51.4208129, 35.7190193 ], [ 51.4207337, 35.7190056 ], [ 51.4207191, 35.7190631 ], [ 51.4207053, 35.7191173 ], [ 51.420678, 35.7192233 ] ] ] ] } },
{ "type": "Feature", "properties": { "full_id": "w671614273", "osm_id": "671614273", "osm_type": "way", "building": "yes", "building:flats": null, "nat_name": null, "height": null, "craft": null, "image": null, "email": null, "name:en": null, "building:levels": null, "website": null, "phone": null, "opening_hours": null, "office": null, "description": null, "addr:street": null, "addr:postcode": null, "addr:housenumber": null, "addr:city": null, "zone": "11", "region": "6", "Perimeter": "72.10848", "name": null, "healthcare": null, "emergency": null, "amenity": null }, "geometry": { "type": "MultiPolygon", "coordinates": [ [ [ [ 51.4206589, 35.7159738 ], [ 51.4206642, 35.7158543 ], [ 51.4207539, 35.7158565 ], [ 51.4207543, 35.7158438 ], [ 51.4207491, 35.715821 ], [ 51.4207504, 35.7157528 ], [ 51.4206964, 35.7157522 ], [ 51.4206787, 35.715782 ], [ 51.4206843, 35.7157821 ], [ 51.4206843, 35.7157872 ], [ 51.4206773, 35.7157872 ], [ 51.4206564, 35.7158194 ], [ 51.4206243, 35.7158689 ], [ 51.4206081, 35.7158978 ], [ 51.4205884, 35.715933 ], [ 51.4205868, 35.715972 ], [ 51.4206589, 35.7159738 ] ] ] ] } },
{ "type": "Feature", "properties": { "full_id": "w671614973", "osm_id": "671614973", "osm_type": "way", "building": "yes", "building:flats": null, "nat_name": null, "height": null, "craft": null, "image": null, "email": null, "name:en": null, "building:levels": null, "website": null, "phone": null, "opening_hours": null, "office": null, "description": null, "addr:street": null, "addr:postcode": null, "addr:housenumber": null, "addr:city": null, "zone": "11", "region": "6", "Perimeter": "65.47198", "name": null, "healthcare": null, "emergency": null, "amenity": null }, "geometry": { "type": "MultiPolygon", "coordinates": [ [ [ [ 51.4207566, 35.7192372 ], [ 51.4208431, 35.7192526 ], [ 51.4208664, 35.7191638 ], [ 51.4208852, 35.7190911 ], [ 51.4208997, 35.7190343 ], [ 51.4208129, 35.7190193 ], [ 51.4207983, 35.7190764 ], [ 51.4207844, 35.7191307 ], [ 51.4207797, 35.7191489 ], [ 51.4207566, 35.7192372 ] ] ] ] } },
{ "type": "Feature", "properties": { "full_id": "w671614276", "osm_id": "671614276", "osm_type": "way", "building": "yes", "building:flats": null, "nat_name": null, "height": null, "craft": null, "image": null, "email": null, "name:en": null, "building:levels": null, "website": null, "phone": null, "opening_hours": null, "office": null, "description": null, "addr:street": null, "addr:postcode": null, "addr:housenumber": null, "addr:city": null, "zone": "11", "region": "6", "Perimeter": "75.74173", "name": null, "healthcare": null, "emergency": null, "amenity": null }, "geometry": { "type": "MultiPolygon", "coordinates": [ [ [ [ 51.4209073, 35.7159782 ], [ 51.4209814, 35.7159795 ], [ 51.4210517, 35.7159807 ], [ 51.4210549, 35.7158455 ], [ 51.4210531, 35.715833 ], [ 51.4210558, 35.7157567 ], [ 51.4209846, 35.7157555 ], [ 51.4209121, 35.7157545 ], [ 51.4209102, 35.7158389 ], [ 51.42091, 35.7158464 ], [ 51.4209075, 35.715966 ], [ 51.4209073, 35.7159782 ] ] ] ] } },
{ "type": "Feature", "properties": { "full_id": "w671614972", "osm_id": "671614972", "osm_type": "way", "building": "yes", "building:flats": null, "nat_name": null, "height": null, "craft": null, "image": null, "email": null, "name:en": null, "building:levels": null, "website": null, "phone": null, "opening_hours": null, "office": null, "description": null, "addr:street": null, "addr:postcode": null, "addr:housenumber": null, "addr:city": null, "zone": "11", "region": "6", "Perimeter": "74.88366", "name": null, "healthcare": null, "emergency": null, "amenity": null }, "geometry": { "type": "MultiPolygon", "coordinates": [ [ [ [ 51.4215992, 35.7191917 ], [ 51.4217197, 35.7192425 ], [ 51.421732, 35.7192238 ], [ 51.4217602, 35.7191831 ], [ 51.4217956, 35.7191331 ], [ 51.4218116, 35.7191104 ], [ 51.421835, 35.7190768 ], [ 51.4218583, 35.7190411 ], [ 51.4217324, 35.7189979 ], [ 51.421692, 35.7190548 ], [ 51.42168, 35.7190722 ], [ 51.4216232, 35.7191553 ], [ 51.4216129, 35.7191706 ], [ 51.4216019, 35.7191873 ], [ 51.4215992, 35.7191917 ] ] ] ] } },
{ "type": "Feature", "properties": { "full_id": "w671614275", "osm_id": "671614275", "osm_type": "way", "building": "yes", "building:flats": null, "nat_name": null, "height": null, "craft": null, "image": null, "email": null, "name:en": null, "building:levels": null, "website": null, "phone": null, "opening_hours": null, "office": null, "description": null, "addr:street": null, "addr:postcode": null, "addr:housenumber": null, "addr:city": null, "zone": "11", "region": "6", "Perimeter": "78.42172", "name": null, "healthcare": null, "emergency": null, "amenity": null }, "geometry": { "type": "MultiPolygon", "coordinates": [ [ [ [ 51.4207502, 35.7159757 ], [ 51.4209073, 35.7159782 ], [ 51.4209075, 35.715966 ], [ 51.42091, 35.7158464 ], [ 51.4209102, 35.7158389 ], [ 51.4209121, 35.7157545 ], [ 51.4208536, 35.7157538 ], [ 51.4208149, 35.7157534 ], [ 51.4207504, 35.7157528 ], [ 51.4207491, 35.715821 ], [ 51.4207543, 35.7158438 ], [ 51.4207539, 35.7158565 ], [ 51.4207527, 35.715891 ], [ 51.4207517, 35.7159202 ], [ 51.4207505, 35.7159635 ], [ 51.4207502, 35.7159757 ] ] ] ] } },
{ "type": "Feature", "properties": { "full_id": "w671614975", "osm_id": "671614975", "osm_type": "way", "building": "yes", "building:flats": null, "nat_name": null, "height": null, "craft": null, "image": null, "email": null, "name:en": null, "building:levels": null, "website": null, "phone": null, "opening_hours": null, "office": null, "description": null, "addr:street": null, "addr:postcode": null, "addr:housenumber": null, "addr:city": null, "zone": "11", "region": "6", "Perimeter": "61.78432", "name": null, "healthcare": null, "emergency": null, "amenity": null }, "geometry": { "type": "MultiPolygon", "coordinates": [ [ [ [ 51.4208431, 35.7192526 ], [ 51.4209092, 35.7192643 ], [ 51.4209273, 35.7191958 ], [ 51.4209384, 35.7191529 ], [ 51.4209451, 35.7191271 ], [ 51.4209515, 35.7191023 ], [ 51.4209659, 35.7190455 ], [ 51.4209607, 35.7190446 ], [ 51.4209176, 35.7190373 ], [ 51.4208997, 35.7190343 ], [ 51.4208852, 35.7190911 ], [ 51.4208664, 35.7191638 ], [ 51.4208431, 35.7192526 ] ] ] ] } },
{ "type": "Feature", "properties": { "full_id": "w671614278", "osm_id": "671614278", "osm_type": "way", "building": "yes", "building:flats": null, "nat_name": null, "height": null, "craft": null, "image": null, "email": null, "name:en": null, "building:levels": null, "website": null, "phone": null, "opening_hours": null, "office": null, "description": null, "addr:street": null, "addr:postcode": null, "addr:housenumber": null, "addr:city": null, "zone": "11", "region": "6", "Perimeter": "75.70198", "name": null, "healthcare": null, "emergency": null, "amenity": null }, "geometry": { "type": "MultiPolygon", "coordinates": [ [ [ [ 51.4211945, 35.7159823 ], [ 51.4212891, 35.7159833 ], [ 51.4213401, 35.7159839 ], [ 51.4213404, 35.7159664 ], [ 51.4213405, 35.7159515 ], [ 51.4213405, 35.7159226 ], [ 51.4213404, 35.71585 ], [ 51.4213406, 35.7158339 ], [ 51.4213412, 35.71576 ], [ 51.4211992, 35.7157584 ], [ 51.421198, 35.7158331 ], [ 51.4211957, 35.715848 ], [ 51.4211952, 35.7159224 ], [ 51.4211945, 35.7159823 ] ] ] ] } },
{ "type": "Feature", "properties": { "full_id": "w671614277", "osm_id": "671614277", "osm_type": "way", "building": "yes", "building:flats": null, "nat_name": null, "height": null, "craft": null, "image": null, "email": null, "name:en": null, "building:levels": null, "website": null, "phone": null, "opening_hours": null, "office": null, "description": null, "addr:street": null, "addr:postcode": null, "addr:housenumber": null, "addr:city": null, "zone": "11", "region": "6", "Perimeter": "75.59927", "name": null, "healthcare": null, "emergency": null, "amenity": null }, "geometry": { "type": "MultiPolygon", "coordinates": [ [ [ [ 51.4210517, 35.7159807 ], [ 51.4211945, 35.7159823 ], [ 51.4211952, 35.7159224 ], [ 51.4211957, 35.715848 ], [ 51.421198, 35.7158331 ], [ 51.4211992, 35.7157584 ], [ 51.4211644, 35.715758 ], [ 51.4210912, 35.7157573 ], [ 51.4210558, 35.7157567 ], [ 51.4210531, 35.715833 ], [ 51.4210549, 35.7158455 ], [ 51.4210517, 35.7159807 ] ] ] ] } },
{ "type": "Feature", "properties": { "full_id": "w671614948", "osm_id": "671614948", "osm_type": "way", "building": "yes", "building:flats": null, "nat_name": null, "height": null, "craft": null, "image": null, "email": null, "name:en": null, "building:levels": null, "website": null, "phone": null, "opening_hours": null, "office": null, "description": null, "addr:street": null, "addr:postcode": null, "addr:housenumber": null, "addr:city": null, "zone": "11", "region": "6", "Perimeter": "63.20934", "name": null, "healthcare": null, "emergency": null, "amenity": null }, "geometry": { "type": "MultiPolygon", "coordinates": [ [ [ [ 51.4202272, 35.7191453 ], [ 51.4203031, 35.7191583 ], [ 51.4203298, 35.7190532 ], [ 51.4203434, 35.719 ], [ 51.4203447, 35.7189952 ], [ 51.4203588, 35.7189406 ], [ 51.4202851, 35.7189277 ], [ 51.4202705, 35.7189821 ], [ 51.4202272, 35.7191453 ] ] ] ] } },
{ "type": "Feature", "properties": { "full_id": "w671614953", "osm_id": "671614953", "osm_type": "way", "building": "yes", "building:flats": null, "nat_name": null, "height": null, "craft": null, "image": null, "email": null, "name:en": null, "building:levels": null, "website": null, "phone": null, "opening_hours": null, "office": null, "description": null, "addr:street": null, "addr:postcode": null, "addr:housenumber": null, "addr:city": null, "zone": "11", "region": "6", "Perimeter": "79.29346", "name": null, "healthcare": null, "emergency": null, "amenity": null }, "geometry": { "type": "MultiPolygon", "coordinates": [ [ [ [ 51.4203031, 35.7191583 ], [ 51.420385, 35.7191721 ], [ 51.4203908, 35.7191488 ], [ 51.4204246, 35.7191546 ], [ 51.4204216, 35.7191661 ], [ 51.4204546, 35.7191717 ], [ 51.4204917, 35.7190249 ], [ 51.4205066, 35.718966 ], [ 51.4203588, 35.7189406 ], [ 51.4203447, 35.7189952 ], [ 51.4203434, 35.719 ], [ 51.4203298, 35.7190532 ], [ 51.4203031, 35.7191583 ] ] ] ] } },
{ "type": "Feature", "properties": { "full_id": "w671614958", "osm_id": "671614958", "osm_type": "way", "building": "yes", "building:flats": null, "nat_name": null, "height": null, "craft": null, "image": null, "email": null, "name:en": null, "building:levels": null, "website": null, "phone": null, "opening_hours": null, "office": null, "description": null, "addr:street": null, "addr:postcode": null, "addr:housenumber": null, "addr:city": null, "zone": "11", "region": "6", "Perimeter": "74.70243", "name": null, "healthcare": null, "emergency": null, "amenity": null }, "geometry": { "type": "MultiPolygon", "coordinates": [ [ [ [ 51.4214737, 35.7191411 ], [ 51.4215154, 35.7191574 ], [ 51.4215606, 35.7191756 ], [ 51.4215992, 35.7191917 ], [ 51.4216019, 35.7191873 ], [ 51.4216129, 35.7191706 ], [ 51.4216232, 35.7191553 ], [ 51.42168, 35.7190722 ], [ 51.421692, 35.7190548 ], [ 51.4217324, 35.7189979 ], [ 51.4215963, 35.7189494 ], [ 51.4215612, 35.7190066 ], [ 51.4215535, 35.7190186 ], [ 51.4214992, 35.7191004 ], [ 51.4214943, 35.7191079 ], [ 51.4214776, 35.7191347 ], [ 51.4214737, 35.7191411 ] ] ] ] } },
{ "type": "Feature", "properties": { "full_id": "w671614961", "osm_id": "671614961", "osm_type": "way", "building": "yes", "building:flats": null, "nat_name": null, "height": null, "craft": null, "image": null, "email": null, "name:en": null, "building:levels": null, "website": null, "phone": null, "opening_hours": null, "office": null, "description": null, "addr:street": null, "addr:postcode": null, "addr:housenumber": null, "addr:city": null, "zone": "11", "region": "6", "Perimeter": "77.7367", "name": null, "healthcare": null, "emergency": null, "amenity": null }, "geometry": { "type": "MultiPolygon", "coordinates": [ [ [ [ 51.4204546, 35.7191717 ], [ 51.4204516, 35.7191835 ], [ 51.4206045, 35.7192104 ], [ 51.4206465, 35.7190508 ], [ 51.4206614, 35.7189931 ], [ 51.4205066, 35.718966 ], [ 51.4204917, 35.7190249 ], [ 51.4204546, 35.7191717 ] ] ] ] } },
{ "type": "Feature", "properties": { "full_id": "w671615209", "osm_id": "671615209", "osm_type": "way", "building": "yes", "building:flats": null, "nat_name": null, "height": null, "craft": null, "image": null, "email": null, "name:en": null, "building:levels": null, "website": null, "phone": null, "opening_hours": null, "office": null, "description": null, "addr:street": null, "addr:postcode": null, "addr:housenumber": null, "addr:city": null, "zone": "11", "region": "6", "Perimeter": "62.27199", "name": null, "healthcare": null, "emergency": null, "amenity": null }, "geometry": { "type": "MultiPolygon", "coordinates": [ [ [ [ 51.4188882, 35.7202612 ], [ 51.4190489, 35.7202691 ], [ 51.4190667, 35.7202697 ], [ 51.4190681, 35.7202394 ], [ 51.4190704, 35.720186 ], [ 51.4190723, 35.7201424 ], [ 51.4190728, 35.7201319 ], [ 51.4190461, 35.720131 ], [ 51.4189002, 35.7201247 ], [ 51.4188882, 35.7202612 ] ] ] ] } },
{ "type": "Feature", "properties": { "full_id": "w671614471", "osm_id": "671614471", "osm_type": "way", "building": "yes", "building:flats": null, "nat_name": null, "height": null, "craft": null, "image": null, "email": null, "name:en": null, "building:levels": null, "website": null, "phone": null, "opening_hours": null, "office": null, "description": null, "addr:street": null, "addr:postcode": null, "addr:housenumber": null, "addr:city": null, "zone": "11", "region": "6", "Perimeter": "62.26142", "name": null, "healthcare": null, "emergency": null, "amenity": null }, "geometry": { "type": "MultiPolygon", "coordinates": [ [ [ [ 51.4205788, 35.717053 ], [ 51.4206427, 35.7170546 ], [ 51.4206444, 35.717012 ], [ 51.4206473, 35.7169417 ], [ 51.420648, 35.7169264 ], [ 51.4206483, 35.7169191 ], [ 51.4206523, 35.716827 ], [ 51.4205868, 35.716825 ], [ 51.4205845, 35.7168913 ], [ 51.4205835, 35.716926 ], [ 51.420583, 35.7169401 ], [ 51.4205788, 35.717053 ] ] ] ] } },
{ "type": "Feature", "properties": { "full_id": "w671614470", "osm_id": "671614470", "osm_type": "way", "building": "yes", "building:flats": null, "nat_name": null, "height": null, "craft": null, "image": null, "email": null, "name:en": null, "building:levels": null, "website": null, "phone": null, "opening_hours": null, "office": null, "description": null, "addr:street": null, "addr:postcode": null, "addr:housenumber": null, "addr:city": null, "zone": "11", "region": "6", "Perimeter": "76.32255", "name": null, "healthcare": null, "emergency": null, "amenity": null }, "geometry": { "type": "MultiPolygon", "coordinates": [ [ [ [ 51.4204379, 35.717049 ], [ 51.4205788, 35.717053 ], [ 51.420583, 35.7169401 ], [ 51.4205835, 35.716926 ], [ 51.4205845, 35.7168913 ], [ 51.4205868, 35.716825 ], [ 51.4205417, 35.7168237 ], [ 51.4204438, 35.7168206 ], [ 51.4204417, 35.7168884 ], [ 51.4204411, 35.7169143 ], [ 51.4204379, 35.717049 ] ] ] ] } },
{ "type": "Feature", "properties": { "full_id": "w671614473", "osm_id": "671614473", "osm_type": "way", "building": "yes", "building:flats": null, "nat_name": null, "height": null, "craft": null, "image": null, "email": null, "name:en": null, "building:levels": null, "website": null, "phone": null, "opening_hours": null, "office": null, "description": null, "addr:street": null, "addr:postcode": null, "addr:housenumber": null, "addr:city": null, "zone": "11", "region": "6", "Perimeter": "75.79893", "name": null, "healthcare": null, "emergency": null, "amenity": null }, "geometry": { "type": "MultiPolygon", "coordinates": [ [ [ [ 51.4207257, 35.7170568 ], [ 51.4208645, 35.7170604 ], [ 51.4208659, 35.7170255 ], [ 51.4208679, 35.7169661 ], [ 51.4208679, 35.7169639 ], [ 51.42087, 35.7168968 ], [ 51.4208706, 35.7168848 ], [ 51.4208708, 35.7168789 ], [ 51.4208723, 35.7168327 ], [ 51.420732, 35.7168291 ], [ 51.4207306, 35.716876 ], [ 51.4207292, 35.7169282 ], [ 51.420729, 35.7169364 ], [ 51.4207271, 35.7170137 ], [ 51.4207257, 35.7170568 ] ] ] ] } },
{ "type": "Feature", "properties": { "full_id": "w671614472", "osm_id": "671614472", "osm_type": "way", "building": "yes", "building:flats": null, "nat_name": null, "height": null, "craft": null, "image": null, "email": null, "name:en": null, "building:levels": null, "website": null, "phone": null, "opening_hours": null, "office": null, "description": null, "addr:street": null, "addr:postcode": null, "addr:housenumber": null, "addr:city": null, "zone": "11", "region": "6", "Perimeter": "65.23745", "name": null, "healthcare": null, "emergency": null, "amenity": null }, "geometry": { "type": "MultiPolygon", "coordinates": [ [ [ [ 51.4206427, 35.7170546 ], [ 51.4207257, 35.7170568 ], [ 51.4207271, 35.7170137 ], [ 51.420729, 35.7169364 ], [ 51.4207292, 35.7169282 ], [ 51.4207306, 35.716876 ], [ 51.420732, 35.7168291 ], [ 51.4206523, 35.716827 ], [ 51.4206483, 35.7169191 ], [ 51.420648, 35.7169264 ], [ 51.4206473, 35.7169417 ], [ 51.4206444, 35.717012 ], [ 51.4206427, 35.7170546 ] ] ] ] } },
{ "type": "Feature", "properties": { "full_id": "w671614475", "osm_id": "671614475", "osm_type": "way", "building": "yes", "building:flats": null, "nat_name": null, "height": null, "craft": null, "image": null, "email": null, "name:en": null, "building:levels": null, "website": null, "phone": null, "opening_hours": null, "office": null, "description": null, "addr:street": null, "addr:postcode": null, "addr:housenumber": null, "addr:city": null, "zone": "11", "region": "6", "Perimeter": "76.95754", "name": null, "healthcare": null, "emergency": null, "amenity": null }, "geometry": { "type": "MultiPolygon", "coordinates": [ [ [ [ 51.4210114, 35.7170645 ], [ 51.4210786, 35.7170665 ], [ 51.4211108, 35.7170675 ], [ 51.4211533, 35.7170688 ], [ 51.4211602, 35.7169264 ], [ 51.4211606, 35.7169153 ], [ 51.4211611, 35.7169031 ], [ 51.4211641, 35.7168377 ], [ 51.4210699, 35.7168358 ], [ 51.4210207, 35.7168348 ], [ 51.4210191, 35.716888 ], [ 51.4210185, 35.716899 ], [ 51.421018, 35.7169121 ], [ 51.4210155, 35.7169684 ], [ 51.421013, 35.7170294 ], [ 51.4210122, 35.7170471 ], [ 51.4210114, 35.7170645 ] ] ] ] } },
{ "type": "Feature", "properties": { "full_id": "w671614474", "osm_id": "671614474", "osm_type": "way", "building": "yes", "building:flats": null, "nat_name": null, "height": null, "craft": null, "image": null, "email": null, "name:en": null, "building:levels": null, "website": null, "phone": null, "opening_hours": null, "office": null, "description": null, "addr:street": null, "addr:postcode": null, "addr:housenumber": null, "addr:city": null, "zone": "11", "region": "6", "Perimeter": "77.47449", "name": null, "healthcare": null, "emergency": null, "amenity": null }, "geometry": { "type": "MultiPolygon", "coordinates": [ [ [ [ 51.4208645, 35.7170604 ], [ 51.4209287, 35.7170621 ], [ 51.4209625, 35.7170631 ], [ 51.4209748, 35.7170635 ], [ 51.4210114, 35.7170645 ], [ 51.4210122, 35.7170471 ], [ 51.421013, 35.7170294 ], [ 51.4210155, 35.7169684 ], [ 51.421018, 35.7169121 ], [ 51.4210185, 35.716899 ], [ 51.4210191, 35.716888 ], [ 51.4210207, 35.7168348 ], [ 51.4208723, 35.7168327 ], [ 51.4208708, 35.7168789 ], [ 51.4208706, 35.7168848 ], [ 51.42087, 35.7168968 ], [ 51.4208679, 35.7169639 ], [ 51.4208679, 35.7169661 ], [ 51.4208659, 35.7170255 ], [ 51.4208645, 35.7170604 ] ] ] ] } },
{ "type": "Feature", "properties": { "full_id": "w671615207", "osm_id": "671615207", "osm_type": "way", "building": "yes", "building:flats": null, "nat_name": null, "height": null, "craft": null, "image": null, "email": null, "name:en": null, "building:levels": null, "website": null, "phone": null, "opening_hours": null, "office": null, "description": null, "addr:street": null, "addr:postcode": null, "addr:housenumber": null, "addr:city": null, "zone": "11", "region": "6", "Perimeter": "86.27764", "name": null, "healthcare": null, "emergency": null, "amenity": null }, "geometry": { "type": "MultiPolygon", "coordinates": [ [ [ [ 51.4212146, 35.7200039 ], [ 51.4211164, 35.7199628 ], [ 51.4210689, 35.7201422 ], [ 51.421064, 35.7201791 ], [ 51.4210746, 35.720215 ], [ 51.4210995, 35.7202338 ], [ 51.4211448, 35.7202498 ], [ 51.4211664, 35.7202493 ], [ 51.4211856, 35.7202419 ], [ 51.4212077, 35.7202217 ], [ 51.4212181, 35.7202066 ], [ 51.4213006, 35.7200864 ], [ 51.4213282, 35.7200523 ], [ 51.4212146, 35.7200039 ] ] ] ] } },
{ "type": "Feature", "properties": { "full_id": "w671614477", "osm_id": "671614477", "osm_type": "way", "building": "yes", "building:flats": null, "nat_name": null, "height": null, "craft": null, "image": null, "email": null, "name:en": null, "building:levels": null, "website": null, "phone": null, "opening_hours": null, "office": null, "description": null, "addr:street": null, "addr:postcode": null, "addr:housenumber": null, "addr:city": null, "zone": "11", "region": "6", "Perimeter": "77.65855", "name": null, "healthcare": null, "emergency": null, "amenity": null }, "geometry": { "type": "MultiPolygon", "coordinates": [ [ [ [ 51.4211533, 35.7170688 ], [ 51.4212038, 35.7170702 ], [ 51.4212387, 35.717071 ], [ 51.4213017, 35.7170723 ], [ 51.4213049, 35.7169604 ], [ 51.4213061, 35.7169111 ], [ 51.4213075, 35.7168417 ], [ 51.4212707, 35.7168409 ], [ 51.4211985, 35.7168387 ], [ 51.4211641, 35.7168377 ], [ 51.4211611, 35.7169031 ], [ 51.4211606, 35.7169153 ], [ 51.4211602, 35.7169264 ], [ 51.4211533, 35.7170688 ] ] ] ] } },
{ "type": "Feature", "properties": { "full_id": "w671614476", "osm_id": "671614476", "osm_type": "way", "building": "yes", "building:flats": null, "nat_name": null, "height": null, "craft": null, "image": null, "email": null, "name:en": null, "building:levels": null, "website": null, "phone": null, "opening_hours": null, "office": null, "description": null, "addr:street": null, "addr:postcode": null, "addr:housenumber": null, "addr:city": null, "zone": "11", "region": "6", "Perimeter": "97.70547", "name": null, "healthcare": null, "emergency": null, "amenity": null }, "geometry": { "type": "MultiPolygon", "coordinates": [ [ [ [ 51.4233553, 35.7170537 ], [ 51.4233908, 35.7170547 ], [ 51.4233905, 35.7170603 ], [ 51.4234059, 35.7170608 ], [ 51.423406, 35.717055 ], [ 51.4234297, 35.7170555 ], [ 51.4234295, 35.7170613 ], [ 51.4234454, 35.7170616 ], [ 51.4234456, 35.7170571 ], [ 51.4234665, 35.7170575 ], [ 51.4234916, 35.717058 ], [ 51.4236013, 35.7170599 ], [ 51.423652, 35.7170003 ], [ 51.4237144, 35.7169268 ], [ 51.4237149, 35.7169145 ], [ 51.4237159, 35.7168929 ], [ 51.423363, 35.7168793 ], [ 51.4233619, 35.7169048 ], [ 51.4233614, 35.7169174 ], [ 51.4233599, 35.7169507 ], [ 51.4233553, 35.7170537 ] ] ] ] } },
{ "type": "Feature", "properties": { "full_id": "w671615172", "osm_id": "671615172", "osm_type": "way", "building": "yes", "building:flats": null, "nat_name": null, "height": null, "craft": null, "image": null, "email": null, "name:en": null, "building:levels": null, "website": null, "phone": null, "opening_hours": null, "office": null, "description": null, "addr:street": null, "addr:postcode": null, "addr:housenumber": null, "addr:city": null, "zone": "11", "region": "6", "Perimeter": "40.65544", "name": null, "healthcare": null, "emergency": null, "amenity": null }, "geometry": { "type": "MultiPolygon", "coordinates": [ [ [ [ 51.4204579, 35.7201782 ], [ 51.4205572, 35.7201804 ], [ 51.4205693, 35.7201624 ], [ 51.4205858, 35.7201379 ], [ 51.4205882, 35.7200932 ], [ 51.4204622, 35.7200887 ], [ 51.4204579, 35.7201782 ] ] ] ] } },
{ "type": "Feature", "properties": { "full_id": "w671614467", "osm_id": "671614467", "osm_type": "way", "building": "yes", "building:flats": null, "nat_name": null, "height": null, "craft": null, "image": null, "email": null, "name:en": null, "building:levels": null, "website": null, "phone": null, "opening_hours": null, "office": null, "description": null, "addr:street": null, "addr:postcode": null, "addr:housenumber": null, "addr:city": null, "zone": "11", "region": "6", "Perimeter": "38.5718", "name": null, "healthcare": null, "emergency": null, "amenity": null }, "geometry": { "type": "MultiPolygon", "coordinates": [ [ [ [ 51.4201477, 35.7170419 ], [ 51.4201502, 35.7169565 ], [ 51.4201503, 35.7169518 ], [ 51.4200563, 35.7169495 ], [ 51.4200376, 35.7170393 ], [ 51.4201477, 35.7170419 ] ] ] ] } },
{ "type": "Feature", "properties": { "full_id": "w671614469", "osm_id": "671614469", "osm_type": "way", "building": "yes", "building:flats": null, "nat_name": null, "height": null, "craft": null, "image": null, "email": null, "name:en": null, "building:levels": null, "website": null, "phone": null, "opening_hours": null, "office": null, "description": null, "addr:street": null, "addr:postcode": null, "addr:housenumber": null, "addr:city": null, "zone": "11", "region": "6", "Perimeter": "76.86511", "name": null, "healthcare": null, "emergency": null, "amenity": null }, "geometry": { "type": "MultiPolygon", "coordinates": [ [ [ [ 51.4202942, 35.7170454 ], [ 51.4204379, 35.717049 ], [ 51.4204411, 35.7169143 ], [ 51.4204417, 35.7168884 ], [ 51.4204438, 35.7168206 ], [ 51.4204096, 35.7168196 ], [ 51.4203474, 35.7168175 ], [ 51.4202993, 35.7168161 ], [ 51.4202967, 35.7169091 ], [ 51.4202962, 35.7169422 ], [ 51.420296, 35.7169613 ], [ 51.4202955, 35.7169954 ], [ 51.4202942, 35.7170454 ] ] ] ] } },
{ "type": "Feature", "properties": { "full_id": "w671614468", "osm_id": "671614468", "osm_type": "way", "building": "yes", "building:flats": null, "nat_name": null, "height": null, "craft": null, "image": null, "email": null, "name:en": null, "building:levels": null, "website": null, "phone": null, "opening_hours": null, "office": null, "description": null, "addr:street": null, "addr:postcode": null, "addr:housenumber": null, "addr:city": null, "zone": "11", "region": "6", "Perimeter": "77.35521", "name": null, "healthcare": null, "emergency": null, "amenity": null }, "geometry": { "type": "MultiPolygon", "coordinates": [ [ [ [ 51.4201477, 35.7170419 ], [ 51.4202254, 35.7170437 ], [ 51.4202598, 35.7170446 ], [ 51.4202942, 35.7170454 ], [ 51.4202955, 35.7169954 ], [ 51.420296, 35.7169613 ], [ 51.4202962, 35.7169422 ], [ 51.4202967, 35.7169091 ], [ 51.4202993, 35.7168161 ], [ 51.4202443, 35.7168143 ], [ 51.4201967, 35.7168128 ], [ 51.4201801, 35.7168124 ], [ 51.4201543, 35.7168117 ], [ 51.4201515, 35.7169068 ], [ 51.4201504, 35.7169482 ], [ 51.4201503, 35.7169518 ], [ 51.4201502, 35.7169565 ], [ 51.4201477, 35.7170419 ] ] ] ] } },
{ "type": "Feature", "properties": { "full_id": "w671615153", "osm_id": "671615153", "osm_type": "way", "building": "yes", "building:flats": null, "nat_name": null, "height": null, "craft": null, "image": null, "email": null, "name:en": null, "building:levels": null, "website": null, "phone": null, "opening_hours": null, "office": null, "description": null, "addr:street": null, "addr:postcode": null, "addr:housenumber": null, "addr:city": null, "zone": "11", "region": "6", "Perimeter": "73.47034", "name": null, "healthcare": null, "emergency": null, "amenity": null }, "geometry": { "type": "MultiPolygon", "coordinates": [ [ [ [ 51.4199918, 35.7201621 ], [ 51.4200678, 35.7201651 ], [ 51.420069, 35.7201432 ], [ 51.4200767, 35.7199938 ], [ 51.420082, 35.7198963 ], [ 51.4200529, 35.7198953 ], [ 51.4200052, 35.7198937 ], [ 51.420002, 35.7199559 ], [ 51.4200002, 35.7199913 ], [ 51.4199994, 35.7200084 ], [ 51.419993, 35.7201406 ], [ 51.4199918, 35.7201621 ] ] ] ] } },
{ "type": "Feature", "properties": { "full_id": "w671614452", "osm_id": "671614452", "osm_type": "way", "building": "yes", "building:flats": null, "nat_name": null, "height": null, "craft": null, "image": null, "email": null, "name:en": null, "building:levels": null, "website": null, "phone": null, "opening_hours": null, "office": null, "description": null, "addr:street": null, "addr:postcode": null, "addr:housenumber": null, "addr:city": null, "zone": "11", "region": "6", "Perimeter": "45.86916", "name": null, "healthcare": null, "emergency": null, "amenity": null }, "geometry": { "type": "MultiPolygon", "coordinates": [ [ [ [ 51.4200563, 35.7169495 ], [ 51.4201503, 35.7169518 ], [ 51.4201504, 35.7169482 ], [ 51.4201515, 35.7169068 ], [ 51.4201543, 35.7168117 ], [ 51.4201036, 35.7168106 ], [ 51.4200867, 35.7168102 ], [ 51.4200594, 35.7169344 ], [ 51.4200563, 35.7169495 ] ] ] ] } },
{ "type": "Feature", "properties": { "full_id": "w671615160", "osm_id": "671615160", "osm_type": "way", "building": "yes", "building:flats": null, "nat_name": null, "height": null, "craft": null, "image": null, "email": null, "name:en": null, "building:levels": null, "website": null, "phone": null, "opening_hours": null, "office": null, "description": null, "addr:street": null, "addr:postcode": null, "addr:housenumber": null, "addr:city": null, "zone": "11", "region": "6", "Perimeter": "73.83966", "name": null, "healthcare": null, "emergency": null, "amenity": null }, "geometry": { "type": "MultiPolygon", "coordinates": [ [ [ [ 51.4200678, 35.7201651 ], [ 51.420105, 35.7201666 ], [ 51.4201452, 35.7201683 ], [ 51.4201464, 35.7201491 ], [ 51.420147, 35.7201386 ], [ 51.4201549, 35.7200012 ], [ 51.4201551, 35.7199965 ], [ 51.4201603, 35.7198991 ], [ 51.420082, 35.7198963 ], [ 51.4200767, 35.7199938 ], [ 51.420069, 35.7201432 ], [ 51.4200678, 35.7201651 ] ] ] ] } },
{ "type": "Feature", "properties": { "full_id": "w671615164", "osm_id": "671615164", "osm_type": "way", "building": "yes", "building:flats": null, "nat_name": null, "height": null, "craft": null, "image": null, "email": null, "name:en": null, "building:levels": null, "website": null, "phone": null, "opening_hours": null, "office": null, "description": null, "addr:street": null, "addr:postcode": null, "addr:housenumber": null, "addr:city": null, "zone": "11", "region": "6", "Perimeter": "73.89295", "name": null, "healthcare": null, "emergency": null, "amenity": null }, "geometry": { "type": "MultiPolygon", "coordinates": [ [ [ [ 51.4202218, 35.7201713 ], [ 51.4202608, 35.7201726 ], [ 51.4202757, 35.7201731 ], [ 51.4202995, 35.7201738 ], [ 51.4203016, 35.7201252 ], [ 51.4203073, 35.7200064 ], [ 51.4203126, 35.7199044 ], [ 51.420235, 35.7199017 ], [ 51.4202299, 35.7200038 ], [ 51.4202218, 35.7201713 ] ] ] ] } },
{ "type": "Feature", "properties": { "full_id": "w671615162", "osm_id": "671615162", "osm_type": "way", "building": "yes", "building:flats": null, "nat_name": null, "height": null, "craft": null, "image": null, "email": null, "name:en": null, "building:levels": null, "website": null, "phone": null, "opening_hours": null, "office": null, "description": null, "addr:street": null, "addr:postcode": null, "addr:housenumber": null, "addr:city": null, "zone": "11", "region": "6", "Perimeter": "73.53338", "name": null, "healthcare": null, "emergency": null, "amenity": null }, "geometry": { "type": "MultiPolygon", "coordinates": [ [ [ [ 51.4201452, 35.7201683 ], [ 51.4201639, 35.7201691 ], [ 51.4201831, 35.7201699 ], [ 51.4202218, 35.7201713 ], [ 51.4202299, 35.7200038 ], [ 51.420235, 35.7199017 ], [ 51.4201603, 35.7198991 ], [ 51.4201551, 35.7199965 ], [ 51.4201549, 35.7200012 ], [ 51.420147, 35.7201386 ], [ 51.4201464, 35.7201491 ], [ 51.4201452, 35.7201683 ] ] ] ] } },
{ "type": "Feature", "properties": { "full_id": "w671615168", "osm_id": "671615168", "osm_type": "way", "building": "yes", "building:flats": null, "nat_name": null, "height": null, "craft": null, "image": null, "email": null, "name:en": null, "building:levels": null, "website": null, "phone": null, "opening_hours": null, "office": null, "description": null, "addr:street": null, "addr:postcode": null, "addr:housenumber": null, "addr:city": null, "zone": "11", "region": "6", "Perimeter": "74.2063", "name": null, "healthcare": null, "emergency": null, "amenity": null }, "geometry": { "type": "MultiPolygon", "coordinates": [ [ [ [ 51.4203773, 35.7201762 ], [ 51.420419, 35.7201773 ], [ 51.4204579, 35.7201782 ], [ 51.4204622, 35.7200887 ], [ 51.4204663, 35.7200119 ], [ 51.4204692, 35.7199571 ], [ 51.4204717, 35.7199101 ], [ 51.4203911, 35.7199072 ], [ 51.4203856, 35.720009 ], [ 51.4203773, 35.7201762 ] ] ] ] } },
{ "type": "Feature", "properties": { "full_id": "w671615166", "osm_id": "671615166", "osm_type": "way", "building": "yes", "building:flats": null, "nat_name": null, "height": null, "craft": null, "image": null, "email": null, "name:en": null, "building:levels": null, "website": null, "phone": null, "opening_hours": null, "office": null, "description": null, "addr:street": null, "addr:postcode": null, "addr:housenumber": null, "addr:city": null, "zone": "11", "region": "6", "Perimeter": "73.92528", "name": null, "healthcare": null, "emergency": null, "amenity": null }, "geometry": { "type": "MultiPolygon", "coordinates": [ [ [ [ 51.4202995, 35.7201738 ], [ 51.4203371, 35.720175 ], [ 51.4203773, 35.7201762 ], [ 51.4203856, 35.720009 ], [ 51.4203911, 35.7199072 ], [ 51.4203126, 35.7199044 ], [ 51.4203073, 35.7200064 ], [ 51.4203016, 35.7201252 ], [ 51.4202995, 35.7201738 ] ] ] ] } },
{ "type": "Feature", "properties": { "full_id": "w671614446", "osm_id": "671614446", "osm_type": "way", "building": "yes", "building:flats": null, "nat_name": null, "height": null, "craft": null, "image": null, "email": null, "name:en": null, "building:levels": null, "website": null, "phone": null, "opening_hours": null, "office": null, "description": null, "addr:street": null, "addr:postcode": null, "addr:housenumber": null, "addr:city": null, "zone": "11", "region": "6", "Perimeter": "77.54016", "name": null, "healthcare": null, "emergency": null, "amenity": null }, "geometry": { "type": "MultiPolygon", "coordinates": [ [ [ [ 51.4226648, 35.716859 ], [ 51.4228013, 35.7168614 ], [ 51.4228051, 35.7167523 ], [ 51.4228061, 35.7167193 ], [ 51.4228068, 35.7167018 ], [ 51.4228087, 35.7166462 ], [ 51.4228093, 35.7166291 ], [ 51.4226663, 35.7166255 ], [ 51.4226658, 35.7166436 ], [ 51.4226639, 35.7166989 ], [ 51.4226631, 35.716718 ], [ 51.4226619, 35.7167496 ], [ 51.4226596, 35.7168118 ], [ 51.4226583, 35.7168589 ], [ 51.4226648, 35.716859 ] ] ] ] } },
{ "type": "Feature", "properties": { "full_id": "w671614448", "osm_id": "671614448", "osm_type": "way", "building": "yes", "building:flats": null, "nat_name": null, "height": null, "craft": null, "image": null, "email": null, "name:en": null, "building:levels": null, "website": null, "phone": null, "opening_hours": null, "office": null, "description": null, "addr:street": null, "addr:postcode": null, "addr:housenumber": null, "addr:city": null, "zone": "11", "region": "6", "Perimeter": "71.83026", "name": null, "healthcare": null, "emergency": null, "amenity": null }, "geometry": { "type": "MultiPolygon", "coordinates": [ [ [ [ 51.4228013, 35.7168614 ], [ 51.4228652, 35.7168627 ], [ 51.42294, 35.7168642 ], [ 51.4229407, 35.71684 ], [ 51.4229414, 35.7168115 ], [ 51.4229431, 35.7167415 ], [ 51.4229438, 35.7167127 ], [ 51.4229444, 35.7166869 ], [ 51.4229449, 35.7166623 ], [ 51.422931, 35.7166491 ], [ 51.4228087, 35.7166462 ], [ 51.4228068, 35.7167018 ], [ 51.4228061, 35.7167193 ], [ 51.4228051, 35.7167523 ], [ 51.4228013, 35.7168614 ] ] ] ] } },
{ "type": "Feature", "properties": { "full_id": "w671615290", "osm_id": "671615290", "osm_type": "way", "building": "yes", "building:flats": null, "nat_name": null, "height": null, "craft": null, "image": null, "email": null, "name:en": null, "building:levels": null, "website": null, "phone": null, "opening_hours": null, "office": null, "description": null, "addr:street": null, "addr:postcode": null, "addr:housenumber": null, "addr:city": null, "zone": "11", "region": "6", "Perimeter": "74.2173", "name": null, "healthcare": null, "emergency": null, "amenity": null }, "geometry": { "type": "MultiPolygon", "coordinates": [ [ [ [ 51.4199012, 35.7204309 ], [ 51.4199468, 35.7204325 ], [ 51.4199773, 35.7204336 ], [ 51.4199834, 35.7203161 ], [ 51.4199862, 35.7202663 ], [ 51.4199918, 35.7201621 ], [ 51.4199475, 35.7201606 ], [ 51.419914, 35.7201594 ], [ 51.4199092, 35.7202633 ], [ 51.4199067, 35.7203134 ], [ 51.4199012, 35.7204309 ] ] ] ] } },
{ "type": "Feature", "properties": { "full_id": "w671615295", "osm_id": "671615295", "osm_type": "way", "building": "yes", "building:flats": null, "nat_name": null, "height": null, "craft": null, "image": null, "email": null, "name:en": null, "building:levels": null, "website": null, "phone": null, "opening_hours": null, "office": null, "description": null, "addr:street": null, "addr:postcode": null, "addr:housenumber": null, "addr:city": null, "zone": "11", "region": "6", "Perimeter": "74.13772", "name": null, "healthcare": null, "emergency": null, "amenity": null }, "geometry": { "type": "MultiPolygon", "coordinates": [ [ [ [ 51.4201294, 35.7204394 ], [ 51.4202066, 35.7204425 ], [ 51.4202097, 35.720389 ], [ 51.4202159, 35.720285 ], [ 51.4202183, 35.7202403 ], [ 51.4202218, 35.7201713 ], [ 51.4201831, 35.7201699 ], [ 51.4201639, 35.7201691 ], [ 51.4201452, 35.7201683 ], [ 51.4201389, 35.7202713 ], [ 51.4201383, 35.7202821 ], [ 51.4201324, 35.720386 ], [ 51.4201294, 35.7204394 ] ] ] ] } },
{ "type": "Feature", "properties": { "full_id": "w671614510", "osm_id": "671614510", "osm_type": "way", "building": "yes", "building:flats": null, "nat_name": null, "height": null, "craft": null, "image": null, "email": null, "name:en": null, "building:levels": null, "website": null, "phone": null, "opening_hours": null, "office": null, "description": null, "addr:street": null, "addr:postcode": null, "addr:housenumber": null, "addr:city": null, "zone": "11", "region": "6", "Perimeter": "63.43003", "name": null, "healthcare": null, "emergency": null, "amenity": null }, "geometry": { "type": "MultiPolygon", "coordinates": [ [ [ [ 51.423191, 35.7173034 ], [ 51.4232675, 35.7173055 ], [ 51.4232726, 35.7171769 ], [ 51.4232732, 35.7171615 ], [ 51.4232735, 35.7171534 ], [ 51.4232761, 35.7170823 ], [ 51.4232126, 35.7170805 ], [ 51.4231991, 35.7170801 ], [ 51.4231965, 35.7171519 ], [ 51.4231957, 35.7171751 ], [ 51.423191, 35.7173034 ] ] ] ] } },
{ "type": "Feature", "properties": { "full_id": "w671615292", "osm_id": "671615292", "osm_type": "way", "building": "yes", "building:flats": null, "nat_name": null, "height": null, "craft": null, "image": null, "email": null, "name:en": null, "building:levels": null, "website": null, "phone": null, "opening_hours": null, "office": null, "description": null, "addr:street": null, "addr:postcode": null, "addr:housenumber": null, "addr:city": null, "zone": "11", "region": "6", "Perimeter": "87.90304", "name": null, "healthcare": null, "emergency": null, "amenity": null }, "geometry": { "type": "MultiPolygon", "coordinates": [ [ [ [ 51.4199773, 35.7204336 ], [ 51.4201294, 35.7204394 ], [ 51.4201324, 35.720386 ], [ 51.4201383, 35.7202821 ], [ 51.4201389, 35.7202713 ], [ 51.4201452, 35.7201683 ], [ 51.420105, 35.7201666 ], [ 51.4200678, 35.7201651 ], [ 51.4199918, 35.7201621 ], [ 51.4199862, 35.7202663 ], [ 51.4199834, 35.7203161 ], [ 51.4199773, 35.7204336 ] ] ] ] } },
{ "type": "Feature", "properties": { "full_id": "w671614509", "osm_id": "671614509", "osm_type": "way", "building": "yes", "building:flats": null, "nat_name": null, "height": null, "craft": null, "image": null, "email": null, "name:en": null, "building:levels": null, "website": null, "phone": null, "opening_hours": null, "office": null, "description": null, "addr:street": null, "addr:postcode": null, "addr:housenumber": null, "addr:city": null, "zone": "11", "region": "6", "Perimeter": "78.40578", "name": null, "healthcare": null, "emergency": null, "amenity": null }, "geometry": { "type": "MultiPolygon", "coordinates": [ [ [ [ 51.423191, 35.7173034 ], [ 51.4231957, 35.7171751 ], [ 51.4231965, 35.7171519 ], [ 51.4231991, 35.7170801 ], [ 51.4231493, 35.7170786 ], [ 51.4230405, 35.7170746 ], [ 51.4230374, 35.717149 ], [ 51.4230321, 35.717299 ], [ 51.423191, 35.7173034 ] ] ] ] } },
{ "type": "Feature", "properties": { "full_id": "w671615301", "osm_id": "671615301", "osm_type": "way", "building": "yes", "building:flats": null, "nat_name": null, "height": null, "craft": null, "image": null, "email": null, "name:en": null, "building:levels": null, "website": null, "phone": null, "opening_hours": null, "office": null, "description": null, "addr:street": null, "addr:postcode": null, "addr:housenumber": null, "addr:city": null, "zone": "11", "region": "6", "Perimeter": "74.50486", "name": null, "healthcare": null, "emergency": null, "amenity": null }, "geometry": { "type": "MultiPolygon", "coordinates": [ [ [ [ 51.4202066, 35.7204425 ], [ 51.4202387, 35.7204438 ], [ 51.4202861, 35.7204456 ], [ 51.4202886, 35.7203994 ], [ 51.4202947, 35.7202799 ], [ 51.4202964, 35.7202427 ], [ 51.4202987, 35.7201901 ], [ 51.4202995, 35.7201738 ], [ 51.4202757, 35.7201731 ], [ 51.4202608, 35.7201726 ], [ 51.4202218, 35.7201713 ], [ 51.4202183, 35.7202403 ], [ 51.4202159, 35.720285 ], [ 51.4202097, 35.720389 ], [ 51.4202066, 35.7204425 ] ] ] ] } },
{ "type": "Feature", "properties": { "full_id": "w671614513", "osm_id": "671614513", "osm_type": "way", "building": "yes", "building:flats": null, "nat_name": null, "height": null, "craft": null, "image": null, "email": null, "name:en": null, "building:levels": null, "website": null, "phone": null, "opening_hours": null, "office": null, "description": null, "addr:street": null, "addr:postcode": null, "addr:housenumber": null, "addr:city": null, "zone": "11", "region": "6", "Perimeter": "64.40351", "name": null, "healthcare": null, "emergency": null, "amenity": null }, "geometry": { "type": "MultiPolygon", "coordinates": [ [ [ [ 51.4232675, 35.7173055 ], [ 51.4232941, 35.7173124 ], [ 51.4232945, 35.7173058 ], [ 51.4233435, 35.7173077 ], [ 51.4233502, 35.7171834 ], [ 51.423351, 35.7171634 ], [ 51.423354, 35.7170834 ], [ 51.4232908, 35.7170819 ], [ 51.4232761, 35.7170823 ], [ 51.4232735, 35.7171534 ], [ 51.4232732, 35.7171615 ], [ 51.4232726, 35.7171769 ], [ 51.4232675, 35.7173055 ] ] ] ] } },
{ "type": "Feature", "properties": { "full_id": "w671614511", "osm_id": "671614511", "osm_type": "way", "building": "yes", "building:flats": null, "nat_name": null, "height": null, "craft": null, "image": null, "email": null, "name:en": null, "building:levels": null, "website": null, "phone": null, "opening_hours": null, "office": null, "description": null, "addr:street": null, "addr:postcode": null, "addr:housenumber": null, "addr:city": null, "zone": "11", "region": "6", "Perimeter": "91.28618", "name": null, "healthcare": null, "emergency": null, "amenity": null }, "geometry": { "type": "MultiPolygon", "coordinates": [ [ [ [ 51.4233435, 35.7173077 ], [ 51.4233855, 35.7173095 ], [ 51.4233936, 35.7173098 ], [ 51.4234156, 35.7173023 ], [ 51.4235789, 35.7170864 ], [ 51.4236013, 35.7170599 ], [ 51.4234916, 35.717058 ], [ 51.4234665, 35.7170575 ], [ 51.4234456, 35.7170571 ], [ 51.4234454, 35.7170616 ], [ 51.4234295, 35.7170613 ], [ 51.4234297, 35.7170555 ], [ 51.423406, 35.717055 ], [ 51.4234059, 35.7170608 ], [ 51.4233905, 35.7170603 ], [ 51.4233908, 35.7170547 ], [ 51.4233553, 35.7170537 ], [ 51.423354, 35.7170834 ], [ 51.423351, 35.7171634 ], [ 51.4233502, 35.7171834 ], [ 51.4233435, 35.7173077 ] ] ] ] } },
{ "type": "Feature", "properties": { "full_id": "w671615304", "osm_id": "671615304", "osm_type": "way", "building": "yes", "building:flats": null, "nat_name": null, "height": null, "craft": null, "image": null, "email": null, "name:en": null, "building:levels": null, "website": null, "phone": null, "opening_hours": null, "office": null, "description": null, "addr:street": null, "addr:postcode": null, "addr:housenumber": null, "addr:city": null, "zone": "11", "region": "6", "Perimeter": "95.26069", "name": null, "healthcare": null, "emergency": null, "amenity": null }, "geometry": { "type": "MultiPolygon", "coordinates": [ [ [ [ 51.4202861, 35.7204456 ], [ 51.4203579, 35.7204482 ], [ 51.4203914, 35.7204335 ], [ 51.4204119, 35.7204017 ], [ 51.4204995, 35.7202663 ], [ 51.4205054, 35.7202574 ], [ 51.4205572, 35.7201804 ], [ 51.4204579, 35.7201782 ], [ 51.420419, 35.7201773 ], [ 51.4203773, 35.7201762 ], [ 51.4203371, 35.720175 ], [ 51.4202995, 35.7201738 ], [ 51.4202987, 35.7201901 ], [ 51.4202964, 35.7202427 ], [ 51.4202947, 35.7202799 ], [ 51.4202886, 35.7203994 ], [ 51.4202861, 35.7204456 ] ] ] ] } },
{ "type": "Feature", "properties": { "full_id": "w671615267", "osm_id": "671615267", "osm_type": "way", "building": "yes", "building:flats": null, "nat_name": null, "height": null, "craft": null, "image": null, "email": null, "name:en": null, "building:levels": null, "website": null, "phone": null, "opening_hours": null, "office": null, "description": null, "addr:street": null, "addr:postcode": null, "addr:housenumber": null, "addr:city": null, "zone": "11", "region": "6", "Perimeter": "86.8525", "name": null, "healthcare": null, "emergency": null, "amenity": null }, "geometry": { "type": "MultiPolygon", "coordinates": [ [ [ [ 51.4190604, 35.7204049 ], [ 51.4192047, 35.720409 ], [ 51.419209, 35.7203185 ], [ 51.4192137, 35.7202345 ], [ 51.4192191, 35.7201366 ], [ 51.4190728, 35.7201319 ], [ 51.4190723, 35.7201424 ], [ 51.4190704, 35.720186 ], [ 51.4190681, 35.7202394 ], [ 51.4190667, 35.7202697 ], [ 51.4190653, 35.7202981 ], [ 51.4190631, 35.7203487 ], [ 51.4190604, 35.7204049 ] ] ] ] } },
{ "type": "Feature", "properties": { "full_id": "w671615264", "osm_id": "671615264", "osm_type": "way", "building": "yes", "building:flats": null, "nat_name": null, "height": null, "craft": null, "image": null, "email": null, "name:en": null, "building:levels": null, "website": null, "phone": null, "opening_hours": null, "office": null, "description": null, "addr:street": null, "addr:postcode": null, "addr:housenumber": null, "addr:city": null, "zone": "11", "region": "6", "Perimeter": "62.92462", "name": null, "healthcare": null, "emergency": null, "amenity": null }, "geometry": { "type": "MultiPolygon", "coordinates": [ [ [ [ 51.4190604, 35.7204049 ], [ 51.4190631, 35.7203487 ], [ 51.4190653, 35.7202981 ], [ 51.4190667, 35.7202697 ], [ 51.4190489, 35.7202691 ], [ 51.4188882, 35.7202612 ], [ 51.4188837, 35.7203173 ], [ 51.4188818, 35.720343 ], [ 51.4188783, 35.7203986 ], [ 51.4190604, 35.7204049 ] ] ] ] } },
{ "type": "Feature", "properties": { "full_id": "w671614495", "osm_id": "671614495", "osm_type": "way", "building": "yes", "building:flats": null, "nat_name": null, "height": null, "craft": null, "image": null, "email": null, "name:en": null, "building:levels": null, "website": null, "phone": null, "opening_hours": null, "office": null, "description": null, "addr:street": null, "addr:postcode": null, "addr:housenumber": null, "addr:city": null, "zone": "11", "region": "6", "Perimeter": "76.74962", "name": null, "healthcare": null, "emergency": null, "amenity": null }, "geometry": { "type": "MultiPolygon", "coordinates": [ [ [ [ 51.4226582, 35.7170942 ], [ 51.4227937, 35.7170963 ], [ 51.4227941, 35.7170787 ], [ 51.4227959, 35.7170188 ], [ 51.4227971, 35.7169795 ], [ 51.4227986, 35.7169368 ], [ 51.4228013, 35.7168614 ], [ 51.4226648, 35.716859 ], [ 51.4226632, 35.7169142 ], [ 51.4226628, 35.7169337 ], [ 51.4226616, 35.7169773 ], [ 51.4226604, 35.7170161 ], [ 51.4226582, 35.7170942 ] ] ] ] } },
{ "type": "Feature", "properties": { "full_id": "w671615273", "osm_id": "671615273", "osm_type": "way", "building": "yes", "building:flats": null, "nat_name": null, "height": null, "craft": null, "image": null, "email": null, "name:en": null, "building:levels": null, "website": null, "phone": null, "opening_hours": null, "office": null, "description": null, "addr:street": null, "addr:postcode": null, "addr:housenumber": null, "addr:city": null, "zone": "11", "region": "6", "Perimeter": "87.6757", "name": null, "healthcare": null, "emergency": null, "amenity": null }, "geometry": { "type": "MultiPolygon", "coordinates": [ [ [ [ 51.4192047, 35.720409 ], [ 51.4193541, 35.7204133 ], [ 51.4193634, 35.7202583 ], [ 51.4193646, 35.7202411 ], [ 51.4193711, 35.7201418 ], [ 51.4193188, 35.7201398 ], [ 51.4192728, 35.7201384 ], [ 51.4192191, 35.7201366 ], [ 51.4192137, 35.7202345 ], [ 51.419209, 35.7203185 ], [ 51.4192047, 35.720409 ] ] ] ] } },
{ "type": "Feature", "properties": { "full_id": "w671615278", "osm_id": "671615278", "osm_type": "way", "building": "yes", "building:flats": null, "nat_name": null, "height": null, "craft": null, "image": null, "email": null, "name:en": null, "building:levels": null, "website": null, "phone": null, "opening_hours": null, "office": null, "description": null, "addr:street": null, "addr:postcode": null, "addr:housenumber": null, "addr:city": null, "zone": "11", "region": "6", "Perimeter": "87.88201", "name": null, "healthcare": null, "emergency": null, "amenity": null }, "geometry": { "type": "MultiPolygon", "coordinates": [ [ [ [ 51.4195124, 35.7204179 ], [ 51.4196654, 35.7204227 ], [ 51.4196701, 35.7203393 ], [ 51.419674, 35.7202782 ], [ 51.4196745, 35.7202706 ], [ 51.4196817, 35.7201517 ], [ 51.4195697, 35.7201482 ], [ 51.4195288, 35.7201468 ], [ 51.4195215, 35.720265 ], [ 51.419521, 35.7202718 ], [ 51.4195186, 35.7203099 ], [ 51.4195171, 35.7203334 ], [ 51.4195124, 35.7204179 ] ] ] ] } },
{ "type": "Feature", "properties": { "full_id": "w671615276", "osm_id": "671615276", "osm_type": "way", "building": "yes", "building:flats": null, "nat_name": null, "height": null, "craft": null, "image": null, "email": null, "name:en": null, "building:levels": null, "website": null, "phone": null, "opening_hours": null, "office": null, "description": null, "addr:street": null, "addr:postcode": null, "addr:housenumber": null, "addr:city": null, "zone": "11", "region": "6", "Perimeter": "88.85403", "name": null, "healthcare": null, "emergency": null, "amenity": null }, "geometry": { "type": "MultiPolygon", "coordinates": [ [ [ [ 51.4193541, 35.7204133 ], [ 51.4195124, 35.7204179 ], [ 51.4195171, 35.7203334 ], [ 51.4195186, 35.7203099 ], [ 51.419521, 35.7202718 ], [ 51.4195215, 35.720265 ], [ 51.4195288, 35.7201468 ], [ 51.4194505, 35.7201444 ], [ 51.4194136, 35.7201433 ], [ 51.4193711, 35.7201418 ], [ 51.4193646, 35.7202411 ], [ 51.4193634, 35.7202583 ], [ 51.4193541, 35.7204133 ] ] ] ] } },
{ "type": "Feature", "properties": { "full_id": "w671615284", "osm_id": "671615284", "osm_type": "way", "building": "yes", "building:flats": null, "nat_name": null, "height": null, "craft": null, "image": null, "email": null, "name:en": null, "building:levels": null, "website": null, "phone": null, "opening_hours": null, "office": null, "description": null, "addr:street": null, "addr:postcode": null, "addr:housenumber": null, "addr:city": null, "zone": "11", "region": "6", "Perimeter": "74.5932", "name": null, "healthcare": null, "emergency": null, "amenity": null }, "geometry": { "type": "MultiPolygon", "coordinates": [ [ [ [ 51.4198216, 35.7204281 ], [ 51.4198512, 35.7204292 ], [ 51.4199012, 35.7204309 ], [ 51.4199067, 35.7203134 ], [ 51.4199092, 35.7202633 ], [ 51.419914, 35.7201594 ], [ 51.4198352, 35.7201568 ], [ 51.4198302, 35.7202605 ], [ 51.4198293, 35.7202766 ], [ 51.4198275, 35.7203107 ], [ 51.4198216, 35.7204281 ] ] ] ] } },
{ "type": "Feature", "properties": { "full_id": "w671615281", "osm_id": "671615281", "osm_type": "way", "building": "yes", "building:flats": null, "nat_name": null, "height": null, "craft": null, "image": null, "email": null, "name:en": null, "building:levels": null, "website": null, "phone": null, "opening_hours": null, "office": null, "description": null, "addr:street": null, "addr:postcode": null, "addr:housenumber": null, "addr:city": null, "zone": "11", "region": "6", "Perimeter": "88.25411", "name": null, "healthcare": null, "emergency": null, "amenity": null }, "geometry": { "type": "MultiPolygon", "coordinates": [ [ [ [ 51.4196654, 35.7204227 ], [ 51.4198216, 35.7204281 ], [ 51.4198275, 35.7203107 ], [ 51.4198293, 35.7202766 ], [ 51.4198302, 35.7202605 ], [ 51.4198352, 35.7201568 ], [ 51.4198022, 35.7201557 ], [ 51.4196817, 35.7201517 ], [ 51.4196745, 35.7202706 ], [ 51.419674, 35.7202782 ], [ 51.4196701, 35.7203393 ], [ 51.4196654, 35.7204227 ] ] ] ] } },
{ "type": "Feature", "properties": { "full_id": "w671614488", "osm_id": "671614488", "osm_type": "way", "building": "yes", "building:flats": null, "nat_name": null, "height": null, "craft": null, "image": null, "email": null, "name:en": null, "building:levels": null, "website": null, "phone": null, "opening_hours": null, "office": null, "description": null, "addr:street": null, "addr:postcode": null, "addr:housenumber": null, "addr:city": null, "zone": "11", "region": "6", "Perimeter": "57.03593", "name": null, "healthcare": null, "emergency": null, "amenity": null }, "geometry": { "type": "MultiPolygon", "coordinates": [ [ [ [ 51.4232908, 35.7170819 ], [ 51.423354, 35.7170834 ], [ 51.4233553, 35.7170537 ], [ 51.4233599, 35.7169507 ], [ 51.4233614, 35.7169174 ], [ 51.4233619, 35.7169048 ], [ 51.423363, 35.7168793 ], [ 51.423297, 35.7168774 ], [ 51.4232951, 35.7169344 ], [ 51.4232947, 35.7169472 ], [ 51.4232921, 35.7170435 ], [ 51.4232908, 35.7170819 ] ] ] ] } },
{ "type": "Feature", "properties": { "full_id": "w671614487", "osm_id": "671614487", "osm_type": "way", "building": "yes", "building:flats": null, "nat_name": null, "height": null, "craft": null, "image": null, "email": null, "name:en": null, "building:levels": null, "website": null, "phone": null, "opening_hours": null, "office": null, "description": null, "addr:street": null, "addr:postcode": null, "addr:housenumber": null, "addr:city": null, "zone": "11", "region": "6", "Perimeter": "65.60618", "name": null, "healthcare": null, "emergency": null, "amenity": null }, "geometry": { "type": "MultiPolygon", "coordinates": [ [ [ [ 51.4232761, 35.7170823 ], [ 51.4232908, 35.7170819 ], [ 51.4232921, 35.7170435 ], [ 51.4232947, 35.7169472 ], [ 51.4232951, 35.7169344 ], [ 51.423297, 35.7168774 ], [ 51.4232975, 35.7168594 ], [ 51.4232085, 35.7168586 ], [ 51.4232081, 35.7168722 ], [ 51.4232057, 35.7169323 ], [ 51.4232049, 35.7169509 ], [ 51.4232029, 35.716997 ], [ 51.4232006, 35.7170478 ], [ 51.4231991, 35.7170801 ], [ 51.4232126, 35.7170805 ], [ 51.4232761, 35.7170823 ] ] ] ] } },
{ "type": "Feature", "properties": { "full_id": "w671614490", "osm_id": "671614490", "osm_type": "way", "building": "yes", "building:flats": null, "nat_name": null, "height": null, "craft": null, "image": null, "email": null, "name:en": null, "building:levels": null, "website": null, "phone": null, "opening_hours": null, "office": null, "description": null, "addr:street": null, "addr:postcode": null, "addr:housenumber": null, "addr:city": null, "zone": "11", "region": "6", "Perimeter": "77.1547", "name": null, "healthcare": null, "emergency": null, "amenity": null }, "geometry": { "type": "MultiPolygon", "coordinates": [ [ [ [ 51.4222422, 35.7170758 ], [ 51.4222419, 35.7170879 ], [ 51.4223801, 35.7170901 ], [ 51.4223848, 35.7169449 ], [ 51.422385, 35.7169366 ], [ 51.4223869, 35.716856 ], [ 51.4223811, 35.716856 ], [ 51.4223416, 35.7168551 ], [ 51.4222469, 35.7168534 ], [ 51.4222453, 35.716926 ], [ 51.4222448, 35.7169423 ], [ 51.4222434, 35.7170094 ], [ 51.4222422, 35.7170758 ] ] ] ] } },
{ "type": "Feature", "properties": { "full_id": "w671614491", "osm_id": "671614491", "osm_type": "way", "building": "yes", "building:flats": null, "nat_name": null, "height": null, "craft": null, "image": null, "email": null, "name:en": null, "building:levels": null, "website": null, "phone": null, "opening_hours": null, "office": null, "description": null, "addr:street": null, "addr:postcode": null, "addr:housenumber": null, "addr:city": null, "zone": "11", "region": "6", "Perimeter": "76.65018", "name": null, "healthcare": null, "emergency": null, "amenity": null }, "geometry": { "type": "MultiPolygon", "coordinates": [ [ [ [ 51.4223801, 35.7170901 ], [ 51.4225184, 35.7170922 ], [ 51.4225211, 35.7169541 ], [ 51.4225214, 35.7169378 ], [ 51.4225244, 35.7169138 ], [ 51.4225209, 35.7168575 ], [ 51.4224396, 35.7168568 ], [ 51.4223869, 35.716856 ], [ 51.422385, 35.7169366 ], [ 51.4223848, 35.7169449 ], [ 51.4223801, 35.7170901 ] ] ] ] } },
{ "type": "Feature", "properties": { "full_id": "w671614494", "osm_id": "671614494", "osm_type": "way", "building": "yes", "building:flats": null, "nat_name": null, "height": null, "craft": null, "image": null, "email": null, "name:en": null, "building:levels": null, "website": null, "phone": null, "opening_hours": null, "office": null, "description": null, "addr:street": null, "addr:postcode": null, "addr:housenumber": null, "addr:city": null, "zone": "11", "region": "6", "Perimeter": "63.99779", "name": null, "healthcare": null, "emergency": null, "amenity": null }, "geometry": { "type": "MultiPolygon", "coordinates": [ [ [ [ 51.422594, 35.7170931 ], [ 51.4226582, 35.7170942 ], [ 51.4226604, 35.7170161 ], [ 51.4226616, 35.7169773 ], [ 51.4226628, 35.7169337 ], [ 51.4226632, 35.7169142 ], [ 51.4226648, 35.716859 ], [ 51.4226583, 35.7168589 ], [ 51.4226165, 35.7168583 ], [ 51.4225983, 35.7168581 ], [ 51.4225977, 35.7169136 ], [ 51.4225973, 35.7169327 ], [ 51.4225969, 35.7169551 ], [ 51.422594, 35.7170931 ] ] ] ] } },
{ "type": "Feature", "properties": { "full_id": "w671614493", "osm_id": "671614493", "osm_type": "way", "building": "yes", "building:flats": null, "nat_name": null, "height": null, "craft": null, "image": null, "email": null, "name:en": null, "building:levels": null, "website": null, "phone": null, "opening_hours": null, "office": null, "description": null, "addr:street": null, "addr:postcode": null, "addr:housenumber": null, "addr:city": null, "zone": "11", "region": "6", "Perimeter": "65.9518", "name": null, "healthcare": null, "emergency": null, "amenity": null }, "geometry": { "type": "MultiPolygon", "coordinates": [ [ [ [ 51.4225184, 35.7170922 ], [ 51.422594, 35.7170931 ], [ 51.4225969, 35.7169551 ], [ 51.4225973, 35.7169327 ], [ 51.4225977, 35.7169136 ], [ 51.4225983, 35.7168581 ], [ 51.42256, 35.7168578 ], [ 51.4225209, 35.7168575 ], [ 51.4225244, 35.7169138 ], [ 51.4225214, 35.7169378 ], [ 51.4225211, 35.7169541 ], [ 51.4225184, 35.7170922 ] ] ] ] } },
{ "type": "Feature", "properties": { "full_id": "w671615102", "osm_id": "671615102", "osm_type": "way", "building": "yes", "building:flats": null, "nat_name": null, "height": null, "craft": null, "image": null, "email": null, "name:en": null, "building:levels": null, "website": null, "phone": null, "opening_hours": null, "office": null, "description": null, "addr:street": null, "addr:postcode": null, "addr:housenumber": null, "addr:city": null, "zone": "11", "region": "6", "Perimeter": "74.34854", "name": null, "healthcare": null, "emergency": null, "amenity": null }, "geometry": { "type": "MultiPolygon", "coordinates": [ [ [ [ 51.4204883, 35.7198152 ], [ 51.4205199, 35.7198166 ], [ 51.420567, 35.7198185 ], [ 51.4205691, 35.719771 ], [ 51.4205724, 35.7196383 ], [ 51.4205751, 35.7195474 ], [ 51.4205213, 35.719546 ], [ 51.4204955, 35.7195454 ], [ 51.4204929, 35.719637 ], [ 51.4204915, 35.7196985 ], [ 51.4204899, 35.7197692 ], [ 51.4204883, 35.7198152 ] ] ] ] } },
{ "type": "Feature", "properties": { "full_id": "w671614479", "osm_id": "671614479", "osm_type": "way", "building": "yes", "building:flats": null, "nat_name": null, "height": null, "craft": null, "image": null, "email": null, "name:en": null, "building:levels": null, "website": null, "phone": null, "opening_hours": null, "office": null, "description": null, "addr:street": null, "addr:postcode": null, "addr:housenumber": null, "addr:city": null, "zone": "11", "region": "6", "Perimeter": "65.23798", "name": null, "healthcare": null, "emergency": null, "amenity": null }, "geometry": { "type": "MultiPolygon", "coordinates": [ [ [ [ 51.4213785, 35.7170741 ], [ 51.4214245, 35.7170752 ], [ 51.4214541, 35.717076 ], [ 51.4214564, 35.7170255 ], [ 51.421459, 35.7169716 ], [ 51.4214619, 35.7169144 ], [ 51.4214656, 35.7168452 ], [ 51.4213864, 35.7168432 ], [ 51.4213843, 35.7169124 ], [ 51.4213785, 35.7170741 ] ] ] ] } },
{ "type": "Feature", "properties": { "full_id": "w671614478", "osm_id": "671614478", "osm_type": "way", "building": "yes", "building:flats": null, "nat_name": null, "height": null, "craft": null, "image": null, "email": null, "name:en": null, "building:levels": null, "website": null, "phone": null, "opening_hours": null, "office": null, "description": null, "addr:street": null, "addr:postcode": null, "addr:housenumber": null, "addr:city": null, "zone": "11", "region": "6", "Perimeter": "65.28763", "name": null, "healthcare": null, "emergency": null, "amenity": null }, "geometry": { "type": "MultiPolygon", "coordinates": [ [ [ [ 51.4213017, 35.7170723 ], [ 51.4213785, 35.7170741 ], [ 51.4213843, 35.7169124 ], [ 51.4213864, 35.7168432 ], [ 51.4213075, 35.7168417 ], [ 51.4213061, 35.7169111 ], [ 51.4213049, 35.7169604 ], [ 51.4213017, 35.7170723 ] ] ] ] } },
{ "type": "Feature", "properties": { "full_id": "w671615104", "osm_id": "671615104", "osm_type": "way", "building": "yes", "building:flats": null, "nat_name": null, "height": null, "craft": null, "image": null, "email": null, "name:en": null, "building:levels": null, "website": null, "phone": null, "opening_hours": null, "office": null, "description": null, "addr:street": null, "addr:postcode": null, "addr:housenumber": null, "addr:city": null, "zone": "11", "region": "6", "Perimeter": "74.42905", "name": null, "healthcare": null, "emergency": null, "amenity": null }, "geometry": { "type": "MultiPolygon", "coordinates": [ [ [ [ 51.4206443, 35.7198213 ], [ 51.4207228, 35.7198237 ], [ 51.4207256, 35.7196943 ], [ 51.420726, 35.7196701 ], [ 51.4207264, 35.7196452 ], [ 51.4207288, 35.7195519 ], [ 51.4206918, 35.719551 ], [ 51.420651, 35.7195497 ], [ 51.4206477, 35.7196397 ], [ 51.4206476, 35.7196441 ], [ 51.4206472, 35.7196693 ], [ 51.4206443, 35.7198213 ] ] ] ] } },
{ "type": "Feature", "properties": { "full_id": "w671614482", "osm_id": "671614482", "osm_type": "way", "building": "yes", "building:flats": null, "nat_name": null, "height": null, "craft": null, "image": null, "email": null, "name:en": null, "building:levels": null, "website": null, "phone": null, "opening_hours": null, "office": null, "description": null, "addr:street": null, "addr:postcode": null, "addr:housenumber": null, "addr:city": null, "zone": "11", "region": "6", "Perimeter": "77.49083", "name": null, "healthcare": null, "emergency": null, "amenity": null }, "geometry": { "type": "MultiPolygon", "coordinates": [ [ [ [ 51.4214541, 35.717076 ], [ 51.4216002, 35.71708 ], [ 51.4216019, 35.7170405 ], [ 51.4216025, 35.7170264 ], [ 51.4216045, 35.7169754 ], [ 51.4216067, 35.7169184 ], [ 51.4216081, 35.7168823 ], [ 51.4216094, 35.7168488 ], [ 51.4215283, 35.716847 ], [ 51.4214656, 35.7168452 ], [ 51.4214619, 35.7169144 ], [ 51.421459, 35.7169716 ], [ 51.4214564, 35.7170255 ], [ 51.4214541, 35.717076 ] ] ] ] } },
{ "type": "Feature", "properties": { "full_id": "w671615103", "osm_id": "671615103", "osm_type": "way", "building": "yes", "building:flats": null, "nat_name": null, "height": null, "craft": null, "image": null, "email": null, "name:en": null, "building:levels": null, "website": null, "phone": null, "opening_hours": null, "office": null, "description": null, "addr:street": null, "addr:postcode": null, "addr:housenumber": null, "addr:city": null, "zone": "11", "region": "6", "Perimeter": "74.0663", "name": null, "healthcare": null, "emergency": null, "amenity": null }, "geometry": { "type": "MultiPolygon", "coordinates": [ [ [ [ 51.420567, 35.7198185 ], [ 51.4206443, 35.7198213 ], [ 51.4206472, 35.7196693 ], [ 51.4206476, 35.7196441 ], [ 51.4206477, 35.7196397 ], [ 51.420651, 35.7195497 ], [ 51.4205992, 35.7195481 ], [ 51.4205751, 35.7195474 ], [ 51.4205724, 35.7196383 ], [ 51.4205691, 35.719771 ], [ 51.420567, 35.7198185 ] ] ] ] } },
{ "type": "Feature", "properties": { "full_id": "w671614480", "osm_id": "671614480", "osm_type": "way", "building": "yes", "building:flats": null, "nat_name": null, "height": null, "craft": null, "image": null, "email": null, "name:en": null, "building:levels": null, "website": null, "phone": null, "opening_hours": null, "office": null, "description": null, "addr:street": null, "addr:postcode": null, "addr:housenumber": null, "addr:city": null, "zone": "11", "region": "6", "Perimeter": "74.5873", "name": null, "healthcare": null, "emergency": null, "amenity": null }, "geometry": { "type": "MultiPolygon", "coordinates": [ [ [ [ 51.4221039, 35.7170738 ], [ 51.422199, 35.7170751 ], [ 51.4222422, 35.7170758 ], [ 51.4222434, 35.7170094 ], [ 51.4222448, 35.7169423 ], [ 51.4222453, 35.716926 ], [ 51.4222469, 35.7168534 ], [ 51.422185, 35.7168522 ], [ 51.422107, 35.7168507 ], [ 51.4221067, 35.7169241 ], [ 51.4221066, 35.7169369 ], [ 51.4221061, 35.7169697 ], [ 51.4221039, 35.7170738 ] ] ] ] } },
{ "type": "Feature", "properties": { "full_id": "w671615106", "osm_id": "671615106", "osm_type": "way", "building": "yes", "building:flats": null, "nat_name": null, "height": null, "craft": null, "image": null, "email": null, "name:en": null, "building:levels": null, "website": null, "phone": null, "opening_hours": null, "office": null, "description": null, "addr:street": null, "addr:postcode": null, "addr:housenumber": null, "addr:city": null, "zone": "11", "region": "6", "Perimeter": "86.83892", "name": null, "healthcare": null, "emergency": null, "amenity": null }, "geometry": { "type": "MultiPolygon", "coordinates": [ [ [ [ 51.4207942, 35.7198258 ], [ 51.4208844, 35.7198285 ], [ 51.4209104, 35.719814 ], [ 51.4209858, 35.7195597 ], [ 51.4209599, 35.7195589 ], [ 51.4208976, 35.7195569 ], [ 51.4208016, 35.7195542 ], [ 51.4207987, 35.7196463 ], [ 51.4207977, 35.7196953 ], [ 51.4207942, 35.7198258 ] ] ] ] } },
{ "type": "Feature", "properties": { "full_id": "w671614484", "osm_id": "671614484", "osm_type": "way", "building": "yes", "building:flats": null, "nat_name": null, "height": null, "craft": null, "image": null, "email": null, "name:en": null, "building:levels": null, "website": null, "phone": null, "opening_hours": null, "office": null, "description": null, "addr:street": null, "addr:postcode": null, "addr:housenumber": null, "addr:city": null, "zone": "11", "region": "6", "Perimeter": "72.20054", "name": null, "healthcare": null, "emergency": null, "amenity": null }, "geometry": { "type": "MultiPolygon", "coordinates": [ [ [ [ 51.4227941, 35.7170787 ], [ 51.4229152, 35.7170806 ], [ 51.4229339, 35.7170611 ], [ 51.4229382, 35.7169234 ], [ 51.42294, 35.7168642 ], [ 51.4228652, 35.7168627 ], [ 51.4228013, 35.7168614 ], [ 51.4227986, 35.7169368 ], [ 51.4227971, 35.7169795 ], [ 51.4227959, 35.7170188 ], [ 51.4227941, 35.7170787 ] ] ] ] } },
{ "type": "Feature", "properties": { "full_id": "w671615105", "osm_id": "671615105", "osm_type": "way", "building": "yes", "building:flats": null, "nat_name": null, "height": null, "craft": null, "image": null, "email": null, "name:en": null, "building:levels": null, "website": null, "phone": null, "opening_hours": null, "office": null, "description": null, "addr:street": null, "addr:postcode": null, "addr:housenumber": null, "addr:city": null, "zone": "11", "region": "6", "Perimeter": "73.31946", "name": null, "healthcare": null, "emergency": null, "amenity": null }, "geometry": { "type": "MultiPolygon", "coordinates": [ [ [ [ 51.4207228, 35.7198237 ], [ 51.4207942, 35.7198258 ], [ 51.4207977, 35.7196953 ], [ 51.4207987, 35.7196463 ], [ 51.4208016, 35.7195542 ], [ 51.4207769, 35.7195535 ], [ 51.4207335, 35.7195521 ], [ 51.4207288, 35.7195519 ], [ 51.4207264, 35.7196452 ], [ 51.420726, 35.7196701 ], [ 51.4207256, 35.7196943 ], [ 51.4207228, 35.7198237 ] ] ] ] } },
{ "type": "Feature", "properties": { "full_id": "w671614483", "osm_id": "671614483", "osm_type": "way", "building": "yes", "building:flats": null, "nat_name": null, "height": null, "craft": null, "image": null, "email": null, "name:en": null, "building:levels": null, "website": null, "phone": null, "opening_hours": null, "office": null, "description": null, "addr:street": null, "addr:postcode": null, "addr:housenumber": null, "addr:city": null, "zone": "11", "region": "6", "Perimeter": "76.18237", "name": null, "healthcare": null, "emergency": null, "amenity": null }, "geometry": { "type": "MultiPolygon", "coordinates": [ [ [ [ 51.421963, 35.7170829 ], [ 51.4219651, 35.7169845 ], [ 51.4219658, 35.7169355 ], [ 51.4219662, 35.7169155 ], [ 51.4219678, 35.7168478 ], [ 51.4218329, 35.7168442 ], [ 51.4218304, 35.7169129 ], [ 51.4218253, 35.7170667 ], [ 51.4218378, 35.7170803 ], [ 51.421963, 35.7170829 ] ] ] ] } },
{ "type": "Feature", "properties": { "full_id": "w671614486", "osm_id": "671614486", "osm_type": "way", "building": "yes", "building:flats": null, "nat_name": null, "height": null, "craft": null, "image": null, "email": null, "name:en": null, "building:levels": null, "website": null, "phone": null, "opening_hours": null, "office": null, "description": null, "addr:street": null, "addr:postcode": null, "addr:housenumber": null, "addr:city": null, "zone": "11", "region": "6", "Perimeter": "77.45025", "name": null, "healthcare": null, "emergency": null, "amenity": null }, "geometry": { "type": "MultiPolygon", "coordinates": [ [ [ [ 51.421963, 35.7170829 ], [ 51.4221036, 35.7170856 ], [ 51.4221039, 35.7170738 ], [ 51.4221061, 35.7169697 ], [ 51.4221066, 35.7169369 ], [ 51.4221067, 35.7169241 ], [ 51.422107, 35.7168507 ], [ 51.422061, 35.71685 ], [ 51.4219678, 35.7168478 ], [ 51.4219662, 35.7169155 ], [ 51.4219658, 35.7169355 ], [ 51.4219651, 35.7169845 ], [ 51.421963, 35.7170829 ] ] ] ] } },
{ "type": "Feature", "properties": { "full_id": "w671614485", "osm_id": "671614485", "osm_type": "way", "building": "yes", "building:flats": null, "nat_name": null, "height": null, "craft": null, "image": null, "email": null, "name:en": null, "building:levels": null, "website": null, "phone": null, "opening_hours": null, "office": null, "description": null, "addr:street": null, "addr:postcode": null, "addr:housenumber": null, "addr:city": null, "zone": "11", "region": "6", "Perimeter": "73.62421", "name": null, "healthcare": null, "emergency": null, "amenity": null }, "geometry": { "type": "MultiPolygon", "coordinates": [ [ [ [ 51.4230405, 35.7170746 ], [ 51.4231493, 35.7170786 ], [ 51.4231991, 35.7170801 ], [ 51.4232006, 35.7170478 ], [ 51.4232029, 35.716997 ], [ 51.4232049, 35.7169509 ], [ 51.4232057, 35.7169323 ], [ 51.4232081, 35.7168722 ], [ 51.4230713, 35.7168685 ], [ 51.4230501, 35.716882 ], [ 51.4230471, 35.7169464 ], [ 51.4230405, 35.7170746 ] ] ] ] } },
{ "type": "Feature", "properties": { "full_id": "w671615092", "osm_id": "671615092", "osm_type": "way", "building": "yes", "building:flats": null, "nat_name": null, "height": null, "craft": null, "image": null, "email": null, "name:en": null, "building:levels": null, "website": null, "phone": null, "opening_hours": null, "office": null, "description": null, "addr:street": null, "addr:postcode": null, "addr:housenumber": null, "addr:city": null, "zone": "11", "region": "6", "Perimeter": "74.11701", "name": null, "healthcare": null, "emergency": null, "amenity": null }, "geometry": { "type": "MultiPolygon", "coordinates": [ [ [ [ 51.4199483, 35.7197989 ], [ 51.4200256, 35.7198011 ], [ 51.4200295, 35.7197004 ], [ 51.420032, 35.7196299 ], [ 51.4200325, 35.7196159 ], [ 51.4200357, 35.7195314 ], [ 51.4200042, 35.7195305 ], [ 51.4199551, 35.7195294 ], [ 51.4199526, 35.7196265 ], [ 51.4199524, 35.7196334 ], [ 51.4199508, 35.7197196 ], [ 51.4199483, 35.7197989 ] ] ] ] } },
{ "type": "Feature", "properties": { "full_id": "w671615095", "osm_id": "671615095", "osm_type": "way", "building": "yes", "building:flats": null, "nat_name": null, "height": null, "craft": null, "image": null, "email": null, "name:en": null, "building:levels": null, "website": null, "phone": null, "opening_hours": null, "office": null, "description": null, "addr:street": null, "addr:postcode": null, "addr:housenumber": null, "addr:city": null, "zone": "11", "region": "6", "Perimeter": "73.56474", "name": null, "healthcare": null, "emergency": null, "amenity": null }, "geometry": { "type": "MultiPolygon", "coordinates": [ [ [ [ 51.4201029, 35.7198032 ], [ 51.420178, 35.7198055 ], [ 51.4201807, 35.7197475 ], [ 51.4201827, 35.7197043 ], [ 51.4201833, 35.7196896 ], [ 51.4201837, 35.7196787 ], [ 51.4201851, 35.7196463 ], [ 51.420186, 35.7196249 ], [ 51.4201862, 35.7196196 ], [ 51.4201897, 35.7195359 ], [ 51.4201351, 35.7195342 ], [ 51.4201133, 35.7195335 ], [ 51.4201101, 35.7196178 ], [ 51.4201092, 35.7196444 ], [ 51.4201069, 35.7197023 ], [ 51.4201058, 35.7197342 ], [ 51.4201029, 35.7198032 ] ] ] ] } },
{ "type": "Feature", "properties": { "full_id": "w671615094", "osm_id": "671615094", "osm_type": "way", "building": "yes", "building:flats": null, "nat_name": null, "height": null, "craft": null, "image": null, "email": null, "name:en": null, "building:levels": null, "website": null, "phone": null, "opening_hours": null, "office": null, "description": null, "addr:street": null, "addr:postcode": null, "addr:housenumber": null, "addr:city": null, "zone": "11", "region": "6", "Perimeter": "73.87766", "name": null, "healthcare": null, "emergency": null, "amenity": null }, "geometry": { "type": "MultiPolygon", "coordinates": [ [ [ [ 51.4200256, 35.7198011 ], [ 51.4201029, 35.7198032 ], [ 51.4201058, 35.7197342 ], [ 51.4201069, 35.7197023 ], [ 51.4201092, 35.7196444 ], [ 51.4201101, 35.7196178 ], [ 51.4201133, 35.7195335 ], [ 51.4200357, 35.7195314 ], [ 51.4200325, 35.7196159 ], [ 51.420032, 35.7196299 ], [ 51.4200295, 35.7197004 ], [ 51.4200256, 35.7198011 ] ] ] ] } },
{ "type": "Feature", "properties": { "full_id": "w671615097", "osm_id": "671615097", "osm_type": "way", "building": "yes", "building:flats": null, "nat_name": null, "height": null, "craft": null, "image": null, "email": null, "name:en": null, "building:levels": null, "website": null, "phone": null, "opening_hours": null, "office": null, "description": null, "addr:street": null, "addr:postcode": null, "addr:housenumber": null, "addr:city": null, "zone": "11", "region": "6", "Perimeter": "88.62254", "name": null, "healthcare": null, "emergency": null, "amenity": null }, "geometry": { "type": "MultiPolygon", "coordinates": [ [ [ [ 51.420178, 35.7198055 ], [ 51.4203369, 35.7198104 ], [ 51.4203418, 35.719696 ], [ 51.4203434, 35.7196483 ], [ 51.4203438, 35.7196342 ], [ 51.420344, 35.7196295 ], [ 51.4203485, 35.7195406 ], [ 51.4203126, 35.7195395 ], [ 51.4202799, 35.7195385 ], [ 51.4202638, 35.7195381 ], [ 51.4201897, 35.7195359 ], [ 51.4201862, 35.7196196 ], [ 51.420186, 35.7196249 ], [ 51.4201851, 35.7196463 ], [ 51.4201837, 35.7196787 ], [ 51.4201833, 35.7196896 ], [ 51.4201827, 35.7197043 ], [ 51.4201807, 35.7197475 ], [ 51.420178, 35.7198055 ] ] ] ] } },
{ "type": "Feature", "properties": { "full_id": "w671615100", "osm_id": "671615100", "osm_type": "way", "building": "yes", "building:flats": null, "nat_name": null, "height": null, "craft": null, "image": null, "email": null, "name:en": null, "building:levels": null, "website": null, "phone": null, "opening_hours": null, "office": null, "description": null, "addr:street": null, "addr:postcode": null, "addr:housenumber": null, "addr:city": null, "zone": "11", "region": "6", "Perimeter": "81.34515", "name": null, "healthcare": null, "emergency": null, "amenity": null }, "geometry": { "type": "MultiPolygon", "coordinates": [ [ [ [ 51.4213815, 35.7197662 ], [ 51.4213858, 35.7197681 ], [ 51.4214109, 35.7197786 ], [ 51.4214912, 35.7198121 ], [ 51.4215546, 35.7197178 ], [ 51.4215807, 35.7196793 ], [ 51.4216472, 35.7195822 ], [ 51.421536, 35.7195316 ], [ 51.4215018, 35.7195822 ], [ 51.4214722, 35.7196264 ], [ 51.4214451, 35.7196675 ], [ 51.4214, 35.7197373 ], [ 51.4213815, 35.7197662 ] ] ] ] } },
{ "type": "Feature", "properties": { "full_id": "w671615098", "osm_id": "671615098", "osm_type": "way", "building": "yes", "building:flats": null, "nat_name": null, "height": null, "craft": null, "image": null, "email": null, "name:en": null, "building:levels": null, "website": null, "phone": null, "opening_hours": null, "office": null, "description": null, "addr:street": null, "addr:postcode": null, "addr:housenumber": null, "addr:city": null, "zone": "11", "region": "6", "Perimeter": "86.88955", "name": null, "healthcare": null, "emergency": null, "amenity": null }, "geometry": { "type": "MultiPolygon", "coordinates": [ [ [ [ 51.4203369, 35.7198104 ], [ 51.4204883, 35.7198152 ], [ 51.4204899, 35.7197692 ], [ 51.4204915, 35.7196985 ], [ 51.4204929, 35.719637 ], [ 51.4204955, 35.7195454 ], [ 51.4204748, 35.7195448 ], [ 51.42043, 35.7195434 ], [ 51.4203913, 35.7195421 ], [ 51.4203485, 35.7195406 ], [ 51.420344, 35.7196295 ], [ 51.4203438, 35.7196342 ], [ 51.4203434, 35.7196483 ], [ 51.4203418, 35.719696 ], [ 51.4203369, 35.7198104 ] ] ] ] } },
{ "type": "Feature", "properties": { "full_id": "w671615084", "osm_id": "671615084", "osm_type": "way", "building": "yes", "building:flats": null, "nat_name": null, "height": null, "craft": null, "image": null, "email": null, "name:en": null, "building:levels": null, "website": null, "phone": null, "opening_hours": null, "office": null, "description": null, "addr:street": null, "addr:postcode": null, "addr:housenumber": null, "addr:city": null, "zone": "11", "region": "6", "Perimeter": "43.3682", "name": null, "healthcare": null, "emergency": null, "amenity": null }, "geometry": { "type": "MultiPolygon", "coordinates": [ [ [ [ 51.4194873, 35.7197858 ], [ 51.4195637, 35.719788 ], [ 51.4195674, 35.7196886 ], [ 51.419568, 35.7196729 ], [ 51.4195687, 35.7196545 ], [ 51.4195022, 35.719653 ], [ 51.4194927, 35.7196527 ], [ 51.4194923, 35.7196617 ], [ 51.419492, 35.719671 ], [ 51.4194913, 35.7196867 ], [ 51.4194873, 35.7197858 ] ] ] ] } },
{ "type": "Feature", "properties": { "full_id": "w671614394", "osm_id": "671614394", "osm_type": "way", "building": "yes", "building:flats": null, "nat_name": null, "height": null, "craft": null, "image": null, "email": null, "name:en": null, "building:levels": null, "website": "http://tsbib.com", "phone": "+98 21 88916200", "opening_hours": "Sa-We 09:00-17:00", "office": "company", "description": "کارگزاری رسمی بیمه حقوقی", "addr:street": "اول", "addr:postcode": "۱۵۸۵۹۳۸۳۱۳", "addr:housenumber": "۱۷", "addr:city": "تهران", "zone": "11", "region": "6", "Perimeter": "75.98743", "name": "کارگزاری بیمه تأمین صنعت برتر کد ۳۰۳", "healthcare": null, "emergency": null, "amenity": null }, "geometry": { "type": "MultiPolygon", "coordinates": [ [ [ [ 51.4233435, 35.7165842 ], [ 51.4233515, 35.7165843 ], [ 51.4233591, 35.7163589 ], [ 51.4232166, 35.7163564 ], [ 51.4232061, 35.7165809 ], [ 51.4233053, 35.7165833 ], [ 51.4233435, 35.7165842 ] ] ] ] } },
{ "type": "Feature", "properties": { "full_id": "w671615083", "osm_id": "671615083", "osm_type": "way", "building": "yes", "building:flats": null, "nat_name": null, "height": null, "craft": null, "image": null, "email": null, "name:en": null, "building:levels": null, "website": null, "phone": null, "opening_hours": null, "office": null, "description": null, "addr:street": null, "addr:postcode": null, "addr:housenumber": null, "addr:city": null, "zone": "11", "region": "6", "Perimeter": "43.57505", "name": null, "healthcare": null, "emergency": null, "amenity": null }, "geometry": { "type": "MultiPolygon", "coordinates": [ [ [ [ 51.4194091, 35.7197834 ], [ 51.4194873, 35.7197858 ], [ 51.4194913, 35.7196867 ], [ 51.419492, 35.719671 ], [ 51.4194923, 35.7196617 ], [ 51.4194927, 35.7196527 ], [ 51.4194154, 35.7196506 ], [ 51.419415, 35.7196596 ], [ 51.4194136, 35.7196933 ], [ 51.4194091, 35.7197834 ] ] ] ] } },
{ "type": "Feature", "properties": { "full_id": "w671614393", "osm_id": "671614393", "osm_type": "way", "building": "yes", "building:flats": null, "nat_name": null, "height": null, "craft": null, "image": null, "email": null, "name:en": null, "building:levels": null, "website": null, "phone": null, "opening_hours": null, "office": null, "description": null, "addr:street": null, "addr:postcode": null, "addr:housenumber": null, "addr:city": null, "zone": "11", "region": "6", "Perimeter": "76.01106", "name": null, "healthcare": null, "emergency": null, "amenity": null }, "geometry": { "type": "MultiPolygon", "coordinates": [ [ [ [ 51.4230638, 35.7165777 ], [ 51.4231665, 35.7165799 ], [ 51.4232061, 35.7165809 ], [ 51.4232166, 35.7163564 ], [ 51.4230689, 35.7163538 ], [ 51.4230671, 35.7164209 ], [ 51.4230643, 35.7165543 ], [ 51.4230638, 35.7165777 ] ] ] ] } },
{ "type": "Feature", "properties": { "full_id": "w671615086", "osm_id": "671615086", "osm_type": "way", "building": "yes", "building:flats": null, "nat_name": null, "height": null, "craft": null, "image": null, "email": null, "name:en": null, "building:levels": null, "website": null, "phone": null, "opening_hours": null, "office": null, "description": null, "addr:street": null, "addr:postcode": null, "addr:housenumber": null, "addr:city": null, "zone": "11", "region": "6", "Perimeter": "73.1931", "name": null, "healthcare": null, "emergency": null, "amenity": null }, "geometry": { "type": "MultiPolygon", "coordinates": [ [ [ [ 51.4197161, 35.7197921 ], [ 51.4197914, 35.7197943 ], [ 51.4197927, 35.7197655 ], [ 51.4197941, 35.7197329 ], [ 51.4197944, 35.7197261 ], [ 51.4197958, 35.7196955 ], [ 51.4197973, 35.7196597 ], [ 51.4197977, 35.7196496 ], [ 51.4198023, 35.7195487 ], [ 51.4198029, 35.7195268 ], [ 51.4197696, 35.7195263 ], [ 51.4197242, 35.7195257 ], [ 51.4197238, 35.7195471 ], [ 51.4197217, 35.7196334 ], [ 51.4197213, 35.7196483 ], [ 51.4197198, 35.7196933 ], [ 51.4197161, 35.7197921 ] ] ] ] } },
{ "type": "Feature", "properties": { "full_id": "w671614396", "osm_id": "671614396", "osm_type": "way", "building": "yes", "building:flats": null, "nat_name": null, "height": null, "craft": null, "image": null, "email": null, "name:en": null, "building:levels": null, "website": null, "phone": null, "opening_hours": null, "office": null, "description": null, "addr:street": null, "addr:postcode": null, "addr:housenumber": null, "addr:city": null, "zone": "11", "region": "6", "Perimeter": "63.15214", "name": null, "healthcare": null, "emergency": null, "amenity": null }, "geometry": { "type": "MultiPolygon", "coordinates": [ [ [ [ 51.4234836, 35.7165869 ], [ 51.4234943, 35.7165871 ], [ 51.423496, 35.7165433 ], [ 51.4234965, 35.7165333 ], [ 51.4234995, 35.7164603 ], [ 51.4234997, 35.7164532 ], [ 51.4235034, 35.7163618 ], [ 51.4234311, 35.7163602 ], [ 51.4234276, 35.7164488 ], [ 51.4234233, 35.7165413 ], [ 51.4234221, 35.716571 ], [ 51.4234216, 35.7165857 ], [ 51.4234605, 35.7165865 ], [ 51.4234836, 35.7165869 ] ] ] ] } },
{ "type": "Feature", "properties": { "full_id": "w671615085", "osm_id": "671615085", "osm_type": "way", "building": "yes", "building:flats": null, "nat_name": null, "height": null, "craft": null, "image": null, "email": null, "name:en": null, "building:levels": null, "website": null, "phone": null, "opening_hours": null, "office": null, "description": null, "addr:street": null, "addr:postcode": null, "addr:housenumber": null, "addr:city": null, "zone": "11", "region": "6", "Perimeter": "86.341", "name": null, "healthcare": null, "emergency": null, "amenity": null }, "geometry": { "type": "MultiPolygon", "coordinates": [ [ [ [ 51.4195637, 35.719788 ], [ 51.4196365, 35.71979 ], [ 51.4197161, 35.7197921 ], [ 51.4197198, 35.7196933 ], [ 51.4197213, 35.7196483 ], [ 51.4197217, 35.7196334 ], [ 51.4197238, 35.7195471 ], [ 51.4197242, 35.7195257 ], [ 51.419573, 35.7195239 ], [ 51.4195725, 35.7195407 ], [ 51.4195695, 35.7196304 ], [ 51.4195687, 35.7196545 ], [ 51.419568, 35.7196729 ], [ 51.4195674, 35.7196886 ], [ 51.4195637, 35.719788 ] ] ] ] } },
{ "type": "Feature", "properties": { "full_id": "w671614395", "osm_id": "671614395", "osm_type": "way", "building": "yes", "building:flats": null, "nat_name": null, "height": null, "craft": null, "image": null, "email": null, "name:en": null, "building:levels": null, "website": null, "phone": null, "opening_hours": null, "office": null, "description": null, "addr:street": null, "addr:postcode": null, "addr:housenumber": null, "addr:city": null, "zone": "11", "region": "6", "Perimeter": "62.88682", "name": null, "healthcare": null, "emergency": null, "amenity": null }, "geometry": { "type": "MultiPolygon", "coordinates": [ [ [ [ 51.4233515, 35.7165843 ], [ 51.4234216, 35.7165857 ], [ 51.4234221, 35.716571 ], [ 51.4234233, 35.7165413 ], [ 51.4234276, 35.7164488 ], [ 51.4234311, 35.7163602 ], [ 51.4233591, 35.7163589 ], [ 51.4233515, 35.7165843 ] ] ] ] } },
{ "type": "Feature", "properties": { "full_id": "w671615088", "osm_id": "671615088", "osm_type": "way", "building": "yes", "building:flats": null, "nat_name": null, "height": null, "craft": null, "image": null, "email": null, "name:en": null, "building:levels": null, "website": null, "phone": null, "opening_hours": null, "office": null, "description": null, "addr:street": null, "addr:postcode": null, "addr:housenumber": null, "addr:city": null, "zone": "11", "region": "6", "Perimeter": "73.39611", "name": null, "healthcare": null, "emergency": null, "amenity": null }, "geometry": { "type": "MultiPolygon", "coordinates": [ [ [ [ 51.4197914, 35.7197943 ], [ 51.4198392, 35.7197959 ], [ 51.4198695, 35.7197968 ], [ 51.4198746, 35.7196632 ], [ 51.4198761, 35.7196187 ], [ 51.4198777, 35.7195502 ], [ 51.4198782, 35.7195279 ], [ 51.4198029, 35.7195268 ], [ 51.4198023, 35.7195487 ], [ 51.4197977, 35.7196496 ], [ 51.4197973, 35.7196597 ], [ 51.4197958, 35.7196955 ], [ 51.4197944, 35.7197261 ], [ 51.4197941, 35.7197329 ], [ 51.4197927, 35.7197655 ], [ 51.4197914, 35.7197943 ] ] ] ] } },
{ "type": "Feature", "properties": { "full_id": "w671614398", "osm_id": "671614398", "osm_type": "way", "building": "yes", "building:flats": null, "nat_name": null, "height": null, "craft": null, "image": null, "email": null, "name:en": null, "building:levels": null, "website": null, "phone": null, "opening_hours": null, "office": null, "description": null, "addr:street": null, "addr:postcode": null, "addr:housenumber": null, "addr:city": null, "zone": "11", "region": "6", "Perimeter": "63.22597", "name": null, "healthcare": null, "emergency": null, "amenity": null }, "geometry": { "type": "MultiPolygon", "coordinates": [ [ [ [ 51.4236275, 35.7165904 ], [ 51.4236389, 35.7165907 ], [ 51.4236395, 35.7165743 ], [ 51.4236401, 35.7165597 ], [ 51.4236448, 35.7164568 ], [ 51.4236486, 35.7163648 ], [ 51.4235761, 35.7163633 ], [ 51.4235726, 35.716453 ], [ 51.4235722, 35.7164621 ], [ 51.4235687, 35.7165354 ], [ 51.4235669, 35.7165767 ], [ 51.4235664, 35.7165889 ], [ 51.4236047, 35.7165898 ], [ 51.4236275, 35.7165904 ] ] ] ] } },
{ "type": "Feature", "properties": { "full_id": "w671614397", "osm_id": "671614397", "osm_type": "way", "building": "yes", "building:flats": null, "nat_name": null, "height": null, "craft": null, "image": null, "email": null, "name:en": null, "building:levels": null, "website": null, "phone": null, "opening_hours": null, "office": null, "description": null, "addr:street": null, "addr:postcode": null, "addr:housenumber": null, "addr:city": null, "zone": "11", "region": "6", "Perimeter": "63.14316", "name": null, "healthcare": null, "emergency": null, "amenity": null }, "geometry": { "type": "MultiPolygon", "coordinates": [ [ [ [ 51.4234943, 35.7165871 ], [ 51.4235256, 35.7165879 ], [ 51.4235664, 35.7165889 ], [ 51.4235669, 35.7165767 ], [ 51.4235687, 35.7165354 ], [ 51.4235722, 35.7164621 ], [ 51.4235726, 35.716453 ], [ 51.4235761, 35.7163633 ], [ 51.4235034, 35.7163618 ], [ 51.4234997, 35.7164532 ], [ 51.4234995, 35.7164603 ], [ 51.4234965, 35.7165333 ], [ 51.423496, 35.7165433 ], [ 51.4234943, 35.7165871 ] ] ] ] } },
{ "type": "Feature", "properties": { "full_id": "w671615090", "osm_id": "671615090", "osm_type": "way", "building": "yes", "building:flats": null, "nat_name": null, "height": null, "craft": null, "image": null, "email": null, "name:en": null, "building:levels": null, "website": null, "phone": null, "opening_hours": null, "office": null, "description": null, "addr:street": null, "addr:postcode": null, "addr:housenumber": null, "addr:city": null, "zone": "11", "region": "6", "Perimeter": "73.81171", "name": null, "healthcare": null, "emergency": null, "amenity": null }, "geometry": { "type": "MultiPolygon", "coordinates": [ [ [ [ 51.4198695, 35.7197968 ], [ 51.4199483, 35.7197989 ], [ 51.4199508, 35.7197196 ], [ 51.4199524, 35.7196334 ], [ 51.4199526, 35.7196265 ], [ 51.4199551, 35.7195294 ], [ 51.4199252, 35.7195288 ], [ 51.4198782, 35.7195279 ], [ 51.4198777, 35.7195502 ], [ 51.4198761, 35.7196187 ], [ 51.4198746, 35.7196632 ], [ 51.4198695, 35.7197968 ] ] ] ] } },
{ "type": "Feature", "properties": { "full_id": "w671614400", "osm_id": "671614400", "osm_type": "way", "building": "yes", "building:flats": null, "nat_name": null, "height": null, "craft": null, "image": null, "email": null, "name:en": null, "building:levels": null, "website": null, "phone": null, "opening_hours": null, "office": null, "description": null, "addr:street": null, "addr:postcode": null, "addr:housenumber": null, "addr:city": null, "zone": "11", "region": "6", "Perimeter": "75.69677", "name": null, "healthcare": null, "emergency": null, "amenity": null }, "geometry": { "type": "MultiPolygon", "coordinates": [ [ [ [ 51.4237811, 35.7165941 ], [ 51.4238073, 35.716595 ], [ 51.4238628, 35.7165969 ], [ 51.4239202, 35.716599 ], [ 51.4239235, 35.7165287 ], [ 51.4239251, 35.7164882 ], [ 51.423926, 35.7164633 ], [ 51.4239269, 35.7164369 ], [ 51.4239282, 35.7164018 ], [ 51.4239292, 35.7163701 ], [ 51.4238647, 35.7163687 ], [ 51.4237907, 35.7163673 ], [ 51.4237886, 35.7164336 ], [ 51.4237872, 35.716463 ], [ 51.4237847, 35.716509 ], [ 51.4237835, 35.716536 ], [ 51.4237816, 35.7165804 ], [ 51.4237811, 35.7165941 ] ] ] ] } },
{ "type": "Feature", "properties": { "full_id": "w671614399", "osm_id": "671614399", "osm_type": "way", "building": "yes", "building:flats": null, "nat_name": null, "height": null, "craft": null, "image": null, "email": null, "name:en": null, "building:levels": null, "website": null, "phone": null, "opening_hours": null, "office": null, "description": null, "addr:street": null, "addr:postcode": null, "addr:housenumber": null, "addr:city": null, "zone": "11", "region": "6", "Perimeter": "75.96068", "name": null, "healthcare": null, "emergency": null, "amenity": null }, "geometry": { "type": "MultiPolygon", "coordinates": [ [ [ [ 51.4237645, 35.7165937 ], [ 51.4237811, 35.7165941 ], [ 51.4237816, 35.7165804 ], [ 51.4237835, 35.716536 ], [ 51.4237847, 35.716509 ], [ 51.4237872, 35.716463 ], [ 51.4237886, 35.7164336 ], [ 51.4237907, 35.7163673 ], [ 51.4236486, 35.7163648 ], [ 51.4236448, 35.7164568 ], [ 51.4236401, 35.7165597 ], [ 51.4236395, 35.7165743 ], [ 51.4236389, 35.7165907 ], [ 51.4237383, 35.716593 ], [ 51.4237645, 35.7165937 ] ] ] ] } },
{ "type": "Feature", "properties": { "full_id": "w671614386", "osm_id": "671614386", "osm_type": "way", "building": "yes", "building:flats": null, "nat_name": null, "height": null, "craft": null, "image": null, "email": null, "name:en": null, "building:levels": null, "website": null, "phone": null, "opening_hours": null, "office": null, "description": null, "addr:street": null, "addr:postcode": null, "addr:housenumber": null, "addr:city": null, "zone": "11", "region": "6", "Perimeter": "62.90114", "name": null, "healthcare": null, "emergency": null, "amenity": null }, "geometry": { "type": "MultiPolygon", "coordinates": [ [ [ [ 51.4225279, 35.7165566 ], [ 51.4226009, 35.7165581 ], [ 51.4226041, 35.7164073 ], [ 51.4226056, 35.7163402 ], [ 51.4226058, 35.7163333 ], [ 51.4225688, 35.7163327 ], [ 51.4225342, 35.7163323 ], [ 51.4225333, 35.7164088 ], [ 51.4225332, 35.7164228 ], [ 51.4225279, 35.7165566 ] ] ] ] } },
{ "type": "Feature", "properties": { "full_id": "w671614385", "osm_id": "671614385", "osm_type": "way", "building": "yes", "building:flats": null, "nat_name": null, "height": null, "craft": null, "image": null, "email": null, "name:en": null, "building:levels": null, "website": null, "phone": null, "opening_hours": null, "office": null, "description": null, "addr:street": null, "addr:postcode": null, "addr:housenumber": null, "addr:city": null, "zone": "11", "region": "6", "Perimeter": "74.38996", "name": null, "healthcare": null, "emergency": null, "amenity": null }, "geometry": { "type": "MultiPolygon", "coordinates": [ [ [ [ 51.4219802, 35.7165579 ], [ 51.4219826, 35.7164816 ], [ 51.4219831, 35.7164619 ], [ 51.4219839, 35.7164383 ], [ 51.4219848, 35.7164082 ], [ 51.4219852, 35.7163953 ], [ 51.4219857, 35.7163798 ], [ 51.4219866, 35.7163421 ], [ 51.4219868, 35.7163268 ], [ 51.4219786, 35.7163268 ], [ 51.4218555, 35.7163257 ], [ 51.4218455, 35.7165376 ], [ 51.421848, 35.7165452 ], [ 51.4218531, 35.7165519 ], [ 51.4218616, 35.7165556 ], [ 51.4219802, 35.7165579 ] ] ] ] } },
{ "type": "Feature", "properties": { "full_id": "w671615077", "osm_id": "671615077", "osm_type": "way", "building": "yes", "building:flats": null, "nat_name": null, "height": null, "craft": null, "image": null, "email": null, "name:en": null, "building:levels": null, "website": null, "phone": null, "opening_hours": null, "office": null, "description": null, "addr:street": null, "addr:postcode": null, "addr:housenumber": null, "addr:city": null, "zone": "11", "region": "6", "Perimeter": "84.46481", "name": null, "healthcare": null, "emergency": null, "amenity": null }, "geometry": { "type": "MultiPolygon", "coordinates": [ [ [ [ 51.4213742, 35.7197631 ], [ 51.4213815, 35.7197662 ], [ 51.4214, 35.7197373 ], [ 51.4214451, 35.7196675 ], [ 51.4214722, 35.7196264 ], [ 51.4215018, 35.7195822 ], [ 51.421536, 35.7195316 ], [ 51.4214589, 35.7194968 ], [ 51.4214151, 35.7194773 ], [ 51.4214114, 35.7194828 ], [ 51.4214096, 35.7194854 ], [ 51.4213362, 35.7195957 ], [ 51.4213131, 35.7196304 ], [ 51.4213015, 35.719648 ], [ 51.4212814, 35.7196788 ], [ 51.4212584, 35.7197152 ], [ 51.4213583, 35.7197564 ], [ 51.4213742, 35.7197631 ] ] ] ] } },
{ "type": "Feature", "properties": { "full_id": "w671614388", "osm_id": "671614388", "osm_type": "way", "building": "yes", "building:flats": null, "nat_name": null, "height": null, "craft": null, "image": null, "email": null, "name:en": null, "building:levels": null, "website": null, "phone": null, "opening_hours": null, "office": null, "description": null, "addr:street": null, "addr:postcode": null, "addr:housenumber": null, "addr:city": null, "zone": "11", "region": "6", "Perimeter": "76.33853", "name": null, "healthcare": null, "emergency": null, "amenity": null }, "geometry": { "type": "MultiPolygon", "coordinates": [ [ [ [ 51.4221174, 35.7165605 ], [ 51.4222533, 35.7165635 ], [ 51.4222538, 35.7165496 ], [ 51.4222568, 35.7164497 ], [ 51.4222579, 35.7164114 ], [ 51.4222585, 35.7163896 ], [ 51.4222587, 35.7163828 ], [ 51.4222597, 35.7163289 ], [ 51.4221375, 35.716328 ], [ 51.4221247, 35.7163279 ], [ 51.4221237, 35.7163812 ], [ 51.422123, 35.7164094 ], [ 51.4221221, 35.7164409 ], [ 51.4221219, 35.7164469 ], [ 51.4221174, 35.7165605 ] ] ] ] } },
{ "type": "Feature", "properties": { "full_id": "w671615076", "osm_id": "671615076", "osm_type": "way", "building": "yes", "building:flats": null, "nat_name": null, "height": null, "craft": null, "image": null, "email": null, "name:en": null, "building:levels": null, "website": null, "phone": null, "opening_hours": null, "office": null, "description": null, "addr:street": null, "addr:postcode": null, "addr:housenumber": null, "addr:city": null, "zone": "11", "region": "6", "Perimeter": "81.78434", "name": null, "healthcare": null, "emergency": null, "amenity": null }, "geometry": { "type": "MultiPolygon", "coordinates": [ [ [ [ 51.4190964, 35.7197731 ], [ 51.4191018, 35.719695 ], [ 51.4191077, 35.7196057 ], [ 51.4191131, 35.7195224 ], [ 51.4189813, 35.7195166 ], [ 51.4189583, 35.7195347 ], [ 51.4189384, 35.7197493 ], [ 51.4189576, 35.7197676 ], [ 51.4190964, 35.7197731 ] ] ] ] } },
{ "type": "Feature", "properties": { "full_id": "w671614387", "osm_id": "671614387", "osm_type": "way", "building": "yes", "building:flats": null, "nat_name": null, "height": null, "craft": null, "image": null, "email": null, "name:en": null, "building:levels": null, "website": null, "phone": null, "opening_hours": null, "office": null, "description": null, "addr:street": null, "addr:postcode": null, "addr:housenumber": null, "addr:city": null, "zone": "11", "region": "6", "Perimeter": "76.33793", "name": null, "healthcare": null, "emergency": null, "amenity": null }, "geometry": { "type": "MultiPolygon", "coordinates": [ [ [ [ 51.4219802, 35.7165579 ], [ 51.4221174, 35.7165605 ], [ 51.4221219, 35.7164469 ], [ 51.4221221, 35.7164409 ], [ 51.422123, 35.7164094 ], [ 51.4221237, 35.7163812 ], [ 51.4221247, 35.7163279 ], [ 51.4219995, 35.716327 ], [ 51.4219868, 35.7163268 ], [ 51.4219866, 35.7163421 ], [ 51.4219857, 35.7163798 ], [ 51.4219852, 35.7163953 ], [ 51.4219848, 35.7164082 ], [ 51.4219839, 35.7164383 ], [ 51.4219831, 35.7164619 ], [ 51.4219826, 35.7164816 ], [ 51.4219802, 35.7165579 ] ] ] ] } },
{ "type": "Feature", "properties": { "full_id": "w671615080", "osm_id": "671615080", "osm_type": "way", "building": "yes", "building:flats": null, "nat_name": null, "height": null, "craft": null, "image": null, "email": null, "name:en": null, "building:levels": null, "website": null, "phone": null, "opening_hours": null, "office": null, "description": null, "addr:street": null, "addr:postcode": null, "addr:housenumber": null, "addr:city": null, "zone": "11", "region": "6", "Perimeter": "82.91899", "name": null, "healthcare": null, "emergency": null, "amenity": null }, "geometry": { "type": "MultiPolygon", "coordinates": [ [ [ [ 51.4190964, 35.7197731 ], [ 51.4192509, 35.7197784 ], [ 51.4192511, 35.7197733 ], [ 51.4192548, 35.7196841 ], [ 51.4192562, 35.7196456 ], [ 51.4192565, 35.7196355 ], [ 51.4192575, 35.7196094 ], [ 51.4192603, 35.7195495 ], [ 51.4192615, 35.7195293 ], [ 51.4191131, 35.7195224 ], [ 51.4191077, 35.7196057 ], [ 51.4191018, 35.719695 ], [ 51.4190964, 35.7197731 ] ] ] ] } },
{ "type": "Feature", "properties": { "full_id": "w671614390", "osm_id": "671614390", "osm_type": "way", "building": "yes", "building:flats": null, "nat_name": null, "height": null, "craft": null, "image": null, "email": null, "name:en": null, "building:levels": null, "website": null, "phone": null, "opening_hours": null, "office": null, "description": null, "addr:street": null, "addr:postcode": null, "addr:housenumber": null, "addr:city": null, "zone": "11", "region": "6", "Perimeter": "63.28594", "name": null, "healthcare": null, "emergency": null, "amenity": null }, "geometry": { "type": "MultiPolygon", "coordinates": [ [ [ [ 51.4226009, 35.7165581 ], [ 51.4226005, 35.7165695 ], [ 51.4226676, 35.716571 ], [ 51.422673, 35.7164231 ], [ 51.4226735, 35.7164084 ], [ 51.4226756, 35.7163417 ], [ 51.4226407, 35.7163408 ], [ 51.4226056, 35.7163402 ], [ 51.4226041, 35.7164073 ], [ 51.4226009, 35.7165581 ] ] ] ] } },
{ "type": "Feature", "properties": { "full_id": "w671614389", "osm_id": "671614389", "osm_type": "way", "building": "yes", "building:flats": null, "nat_name": null, "height": null, "craft": null, "image": null, "email": null, "name:en": null, "building:levels": null, "website": null, "phone": null, "opening_hours": null, "office": null, "description": null, "addr:street": null, "addr:postcode": null, "addr:housenumber": null, "addr:city": null, "zone": "11", "region": "6", "Perimeter": "76.01624", "name": null, "healthcare": null, "emergency": null, "amenity": null }, "geometry": { "type": "MultiPolygon", "coordinates": [ [ [ [ 51.4223912, 35.7165523 ], [ 51.422391, 35.7165617 ], [ 51.4225277, 35.7165636 ], [ 51.4225279, 35.7165566 ], [ 51.4225332, 35.7164228 ], [ 51.4225333, 35.7164088 ], [ 51.4225342, 35.7163323 ], [ 51.4224472, 35.7163315 ], [ 51.4223977, 35.7163306 ], [ 51.4223957, 35.7163918 ], [ 51.4223951, 35.7164097 ], [ 51.4223948, 35.7164203 ], [ 51.4223912, 35.7165523 ] ] ] ] } },
{ "type": "Feature", "properties": { "full_id": "w671615082", "osm_id": "671615082", "osm_type": "way", "building": "yes", "building:flats": null, "nat_name": null, "height": null, "craft": null, "image": null, "email": null, "name:en": null, "building:levels": null, "website": null, "phone": null, "opening_hours": null, "office": null, "description": null, "addr:street": null, "addr:postcode": null, "addr:housenumber": null, "addr:city": null, "zone": "11", "region": "6", "Perimeter": "44.30238", "name": null, "healthcare": null, "emergency": null, "amenity": null }, "geometry": { "type": "MultiPolygon", "coordinates": [ [ [ [ 51.4193297, 35.7197809 ], [ 51.4193614, 35.7197818 ], [ 51.4194091, 35.7197834 ], [ 51.4194136, 35.7196933 ], [ 51.419415, 35.7196596 ], [ 51.4194154, 35.7196506 ], [ 51.419378, 35.7196497 ], [ 51.419378, 35.7196479 ], [ 51.4193596, 35.7196475 ], [ 51.4193345, 35.719647 ], [ 51.4193334, 35.7196817 ], [ 51.4193331, 35.7196909 ], [ 51.4193324, 35.7197142 ], [ 51.4193297, 35.7197809 ] ] ] ] } },
{ "type": "Feature", "properties": { "full_id": "w671614392", "osm_id": "671614392", "osm_type": "way", "building": "yes", "building:flats": null, "nat_name": null, "height": null, "craft": null, "image": null, "email": null, "name:en": null, "building:levels": null, "website": null, "phone": null, "opening_hours": null, "office": null, "description": null, "addr:street": null, "addr:postcode": null, "addr:housenumber": null, "addr:city": null, "zone": "11", "region": "6", "Perimeter": "77.29004", "name": null, "healthcare": null, "emergency": null, "amenity": null }, "geometry": { "type": "MultiPolygon", "coordinates": [ [ [ [ 51.4228035, 35.716574 ], [ 51.4229516, 35.7165771 ], [ 51.4229539, 35.7164952 ], [ 51.4229546, 35.7164693 ], [ 51.4229582, 35.7163489 ], [ 51.4228949, 35.7163475 ], [ 51.4228122, 35.7163453 ], [ 51.4228095, 35.7164117 ], [ 51.422809, 35.7164262 ], [ 51.4228062, 35.716499 ], [ 51.4228058, 35.7165104 ], [ 51.4228057, 35.7165136 ], [ 51.4228035, 35.716574 ] ] ] ] } },
{ "type": "Feature", "properties": { "full_id": "w671615081", "osm_id": "671615081", "osm_type": "way", "building": "yes", "building:flats": null, "nat_name": null, "height": null, "craft": null, "image": null, "email": null, "name:en": null, "building:levels": null, "website": null, "phone": null, "opening_hours": null, "office": null, "description": null, "addr:street": null, "addr:postcode": null, "addr:housenumber": null, "addr:city": null, "zone": "11", "region": "6", "Perimeter": "43.80716", "name": null, "healthcare": null, "emergency": null, "amenity": null }, "geometry": { "type": "MultiPolygon", "coordinates": [ [ [ [ 51.4192509, 35.7197784 ], [ 51.4192973, 35.7197798 ], [ 51.4193297, 35.7197809 ], [ 51.4193324, 35.7197142 ], [ 51.4193331, 35.7196909 ], [ 51.4193334, 35.7196817 ], [ 51.4193345, 35.719647 ], [ 51.4193018, 35.7196464 ], [ 51.4192562, 35.7196456 ], [ 51.4192548, 35.7196841 ], [ 51.4192511, 35.7197733 ], [ 51.4192509, 35.7197784 ] ] ] ] } },
{ "type": "Feature", "properties": { "full_id": "w671614391", "osm_id": "671614391", "osm_type": "way", "building": "yes", "building:flats": null, "nat_name": null, "height": null, "craft": null, "image": null, "email": null, "name:en": null, "building:levels": null, "website": null, "phone": null, "opening_hours": null, "office": null, "description": null, "addr:street": null, "addr:postcode": null, "addr:housenumber": null, "addr:city": null, "zone": "11", "region": "6", "Perimeter": "75.4837", "name": null, "healthcare": null, "emergency": null, "amenity": null }, "geometry": { "type": "MultiPolygon", "coordinates": [ [ [ [ 51.4226676, 35.716571 ], [ 51.4227346, 35.7165725 ], [ 51.4228035, 35.716574 ], [ 51.4228057, 35.7165136 ], [ 51.4228058, 35.7165104 ], [ 51.4228062, 35.716499 ], [ 51.422809, 35.7164262 ], [ 51.4228095, 35.7164117 ], [ 51.4228122, 35.7163453 ], [ 51.4227173, 35.7163427 ], [ 51.4226756, 35.7163417 ], [ 51.4226735, 35.7164084 ], [ 51.422673, 35.7164231 ], [ 51.4226676, 35.716571 ] ] ] ] } },
{ "type": "Feature", "properties": { "full_id": "w671614377", "osm_id": "671614377", "osm_type": "way", "building": "yes", "building:flats": null, "nat_name": null, "height": null, "craft": null, "image": null, "email": null, "name:en": null, "building:levels": null, "website": null, "phone": null, "opening_hours": null, "office": null, "description": null, "addr:street": null, "addr:postcode": null, "addr:housenumber": null, "addr:city": null, "zone": "11", "region": "6", "Perimeter": "63.23979", "name": null, "healthcare": null, "emergency": null, "amenity": null }, "geometry": { "type": "MultiPolygon", "coordinates": [ [ [ [ 51.4209487, 35.7165199 ], [ 51.4210199, 35.716522 ], [ 51.421022, 35.7164736 ], [ 51.4210264, 35.7163934 ], [ 51.4210279, 35.7163647 ], [ 51.4210303, 35.7162936 ], [ 51.4209739, 35.7162932 ], [ 51.4209611, 35.7162931 ], [ 51.4209586, 35.7163625 ], [ 51.4209558, 35.7164118 ], [ 51.4209516, 35.7164701 ], [ 51.4209487, 35.7165199 ] ] ] ] } },
{ "type": "Feature", "properties": { "full_id": "w671615144", "osm_id": "671615144", "osm_type": "way", "building": "yes", "building:flats": null, "nat_name": null, "height": null, "craft": null, "image": null, "email": null, "name:en": null, "building:levels": null, "website": null, "phone": null, "opening_hours": null, "office": null, "description": null, "addr:street": null, "addr:postcode": null, "addr:housenumber": null, "addr:city": null, "zone": "11", "region": "6", "Perimeter": "74.07833", "name": null, "healthcare": null, "emergency": null, "amenity": null }, "geometry": { "type": "MultiPolygon", "coordinates": [ [ [ [ 51.4194505, 35.7201444 ], [ 51.4195288, 35.7201468 ], [ 51.4195297, 35.720129 ], [ 51.4195362, 35.720013 ], [ 51.4195379, 35.719984 ], [ 51.4195437, 35.7198771 ], [ 51.4194657, 35.7198743 ], [ 51.4194609, 35.7199592 ], [ 51.4194597, 35.7199811 ], [ 51.4194514, 35.7201263 ], [ 51.4194505, 35.7201444 ] ] ] ] } },
{ "type": "Feature", "properties": { "full_id": "w671614376", "osm_id": "671614376", "osm_type": "way", "building": "yes", "building:flats": null, "nat_name": null, "height": null, "craft": null, "image": null, "email": null, "name:en": null, "building:levels": null, "website": null, "phone": null, "opening_hours": null, "office": null, "description": null, "addr:street": null, "addr:postcode": null, "addr:housenumber": null, "addr:city": null, "zone": "11", "region": "6", "Perimeter": "63.55518", "name": null, "healthcare": null, "emergency": null, "amenity": null }, "geometry": { "type": "MultiPolygon", "coordinates": [ [ [ [ 51.4208756, 35.7165177 ], [ 51.4209095, 35.7165187 ], [ 51.4209487, 35.7165199 ], [ 51.4209516, 35.7164701 ], [ 51.4209558, 35.7164118 ], [ 51.4209586, 35.7163625 ], [ 51.4209611, 35.7162931 ], [ 51.4209094, 35.7162923 ], [ 51.420887, 35.716292 ], [ 51.4208846, 35.7163551 ], [ 51.4208826, 35.716394 ], [ 51.4208818, 35.7164091 ], [ 51.4208791, 35.7164555 ], [ 51.4208784, 35.7164673 ], [ 51.4208756, 35.7165177 ] ] ] ] } },
{ "type": "Feature", "properties": { "full_id": "w671615147", "osm_id": "671615147", "osm_type": "way", "building": "yes", "building:flats": null, "nat_name": null, "height": null, "craft": null, "image": null, "email": null, "name:en": null, "building:levels": null, "website": null, "phone": null, "opening_hours": null, "office": null, "description": null, "addr:street": null, "addr:postcode": null, "addr:housenumber": null, "addr:city": null, "zone": "11", "region": "6", "Perimeter": "87.63874", "name": null, "healthcare": null, "emergency": null, "amenity": null }, "geometry": { "type": "MultiPolygon", "coordinates": [ [ [ [ 51.4195288, 35.7201468 ], [ 51.4195697, 35.7201482 ], [ 51.4196817, 35.7201517 ], [ 51.4196824, 35.7201392 ], [ 51.4196848, 35.7201003 ], [ 51.4196865, 35.7200726 ], [ 51.41969, 35.720019 ], [ 51.4196906, 35.7200085 ], [ 51.4196934, 35.7199646 ], [ 51.4196981, 35.7198826 ], [ 51.419617, 35.7198797 ], [ 51.4195437, 35.7198771 ], [ 51.4195379, 35.719984 ], [ 51.4195362, 35.720013 ], [ 51.4195297, 35.720129 ], [ 51.4195288, 35.7201468 ] ] ] ] } },
{ "type": "Feature", "properties": { "full_id": "w671614379", "osm_id": "671614379", "osm_type": "way", "building": "yes", "building:flats": null, "nat_name": null, "height": null, "craft": null, "image": null, "email": null, "name:en": null, "building:levels": null, "website": null, "phone": null, "opening_hours": null, "office": null, "description": null, "addr:street": null, "addr:postcode": null, "addr:housenumber": null, "addr:city": null, "zone": "11", "region": "6", "Perimeter": "77.05457", "name": null, "healthcare": null, "emergency": null, "amenity": null }, "geometry": { "type": "MultiPolygon", "coordinates": [ [ [ [ 51.4211822, 35.716525 ], [ 51.4212189, 35.716526 ], [ 51.42129, 35.7165279 ], [ 51.4213258, 35.7165288 ], [ 51.4213263, 35.7165152 ], [ 51.4213282, 35.716474 ], [ 51.4213293, 35.7164537 ], [ 51.421333, 35.7163957 ], [ 51.4213358, 35.7163517 ], [ 51.421339, 35.716299 ], [ 51.4213116, 35.716298 ], [ 51.4212001, 35.7162943 ], [ 51.4211975, 35.7163852 ], [ 51.4211885, 35.7163915 ], [ 51.4211848, 35.7164668 ], [ 51.4211828, 35.7165112 ], [ 51.4211822, 35.716525 ] ] ] ] } },
{ "type": "Feature", "properties": { "full_id": "w671614378", "osm_id": "671614378", "osm_type": "way", "building": "yes", "building:flats": null, "nat_name": null, "height": null, "craft": null, "image": null, "email": null, "name:en": null, "building:levels": null, "website": null, "phone": null, "opening_hours": null, "office": null, "description": null, "addr:street": null, "addr:postcode": null, "addr:housenumber": null, "addr:city": null, "zone": "11", "region": "6", "Perimeter": "81.37826", "name": null, "healthcare": null, "emergency": null, "amenity": null }, "geometry": { "type": "MultiPolygon", "coordinates": [ [ [ [ 51.4210199, 35.716522 ], [ 51.421092, 35.7165234 ], [ 51.4211213, 35.7165239 ], [ 51.4211822, 35.716525 ], [ 51.4211828, 35.7165112 ], [ 51.4211848, 35.7164668 ], [ 51.4211885, 35.7163915 ], [ 51.4211975, 35.7163852 ], [ 51.4212001, 35.7162943 ], [ 51.421154, 35.7162937 ], [ 51.4210928, 35.7162933 ], [ 51.4210585, 35.7162935 ], [ 51.4210303, 35.7162936 ], [ 51.4210279, 35.7163647 ], [ 51.4210264, 35.7163934 ], [ 51.421022, 35.7164736 ], [ 51.4210199, 35.716522 ] ] ] ] } },
{ "type": "Feature", "properties": { "full_id": "w671615149", "osm_id": "671615149", "osm_type": "way", "building": "yes", "building:flats": null, "nat_name": null, "height": null, "craft": null, "image": null, "email": null, "name:en": null, "building:levels": null, "website": null, "phone": null, "opening_hours": null, "office": null, "description": null, "addr:street": null, "addr:postcode": null, "addr:housenumber": null, "addr:city": null, "zone": "11", "region": "6", "Perimeter": "87.45544", "name": null, "healthcare": null, "emergency": null, "amenity": null }, "geometry": { "type": "MultiPolygon", "coordinates": [ [ [ [ 51.4196817, 35.7201517 ], [ 51.4198022, 35.7201557 ], [ 51.4198352, 35.7201568 ], [ 51.4198366, 35.7201283 ], [ 51.4198395, 35.7200788 ], [ 51.4198433, 35.7200149 ], [ 51.4198447, 35.719991 ], [ 51.4198511, 35.7198882 ], [ 51.4197494, 35.7198844 ], [ 51.4196981, 35.7198826 ], [ 51.4196934, 35.7199646 ], [ 51.4196906, 35.7200085 ], [ 51.41969, 35.720019 ], [ 51.4196865, 35.7200726 ], [ 51.4196848, 35.7201003 ], [ 51.4196824, 35.7201392 ], [ 51.4196817, 35.7201517 ] ] ] ] } },
{ "type": "Feature", "properties": { "full_id": "w671614381", "osm_id": "671614381", "osm_type": "way", "building": "yes", "building:flats": null, "nat_name": null, "height": null, "craft": null, "image": null, "email": null, "name:en": null, "building:levels": null, "website": null, "phone": null, "opening_hours": null, "office": null, "description": null, "addr:street": null, "addr:postcode": null, "addr:housenumber": null, "addr:city": null, "zone": "11", "region": "6", "Perimeter": "77.11805", "name": null, "healthcare": null, "emergency": null, "amenity": null }, "geometry": { "type": "MultiPolygon", "coordinates": [ [ [ [ 51.4214713, 35.7165314 ], [ 51.4215005, 35.7165318 ], [ 51.4215671, 35.7165326 ], [ 51.4216092, 35.7165332 ], [ 51.4216234, 35.7165274 ], [ 51.4216244, 35.7164933 ], [ 51.4216257, 35.7164489 ], [ 51.4216268, 35.7164085 ], [ 51.4216278, 35.7163747 ], [ 51.4216296, 35.7163084 ], [ 51.4214892, 35.7163049 ], [ 51.4214778, 35.7163045 ], [ 51.4214753, 35.7163565 ], [ 51.4214742, 35.7163906 ], [ 51.4214713, 35.7165314 ] ] ] ] } },
{ "type": "Feature", "properties": { "full_id": "w671614380", "osm_id": "671614380", "osm_type": "way", "building": "yes", "building:flats": null, "nat_name": null, "height": null, "craft": null, "image": null, "email": null, "name:en": null, "building:levels": null, "website": null, "phone": null, "opening_hours": null, "office": null, "description": null, "addr:street": null, "addr:postcode": null, "addr:housenumber": null, "addr:city": null, "zone": "11", "region": "6", "Perimeter": "76.41745", "name": null, "healthcare": null, "emergency": null, "amenity": null }, "geometry": { "type": "MultiPolygon", "coordinates": [ [ [ [ 51.4213258, 35.7165288 ], [ 51.4214713, 35.7165314 ], [ 51.4214742, 35.7163906 ], [ 51.4214753, 35.7163565 ], [ 51.4214778, 35.7163045 ], [ 51.421339, 35.716299 ], [ 51.4213358, 35.7163517 ], [ 51.421333, 35.7163957 ], [ 51.4213293, 35.7164537 ], [ 51.4213282, 35.716474 ], [ 51.4213263, 35.7165152 ], [ 51.4213258, 35.7165288 ] ] ] ] } },
{ "type": "Feature", "properties": { "full_id": "w671615152", "osm_id": "671615152", "osm_type": "way", "building": "yes", "building:flats": null, "nat_name": null, "height": null, "craft": null, "image": null, "email": null, "name:en": null, "building:levels": null, "website": null, "phone": null, "opening_hours": null, "office": null, "description": null, "addr:street": null, "addr:postcode": null, "addr:housenumber": null, "addr:city": null, "zone": "11", "region": "6", "Perimeter": "73.58162", "name": null, "healthcare": null, "emergency": null, "amenity": null }, "geometry": { "type": "MultiPolygon", "coordinates": [ [ [ [ 51.419914, 35.7201594 ], [ 51.4199475, 35.7201606 ], [ 51.4199918, 35.7201621 ], [ 51.419993, 35.7201406 ], [ 51.4199994, 35.7200084 ], [ 51.4200002, 35.7199913 ], [ 51.420002, 35.7199559 ], [ 51.4200052, 35.7198937 ], [ 51.4199287, 35.7198909 ], [ 51.4199229, 35.7199953 ], [ 51.4199223, 35.7200057 ], [ 51.4199154, 35.7201311 ], [ 51.4199148, 35.7201436 ], [ 51.419914, 35.7201594 ] ] ] ] } },
{ "type": "Feature", "properties": { "full_id": "w671614383", "osm_id": "671614383", "osm_type": "way", "building": "yes", "building:flats": null, "nat_name": null, "height": null, "craft": null, "image": null, "email": null, "name:en": null, "building:levels": null, "website": null, "phone": null, "opening_hours": null, "office": null, "description": null, "addr:street": null, "addr:postcode": null, "addr:housenumber": null, "addr:city": null, "zone": "11", "region": "6", "Perimeter": "73.98566", "name": null, "healthcare": null, "emergency": null, "amenity": null }, "geometry": { "type": "MultiPolygon", "coordinates": [ [ [ [ 51.4222538, 35.7165496 ], [ 51.4223912, 35.7165523 ], [ 51.4223948, 35.7164203 ], [ 51.4223951, 35.7164097 ], [ 51.4223957, 35.7163918 ], [ 51.4223977, 35.7163306 ], [ 51.4223615, 35.7163299 ], [ 51.4222967, 35.7163293 ], [ 51.4222597, 35.7163289 ], [ 51.4222587, 35.7163828 ], [ 51.4222585, 35.7163896 ], [ 51.4222579, 35.7164114 ], [ 51.4222568, 35.7164497 ], [ 51.4222538, 35.7165496 ] ] ] ] } },
{ "type": "Feature", "properties": { "full_id": "w671615151", "osm_id": "671615151", "osm_type": "way", "building": "yes", "building:flats": null, "nat_name": null, "height": null, "craft": null, "image": null, "email": null, "name:en": null, "building:levels": null, "website": null, "phone": null, "opening_hours": null, "office": null, "description": null, "addr:street": null, "addr:postcode": null, "addr:housenumber": null, "addr:city": null, "zone": "11", "region": "6", "Perimeter": "73.79219", "name": null, "healthcare": null, "emergency": null, "amenity": null }, "geometry": { "type": "MultiPolygon", "coordinates": [ [ [ [ 51.4198352, 35.7201568 ], [ 51.419914, 35.7201594 ], [ 51.4199148, 35.7201436 ], [ 51.4199154, 35.7201311 ], [ 51.4199223, 35.7200057 ], [ 51.4199229, 35.7199953 ], [ 51.4199287, 35.7198909 ], [ 51.4198511, 35.7198882 ], [ 51.4198447, 35.719991 ], [ 51.4198433, 35.7200149 ], [ 51.4198395, 35.7200788 ], [ 51.4198366, 35.7201283 ], [ 51.4198352, 35.7201568 ] ] ] ] } },
{ "type": "Feature", "properties": { "full_id": "w671614437", "osm_id": "671614437", "osm_type": "way", "building": "yes", "building:flats": null, "nat_name": null, "height": null, "craft": null, "image": null, "email": null, "name:en": null, "building:levels": null, "website": null, "phone": null, "opening_hours": null, "office": null, "description": null, "addr:street": null, "addr:postcode": null, "addr:housenumber": null, "addr:city": null, "zone": "11", "region": "6", "Perimeter": "74.04688", "name": null, "healthcare": null, "emergency": null, "amenity": null }, "geometry": { "type": "MultiPolygon", "coordinates": [ [ [ [ 51.4214656, 35.7168452 ], [ 51.4215283, 35.716847 ], [ 51.4216094, 35.7168488 ], [ 51.4216104, 35.7168202 ], [ 51.4216148, 35.7167146 ], [ 51.4216178, 35.7166434 ], [ 51.421596, 35.7166261 ], [ 51.4214778, 35.7166219 ], [ 51.4214731, 35.7167101 ], [ 51.4214656, 35.7168452 ] ] ] ] } },
{ "type": "Feature", "properties": { "full_id": "w671614436", "osm_id": "671614436", "osm_type": "way", "building": "yes", "building:flats": null, "nat_name": null, "height": null, "craft": null, "image": null, "email": null, "name:en": null, "building:levels": null, "website": null, "phone": null, "opening_hours": null, "office": null, "description": null, "addr:street": null, "addr:postcode": null, "addr:housenumber": null, "addr:city": null, "zone": "11", "region": "6", "Perimeter": "78.72726", "name": null, "healthcare": null, "emergency": null, "amenity": null }, "geometry": { "type": "MultiPolygon", "coordinates": [ [ [ [ 51.4213864, 35.7168432 ], [ 51.4214656, 35.7168452 ], [ 51.4214731, 35.7167101 ], [ 51.4214778, 35.7166219 ], [ 51.4213145, 35.7166177 ], [ 51.4213116, 35.7167049 ], [ 51.4213075, 35.7168417 ], [ 51.4213864, 35.7168432 ] ] ] ] } },
{ "type": "Feature", "properties": { "full_id": "w671614439", "osm_id": "671614439", "osm_type": "way", "building": "yes", "building:flats": null, "nat_name": null, "height": null, "craft": null, "image": null, "email": null, "name:en": null, "building:levels": null, "website": null, "phone": null, "opening_hours": null, "office": null, "description": null, "addr:street": null, "addr:postcode": null, "addr:housenumber": null, "addr:city": null, "zone": "11", "region": "6", "Perimeter": "76.31429", "name": null, "healthcare": null, "emergency": null, "amenity": null }, "geometry": { "type": "MultiPolygon", "coordinates": [ [ [ [ 51.4219678, 35.7168478 ], [ 51.422061, 35.71685 ], [ 51.422107, 35.7168507 ], [ 51.4221077, 35.7168135 ], [ 51.4221084, 35.7167796 ], [ 51.4221095, 35.716718 ], [ 51.4221097, 35.7167111 ], [ 51.4221113, 35.716636 ], [ 51.4221115, 35.7166199 ], [ 51.4219734, 35.7166193 ], [ 51.421973, 35.7166576 ], [ 51.42197, 35.7166576 ], [ 51.4219695, 35.7167167 ], [ 51.4219685, 35.7168268 ], [ 51.4219678, 35.7168478 ] ] ] ] } },
{ "type": "Feature", "properties": { "full_id": "w671614438", "osm_id": "671614438", "osm_type": "way", "building": "yes", "building:flats": null, "nat_name": null, "height": null, "craft": null, "image": null, "email": null, "name:en": null, "building:levels": null, "website": null, "phone": null, "opening_hours": null, "office": null, "description": null, "addr:street": null, "addr:postcode": null, "addr:housenumber": null, "addr:city": null, "zone": "11", "region": "6", "Perimeter": "75.05287", "name": null, "healthcare": null, "emergency": null, "amenity": null }, "geometry": { "type": "MultiPolygon", "coordinates": [ [ [ [ 51.4218329, 35.7168442 ], [ 51.4219678, 35.7168478 ], [ 51.4219685, 35.7168268 ], [ 51.4219695, 35.7167167 ], [ 51.42197, 35.7166576 ], [ 51.421973, 35.7166576 ], [ 51.4219734, 35.7166193 ], [ 51.4218394, 35.7166179 ], [ 51.4218336, 35.7168242 ], [ 51.4218329, 35.7168442 ] ] ] ] } },
{ "type": "Feature", "properties": { "full_id": "w671614441", "osm_id": "671614441", "osm_type": "way", "building": "yes", "building:flats": null, "nat_name": null, "height": null, "craft": null, "image": null, "email": null, "name:en": null, "building:levels": null, "website": null, "phone": null, "opening_hours": null, "office": null, "description": null, "addr:street": null, "addr:postcode": null, "addr:housenumber": null, "addr:city": null, "zone": "11", "region": "6", "Perimeter": "75.67295", "name": null, "healthcare": null, "emergency": null, "amenity": null }, "geometry": { "type": "MultiPolygon", "coordinates": [ [ [ [ 51.4222469, 35.7168534 ], [ 51.4223416, 35.7168551 ], [ 51.4223811, 35.716856 ], [ 51.4223837, 35.7167698 ], [ 51.4223858, 35.7167012 ], [ 51.4223874, 35.7166395 ], [ 51.4223877, 35.7166187 ], [ 51.4222798, 35.7166174 ], [ 51.4222498, 35.7166377 ], [ 51.4222488, 35.7167107 ], [ 51.4222488, 35.7167132 ], [ 51.422248, 35.7167682 ], [ 51.4222471, 35.7168415 ], [ 51.4222469, 35.7168534 ] ] ] ] } },
{ "type": "Feature", "properties": { "full_id": "w671615140", "osm_id": "671615140", "osm_type": "way", "building": "yes", "building:flats": null, "nat_name": null, "height": null, "craft": null, "image": null, "email": null, "name:en": null, "building:levels": null, "website": null, "phone": null, "opening_hours": null, "office": null, "description": null, "addr:street": null, "addr:postcode": null, "addr:housenumber": null, "addr:city": null, "zone": "11", "region": "6", "Perimeter": "116.28456", "name": null, "healthcare": null, "emergency": null, "amenity": null }, "geometry": { "type": "MultiPolygon", "coordinates": [ [ [ [ 51.4190728, 35.7201319 ], [ 51.4192191, 35.7201366 ], [ 51.4192198, 35.720122 ], [ 51.419226, 35.7199827 ], [ 51.419227, 35.7199599 ], [ 51.4192316, 35.7198661 ], [ 51.4190874, 35.719861 ], [ 51.4189313, 35.7198552 ], [ 51.4189249, 35.7198606 ], [ 51.4189002, 35.7201247 ], [ 51.4190461, 35.720131 ], [ 51.4190728, 35.7201319 ] ] ] ] } },
{ "type": "Feature", "properties": { "full_id": "w671614440", "osm_id": "671614440", "osm_type": "way", "building": "yes", "building:flats": null, "nat_name": null, "height": null, "craft": null, "image": null, "email": null, "name:en": null, "building:levels": null, "website": null, "phone": null, "opening_hours": null, "office": null, "description": null, "addr:street": null, "addr:postcode": null, "addr:housenumber": null, "addr:city": null, "zone": "11", "region": "6", "Perimeter": "72.92516", "name": null, "healthcare": null, "emergency": null, "amenity": null }, "geometry": { "type": "MultiPolygon", "coordinates": [ [ [ [ 51.422107, 35.7168507 ], [ 51.422185, 35.7168522 ], [ 51.4222469, 35.7168534 ], [ 51.4222471, 35.7168415 ], [ 51.422248, 35.7167682 ], [ 51.4222488, 35.7167132 ], [ 51.4222488, 35.7167107 ], [ 51.4222498, 35.7166377 ], [ 51.4221113, 35.716636 ], [ 51.4221097, 35.7167111 ], [ 51.4221095, 35.716718 ], [ 51.4221084, 35.7167796 ], [ 51.4221077, 35.7168135 ], [ 51.422107, 35.7168507 ] ] ] ] } },
{ "type": "Feature", "properties": { "full_id": "w671615143", "osm_id": "671615143", "osm_type": "way", "building": "yes", "building:flats": null, "nat_name": null, "height": null, "craft": null, "image": null, "email": null, "name:en": null, "building:levels": null, "website": null, "phone": null, "opening_hours": null, "office": null, "description": null, "addr:street": null, "addr:postcode": null, "addr:housenumber": null, "addr:city": null, "zone": "11", "region": "6", "Perimeter": "74.34287", "name": null, "healthcare": null, "emergency": null, "amenity": null }, "geometry": { "type": "MultiPolygon", "coordinates": [ [ [ [ 51.4193711, 35.7201418 ], [ 51.4194136, 35.7201433 ], [ 51.4194505, 35.7201444 ], [ 51.4194514, 35.7201263 ], [ 51.4194597, 35.7199811 ], [ 51.4194609, 35.7199592 ], [ 51.4194657, 35.7198743 ], [ 51.4193867, 35.7198715 ], [ 51.4193817, 35.7199562 ], [ 51.4193801, 35.7199873 ], [ 51.4193711, 35.7201418 ] ] ] ] } },
{ "type": "Feature", "properties": { "full_id": "w671614443", "osm_id": "671614443", "osm_type": "way", "building": "yes", "building:flats": null, "nat_name": null, "height": null, "craft": null, "image": null, "email": null, "name:en": null, "building:levels": null, "website": null, "phone": null, "opening_hours": null, "office": null, "description": null, "addr:street": null, "addr:postcode": null, "addr:housenumber": null, "addr:city": null, "zone": "11", "region": "6", "Perimeter": "72.85961", "name": null, "healthcare": null, "emergency": null, "amenity": null }, "geometry": { "type": "MultiPolygon", "coordinates": [ [ [ [ 51.4225983, 35.7168581 ], [ 51.4226165, 35.7168583 ], [ 51.4226583, 35.7168589 ], [ 51.4226596, 35.7168118 ], [ 51.4226619, 35.7167496 ], [ 51.4226631, 35.716718 ], [ 51.4226639, 35.7166989 ], [ 51.4226658, 35.7166436 ], [ 51.4225273, 35.716641 ], [ 51.4225257, 35.7167036 ], [ 51.4225252, 35.7167171 ], [ 51.4225215, 35.7168174 ], [ 51.4225211, 35.7168384 ], [ 51.4225209, 35.7168575 ], [ 51.42256, 35.7168578 ], [ 51.4225983, 35.7168581 ] ] ] ] } },
{ "type": "Feature", "properties": { "full_id": "w671615142", "osm_id": "671615142", "osm_type": "way", "building": "yes", "building:flats": null, "nat_name": null, "height": null, "craft": null, "image": null, "email": null, "name:en": null, "building:levels": null, "website": null, "phone": null, "opening_hours": null, "office": null, "description": null, "addr:street": null, "addr:postcode": null, "addr:housenumber": null, "addr:city": null, "zone": "11", "region": "6", "Perimeter": "87.85654", "name": null, "healthcare": null, "emergency": null, "amenity": null }, "geometry": { "type": "MultiPolygon", "coordinates": [ [ [ [ 51.4192191, 35.7201366 ], [ 51.4192728, 35.7201384 ], [ 51.4193188, 35.7201398 ], [ 51.4193711, 35.7201418 ], [ 51.4193801, 35.7199873 ], [ 51.4193817, 35.7199562 ], [ 51.4193867, 35.7198715 ], [ 51.4192316, 35.7198661 ], [ 51.419227, 35.7199599 ], [ 51.419226, 35.7199827 ], [ 51.4192198, 35.720122 ], [ 51.4192191, 35.7201366 ] ] ] ] } },
{ "type": "Feature", "properties": { "full_id": "w671614442", "osm_id": "671614442", "osm_type": "way", "building": "yes", "building:flats": null, "nat_name": null, "height": null, "craft": null, "image": null, "email": null, "name:en": null, "building:levels": null, "website": null, "phone": null, "opening_hours": null, "office": null, "description": null, "addr:street": null, "addr:postcode": null, "addr:housenumber": null, "addr:city": null, "zone": "11", "region": "6", "Perimeter": "73.3339", "name": null, "healthcare": null, "emergency": null, "amenity": null }, "geometry": { "type": "MultiPolygon", "coordinates": [ [ [ [ 51.4223869, 35.716856 ], [ 51.4224396, 35.7168568 ], [ 51.4225209, 35.7168575 ], [ 51.4225211, 35.7168384 ], [ 51.4225215, 35.7168174 ], [ 51.4225252, 35.7167171 ], [ 51.4225257, 35.7167036 ], [ 51.4225273, 35.716641 ], [ 51.4223874, 35.7166395 ], [ 51.4223858, 35.7167012 ], [ 51.4223837, 35.7167698 ], [ 51.4223811, 35.716856 ], [ 51.4223869, 35.716856 ] ] ] ] } },
{ "type": "Feature", "properties": { "full_id": "w671614429", "osm_id": "671614429", "osm_type": "way", "building": "yes", "building:flats": null, "nat_name": null, "height": null, "craft": null, "image": null, "email": null, "name:en": null, "building:levels": null, "website": null, "phone": null, "opening_hours": null, "office": null, "description": null, "addr:street": null, "addr:postcode": null, "addr:housenumber": null, "addr:city": null, "zone": "11", "region": "6", "Perimeter": "74.14442", "name": null, "healthcare": null, "emergency": null, "amenity": null }, "geometry": { "type": "MultiPolygon", "coordinates": [ [ [ [ 51.4236194, 35.7168122 ], [ 51.4236705, 35.7168133 ], [ 51.4237059, 35.7168139 ], [ 51.4237587, 35.7168148 ], [ 51.4237618, 35.7166811 ], [ 51.4237622, 35.7166644 ], [ 51.4237645, 35.7165937 ], [ 51.4237383, 35.716593 ], [ 51.4236389, 35.7165907 ], [ 51.4236275, 35.7165904 ], [ 51.4236249, 35.7166513 ], [ 51.4236245, 35.7166621 ], [ 51.423624, 35.7166796 ], [ 51.4236194, 35.7168122 ] ] ] ] } },
{ "type": "Feature", "properties": { "full_id": "w671615125", "osm_id": "671615125", "osm_type": "way", "building": "yes", "building:flats": null, "nat_name": null, "height": null, "craft": null, "image": null, "email": null, "name:en": null, "building:levels": null, "website": null, "phone": null, "opening_hours": null, "office": null, "description": null, "addr:street": null, "addr:postcode": null, "addr:housenumber": null, "addr:city": null, "zone": "11", "region": "6", "Perimeter": "28.12825", "name": null, "healthcare": null, "emergency": null, "amenity": null }, "geometry": { "type": "MultiPolygon", "coordinates": [ [ [ [ 51.420621, 35.7199878 ], [ 51.4206876, 35.7199899 ], [ 51.4206902, 35.7199399 ], [ 51.4206913, 35.7199176 ], [ 51.4206246, 35.7199154 ], [ 51.4206223, 35.7199617 ], [ 51.420621, 35.7199878 ] ] ] ] } },
{ "type": "Feature", "properties": { "full_id": "w671614428", "osm_id": "671614428", "osm_type": "way", "building": "yes", "building:flats": null, "nat_name": null, "height": null, "craft": null, "image": null, "email": null, "name:en": null, "building:levels": null, "website": null, "phone": null, "opening_hours": null, "office": null, "description": null, "addr:street": null, "addr:postcode": null, "addr:housenumber": null, "addr:city": null, "zone": "11", "region": "6", "Perimeter": "75.64144", "name": null, "healthcare": null, "emergency": null, "amenity": null }, "geometry": { "type": "MultiPolygon", "coordinates": [ [ [ [ 51.4204438, 35.7168206 ], [ 51.4205417, 35.7168237 ], [ 51.4205868, 35.716825 ], [ 51.4205878, 35.7167911 ], [ 51.4205894, 35.7166953 ], [ 51.4205915, 35.7166878 ], [ 51.4205935, 35.7166 ], [ 51.4204518, 35.7165962 ], [ 51.4204484, 35.7166837 ], [ 51.4204473, 35.7167198 ], [ 51.4204438, 35.7168206 ] ] ] ] } },
{ "type": "Feature", "properties": { "full_id": "w671614431", "osm_id": "671614431", "osm_type": "way", "building": "yes", "building:flats": null, "nat_name": null, "height": null, "craft": null, "image": null, "email": null, "name:en": null, "building:levels": null, "website": null, "phone": null, "opening_hours": null, "office": null, "description": null, "addr:street": null, "addr:postcode": null, "addr:housenumber": null, "addr:city": null, "zone": "11", "region": "6", "Perimeter": "80.06652", "name": null, "healthcare": null, "emergency": null, "amenity": null }, "geometry": { "type": "MultiPolygon", "coordinates": [ [ [ [ 51.4237587, 35.7168148 ], [ 51.4237586, 35.7168178 ], [ 51.4238183, 35.7168187 ], [ 51.4238223, 35.7168137 ], [ 51.4239952, 35.7166016 ], [ 51.4239202, 35.716599 ], [ 51.4238628, 35.7165969 ], [ 51.4238073, 35.716595 ], [ 51.4237811, 35.7165941 ], [ 51.4237645, 35.7165937 ], [ 51.4237622, 35.7166644 ], [ 51.4237618, 35.7166811 ], [ 51.4237587, 35.7168148 ] ] ] ] } },
{ "type": "Feature", "properties": { "full_id": "w671615127", "osm_id": "671615127", "osm_type": "way", "building": "yes", "building:flats": null, "nat_name": null, "height": null, "craft": null, "image": null, "email": null, "name:en": null, "building:levels": null, "website": null, "phone": null, "opening_hours": null, "office": null, "description": null, "addr:street": null, "addr:postcode": null, "addr:housenumber": null, "addr:city": null, "zone": "11", "region": "6", "Perimeter": "91.66997", "name": null, "healthcare": null, "emergency": null, "amenity": null }, "geometry": { "type": "MultiPolygon", "coordinates": [ [ [ [ 51.4211164, 35.7199628 ], [ 51.4212146, 35.7200039 ], [ 51.4212468, 35.7199528 ], [ 51.4212568, 35.7199371 ], [ 51.4212782, 35.7199045 ], [ 51.4212935, 35.7198818 ], [ 51.4213299, 35.7198288 ], [ 51.4213742, 35.7197631 ], [ 51.4213583, 35.7197564 ], [ 51.4212584, 35.7197152 ], [ 51.4211795, 35.7196827 ], [ 51.421166, 35.7197421 ], [ 51.4211593, 35.7197716 ], [ 51.4211349, 35.7198801 ], [ 51.4211294, 35.7199049 ], [ 51.4211164, 35.7199628 ] ] ] ] } },
{ "type": "Feature", "properties": { "full_id": "w671614430", "osm_id": "671614430", "osm_type": "way", "building": "yes", "building:flats": null, "nat_name": null, "height": null, "craft": null, "image": null, "email": null, "name:en": null, "building:levels": null, "website": null, "phone": null, "opening_hours": null, "office": null, "description": null, "addr:street": null, "addr:postcode": null, "addr:housenumber": null, "addr:city": null, "zone": "11", "region": "6", "Perimeter": "76.16728", "name": null, "healthcare": null, "emergency": null, "amenity": null }, "geometry": { "type": "MultiPolygon", "coordinates": [ [ [ [ 51.4206523, 35.716827 ], [ 51.420732, 35.7168291 ], [ 51.4207354, 35.7166975 ], [ 51.4207357, 35.7166878 ], [ 51.4207358, 35.7166813 ], [ 51.4207383, 35.7166043 ], [ 51.4205935, 35.7166 ], [ 51.4205915, 35.7166878 ], [ 51.4205894, 35.7166953 ], [ 51.4205878, 35.7167911 ], [ 51.4205868, 35.716825 ], [ 51.4206523, 35.716827 ] ] ] ] } },
{ "type": "Feature", "properties": { "full_id": "w671615132", "osm_id": "671615132", "osm_type": "way", "building": "yes", "building:flats": null, "nat_name": null, "height": null, "craft": null, "image": null, "email": null, "name:en": null, "building:levels": null, "website": null, "phone": null, "opening_hours": null, "office": null, "description": null, "addr:street": null, "addr:postcode": null, "addr:housenumber": null, "addr:city": null, "zone": "11", "region": "6", "Perimeter": "67.43779", "name": null, "healthcare": null, "emergency": null, "amenity": null }, "geometry": { "type": "MultiPolygon", "coordinates": [ [ [ [ 51.4204622, 35.7200887 ], [ 51.4205882, 35.7200932 ], [ 51.4206158, 35.7200942 ], [ 51.4206171, 35.7200681 ], [ 51.4206185, 35.7200398 ], [ 51.420621, 35.7199878 ], [ 51.4206223, 35.7199617 ], [ 51.4206246, 35.7199154 ], [ 51.4204717, 35.7199101 ], [ 51.4204692, 35.7199571 ], [ 51.4204663, 35.7200119 ], [ 51.4204622, 35.7200887 ] ] ] ] } },
{ "type": "Feature", "properties": { "full_id": "w671614433", "osm_id": "671614433", "osm_type": "way", "building": "yes", "building:flats": null, "nat_name": null, "height": null, "craft": null, "image": null, "email": null, "name:en": null, "building:levels": null, "website": null, "phone": null, "opening_hours": null, "office": null, "description": null, "addr:street": null, "addr:postcode": null, "addr:housenumber": null, "addr:city": null, "zone": "11", "region": "6", "Perimeter": "76.58639", "name": null, "healthcare": null, "emergency": null, "amenity": null }, "geometry": { "type": "MultiPolygon", "coordinates": [ [ [ [ 51.4208723, 35.7168327 ], [ 51.4210207, 35.7168348 ], [ 51.421021, 35.7168176 ], [ 51.4210219, 35.7167763 ], [ 51.4210241, 35.7166839 ], [ 51.4210243, 35.7166779 ], [ 51.4210265, 35.716611 ], [ 51.4209909, 35.7166098 ], [ 51.4209886, 35.7166086 ], [ 51.4208804, 35.7166068 ], [ 51.4208787, 35.7166768 ], [ 51.4208786, 35.7166815 ], [ 51.4208778, 35.7167037 ], [ 51.4208729, 35.7168156 ], [ 51.4208723, 35.7168327 ] ] ] ] } },
{ "type": "Feature", "properties": { "full_id": "w671615131", "osm_id": "671615131", "osm_type": "way", "building": "yes", "building:flats": null, "nat_name": null, "height": null, "craft": null, "image": null, "email": null, "name:en": null, "building:levels": null, "website": null, "phone": null, "opening_hours": null, "office": null, "description": null, "addr:street": null, "addr:postcode": null, "addr:housenumber": null, "addr:city": null, "zone": "11", "region": "6", "Perimeter": "84.30568", "name": null, "healthcare": null, "emergency": null, "amenity": null }, "geometry": { "type": "MultiPolygon", "coordinates": [ [ [ [ 51.4212146, 35.7200039 ], [ 51.4213282, 35.7200523 ], [ 51.4213928, 35.7199555 ], [ 51.4214912, 35.7198121 ], [ 51.4214109, 35.7197786 ], [ 51.4213858, 35.7197681 ], [ 51.4213815, 35.7197662 ], [ 51.4213742, 35.7197631 ], [ 51.4213299, 35.7198288 ], [ 51.4212935, 35.7198818 ], [ 51.4212782, 35.7199045 ], [ 51.4212568, 35.7199371 ], [ 51.4212468, 35.7199528 ], [ 51.4212146, 35.7200039 ] ] ] ] } },
{ "type": "Feature", "properties": { "full_id": "w671614432", "osm_id": "671614432", "osm_type": "way", "building": "yes", "building:flats": null, "nat_name": null, "height": null, "craft": null, "image": null, "email": null, "name:en": null, "building:levels": null, "website": null, "phone": null, "opening_hours": null, "office": null, "description": null, "addr:street": null, "addr:postcode": null, "addr:housenumber": null, "addr:city": null, "zone": "11", "region": "6", "Perimeter": "75.55636", "name": null, "healthcare": null, "emergency": null, "amenity": null }, "geometry": { "type": "MultiPolygon", "coordinates": [ [ [ [ 51.420732, 35.7168291 ], [ 51.4208723, 35.7168327 ], [ 51.4208729, 35.7168156 ], [ 51.4208778, 35.7167037 ], [ 51.4208786, 35.7166815 ], [ 51.4208787, 35.7166768 ], [ 51.4208804, 35.7166068 ], [ 51.4208449, 35.7166062 ], [ 51.4207903, 35.7166054 ], [ 51.4207383, 35.7166043 ], [ 51.4207358, 35.7166813 ], [ 51.4207357, 35.7166878 ], [ 51.4207354, 35.7166975 ], [ 51.420732, 35.7168291 ] ] ] ] } },
{ "type": "Feature", "properties": { "full_id": "w671614435", "osm_id": "671614435", "osm_type": "way", "building": "yes", "building:flats": null, "nat_name": null, "height": null, "craft": null, "image": null, "email": null, "name:en": null, "building:levels": null, "website": null, "phone": null, "opening_hours": null, "office": null, "description": null, "addr:street": null, "addr:postcode": null, "addr:housenumber": null, "addr:city": null, "zone": "11", "region": "6", "Perimeter": "75.44283", "name": null, "healthcare": null, "emergency": null, "amenity": null }, "geometry": { "type": "MultiPolygon", "coordinates": [ [ [ [ 51.4211641, 35.7168377 ], [ 51.4211985, 35.7168387 ], [ 51.4212707, 35.7168409 ], [ 51.4213075, 35.7168417 ], [ 51.4213116, 35.7167049 ], [ 51.4213145, 35.7166177 ], [ 51.4211725, 35.7166145 ], [ 51.4211703, 35.716681 ], [ 51.4211697, 35.7167002 ], [ 51.4211683, 35.7167372 ], [ 51.4211646, 35.7168237 ], [ 51.4211641, 35.7168377 ] ] ] ] } },
{ "type": "Feature", "properties": { "full_id": "w671614434", "osm_id": "671614434", "osm_type": "way", "building": "yes", "building:flats": null, "nat_name": null, "height": null, "craft": null, "image": null, "email": null, "name:en": null, "building:levels": null, "website": null, "phone": null, "opening_hours": null, "office": null, "description": null, "addr:street": null, "addr:postcode": null, "addr:housenumber": null, "addr:city": null, "zone": "11", "region": "6", "Perimeter": "75.79658", "name": null, "healthcare": null, "emergency": null, "amenity": null }, "geometry": { "type": "MultiPolygon", "coordinates": [ [ [ [ 51.4210207, 35.7168348 ], [ 51.4210699, 35.7168358 ], [ 51.4211641, 35.7168377 ], [ 51.4211646, 35.7168237 ], [ 51.4211683, 35.7167372 ], [ 51.4211697, 35.7167002 ], [ 51.4211703, 35.716681 ], [ 51.4211725, 35.7166145 ], [ 51.4210265, 35.716611 ], [ 51.4210243, 35.7166779 ], [ 51.4210241, 35.7166839 ], [ 51.4210219, 35.7167763 ], [ 51.421021, 35.7168176 ], [ 51.4210207, 35.7168348 ] ] ] ] } }
]
}
